symbol,name,theme,benchmark,invest_type,management,list_date,delist_date,list_status,m_fee,c_fee,scale_yi,scale_reliable,n_qualify_years,first_qualify_year,last_qualify_year,peak_year,peak_avg_daily_yi,latest_year,latest_avg_daily_yi,theme_representative
511360.SH,海富通中证短融ETF,中证短融,中证短融指数收益率×100%,被动指数型,海富通基金管理有限公司,20200925,nan,L,0.15,0.05,838.53,Y,6,2021,2026,2026,357.3249,2026,357.3249,Y
511880.SH,银华货币ETF-A,活期存款利率,活期存款利率(税后)×100%,货币型,银华基金管理股份有限公司,20130418,nan,L,0.3,0.09,,N,14,2013,2026,2026,174.1704,2026,174.1704,Y
511990.SH,华宝现金添益货币ETF-A,7天通知存款利率,7天通知存款利率(税后)×100%,货币型,华宝基金管理有限公司,20130128,nan,L,0.35,0.09,,N,14,2013,2026,2015,211.6969,2026,110.821,Y
511380.SH,博时中证可转债及可交换债券ETF,中证可转债及可交换债券,中证可转债及可交换债券指数收益率×100%,被动指数型,博时基金管理有限公司,20200407,nan,L,0.15,0.05,622.12,Y,7,2020,2026,2026,102.4937,2026,102.4937,Y
511100.SH,华夏上证基准做市国债ETF,上证基准做市国债,上证基准做市国债指数收益率×100%,被动指数型,华夏基金管理有限公司,20231225,nan,L,0.15,0.05,121.75,Y,3,2024,2026,2026,98.8689,2026,98.8689,Y
513310.SH,华泰柏瑞中证韩交所中韩半导体ETF(QDII),中证韩交所中韩半导体,中证韩交所中韩半导体指数收益率×100%,被动指数型,华泰柏瑞基金管理有限公司,20221222,nan,L,0.8,0.15,116.76,Y,3,2024,2026,2026,92.4281,2026,92.4281,Y
551550.SH,华夏中证AAA科技创新公司债ETF,中证AAA科技创新公司债,中证AAA科技创新公司债指数收益率×100%,被动指数型,华夏基金管理有限公司,20250717,nan,L,0.15,0.05,181.52,Y,2,2025,2026,2026,81.3925,2026,81.3925,Y
551030.SH,鹏华上证AAA科技创新公司债ETF,上证AAA科技创新公司债,上证AAA科技创新公司债指数收益率×100%,被动指数型,鹏华基金管理有限公司,20250717,nan,L,0.15,0.05,186.9,Y,2,2025,2026,2026,71.5726,2026,71.5726,Y
511070.SH,南方上证基准做市公司债ETF,上证基准做市公司债,上证基准做市公司债指数收益率×100%,被动指数型,南方基金管理股份有限公司,20250122,nan,L,0.15,0.05,300.63,Y,2,2025,2026,2026,70.2475,2026,70.2475,Y
563360.SH,华泰柏瑞中证A500ETF,中证A500,中证A500指数收益率×100%,被动指数型,华泰柏瑞基金管理有限公司,20241015,nan,L,0.15,0.05,409.36,Y,2,2025,2026,2026,63.4755,2026,63.4755,Y
588000.SH,华夏上证科创板50成份ETF,上证科创板50成份,上证科创板50成份指数收益率×100%,被动指数型,华夏基金管理有限公司,20201116,nan,L,0.15,0.05,898.11,Y,6,2021,2026,2026,61.7833,2026,61.7833,Y
510300.SH,华泰柏瑞沪深300ETF,沪深300,沪深300指数×100%,被动指数型,华泰柏瑞基金管理有限公司,20120528,nan,L,0.15,0.05,1101.16,Y,14,2013,2026,2026,59.3494,2026,59.3494,Y
513090.SH,易方达中证香港证券投资主题ETF,中证香港证券投资主题,中证香港证券投资主题指数收益率(使用估值汇率折算)×100%,被动指数型,易方达基金管理有限公司,20200326,nan,L,0.15,0.05,185.43,Y,7,2020,2026,2025,98.4548,2026,57.8456,Y
159915.SZ,易方达创业板ETF,创业板指数P,创业板指数P×100%,被动指数型,易方达基金管理有限公司,20111209,nan,L,0.15,0.05,648.43,Y,14,2013,2026,2026,57.5289,2026,57.5289,Y
518880.SH,华安易富黄金ETF,Au99.99合约,国内黄金现货价格收益率(Au99.99合约)×100%,黄金现货合约,华安基金管理有限公司,20130729,nan,L,0.5,0.1,1065.41,Y,11,2016,2026,2026,56.9987,2026,56.9987,Y
513120.SH,广发中证香港创新药ETF(QDII),中证香港创新药,中证香港创新药指数收益率×100%,被动指数型,广发基金管理有限公司,20220712,nan,L,0.5,0.1,243.38,Y,5,2022,2026,2026,56.8179,2026,56.8179,Y
510500.SH,南方中证500ETF,中证小盘500,中证小盘500指数×100%,被动指数型,南方基金管理股份有限公司,20130315,nan,L,0.15,0.05,430.42,Y,12,2015,2026,2026,48.8835,2026,48.8835,Y
511090.SH,鹏扬中债-30年期国债ETF,中债-30年期国债,中债-30年期国债指数收益率×100%,被动指数型,鹏扬基金管理有限公司,20230613,nan,L,0.15,0.05,331.25,Y,4,2023,2026,2025,83.9953,2026,42.6573,Y
588200.SH,嘉实上证科创板芯片ETF,上证科创板芯片,上证科创板芯片指数收益率×100%,被动指数型,嘉实基金管理有限公司,20221026,nan,L,0.5,0.1,506.54,Y,4,2023,2026,2026,41.8941,2026,41.8941,Y
513130.SH,华泰柏瑞南方东英恒生科技指数ETF(QDII),恒生科技,恒生科技指数收益率(使用估值汇率折算)×100%,被动指数型,华泰柏瑞基金管理有限公司,20210601,nan,L,0.2,0.05,325.06,Y,6,2021,2026,2025,51.1334,2026,41.1639,Y
511260.SH,国泰上证10年期国债ETF,上证10年期国债,上证10年期国债指数×100%,被动指数型,国泰基金管理有限公司,20170824,nan,L,0.15,0.05,229.1,Y,7,2020,2026,2026,40.3975,2026,40.3975,Y
512100.SH,南方中证1000ETF,中证1000,中证1000指数×100%,被动指数型,南方基金管理股份有限公司,20161104,nan,L,0.15,0.05,206.17,Y,6,2021,2026,2026,34.9907,2026,34.9907,Y
588170.SH,华夏上证科创板半导体材料设备主题ETF,上证科创板半导体材料设备主题,上证科创板半导体材料设备主题指数收益率×100%,被动指数型,华夏基金管理有限公司,20250408,nan,L,0.5,0.1,440.13,Y,2,2025,2026,2026,33.3656,2026,33.3656,Y
515880.SH,国泰中证全指通信设备ETF,中证全指通信设备,中证全指通信设备指数收益率×100%,被动指数型,国泰基金管理有限公司,20190906,nan,L,0.5,0.1,421.5,Y,7,2019,2026,2026,32.1968,2026,32.1968,Y
159516.SZ,国泰中证半导体材料设备主题ETF,中证半导体材料设备主题,中证半导体材料设备主题指数收益率×100%,被动指数型,国泰基金管理有限公司,20230727,nan,L,0.5,0.1,447.55,Y,4,2023,2026,2026,31.8839,2026,31.8839,Y
159816.SZ,鹏华中证0-4年期地方政府债ETF,中证0-4年期地方政府债,中证0-4年期地方政府债指数收益率×100%,被动指数型,鹏华基金管理有限公司,20200904,nan,L,0.15,0.05,110.75,Y,3,2024,2026,2026,31.1827,2026,31.1827,Y
511030.SH,平安中债-中高等级公司债利差因子ETF,中债-中高等级公司债利差因子,中债-中高等级公司债利差因子指数收益率×100%,被动指数型,平安基金管理有限公司,20190322,nan,L,0.15,0.05,436.14,Y,5,2022,2026,2026,29.483,2026,29.483,Y
510050.SH,华夏上证50ETF,上海证券交易所50成份,上海证券交易所50成份指数×100%,被动指数型,华夏基金管理有限公司,20050223,nan,L,0.15,0.05,206.6,Y,14,2013,2026,2015,36.262,2026,29.2499,Y
511580.SH,招商中证国债及政策性金融债0-3年ETF,中证国债及政策性金融债0-3年,中证国债及政策性金融债0-3年指数收益率×100%,被动指数型,招商基金管理有限公司,20221214,nan,L,0.15,0.05,76.87,Y,4,2023,2026,2026,28.5574,2026,28.5574,Y
159398.SZ,天弘深证基准做市信用债ETF,深证基准做市信用债,深证基准做市信用债指数收益率×100%,被动指数型,天弘基金管理有限公司,20250206,nan,L,0.15,0.05,90.35,Y,2,2025,2026,2025,26.1189,2026,25.6932,Y
511130.SH,博时上证30年期国债ETF,上证30年期国债,上证30年期国债指数收益率×100%,被动指数型,博时基金管理有限公司,20240328,nan,L,0.15,0.05,209.55,Y,3,2024,2026,2025,29.9843,2026,25.2042,Y
511180.SH,海富通上证投资级可转债及可交换债券ETF,上证投资级可转债及可交换债券,上证投资级可转债及可交换债券指数收益率×100%,被动指数型,海富通基金管理有限公司,20200826,nan,L,0.25,0.05,125.3,Y,5,2022,2026,2026,24.919,2026,24.919,Y
513330.SH,华夏恒生互联网科技业ETF(QDII),恒生互联网科技业,恒生互联网科技业指数收益率(使用估值汇率折算)×100%,被动指数型,华夏基金管理有限公司,20210208,nan,L,0.5,0.15,259.05,Y,6,2021,2026,2025,36.2709,2026,24.0494,Y
159570.SZ,汇添富国证港股通创新药ETF,国证港股通创新药,国证港股通创新药指数收益率(经估值汇率调整后)×100%,被动指数型,汇添富基金管理股份有限公司,20240122,nan,L,0.5,0.1,233.04,Y,2,2025,2026,2026,23.6641,2026,23.6641,Y
513050.SH,易方达中证海外中国互联网50ETF(QDII),中证海外中国互联网50,中证海外中国互联网50指数(人民币)×100%,被动指数型,易方达基金管理有限公司,20170118,nan,L,0.6,0.2,370.24,Y,7,2020,2026,2025,27.182,2026,23.586,Y
159792.SZ,富国中证港股通互联网ETF,中证港股通互联网,中证港股通互联网指数收益率×100%,被动指数型,富国基金管理有限公司,20210928,nan,L,0.15,0.05,373.54,Y,5,2022,2026,2025,25.0561,2026,23.1887,Y
512880.SH,国泰中证全指证券公司ETF,中证全指证券公司,中证全指证券公司指数×100%,被动指数型,国泰基金管理有限公司,20160808,nan,L,0.5,0.1,626.69,Y,9,2018,2026,2025,22.3655,2026,22.1258,Y
511520.SH,富国中债7-10年政策性金融债ETF,中债7-10年政策性金融债,中债7-10年政策性金融债指数×100%,被动指数型,富国基金管理有限公司,20221025,nan,L,0.15,0.05,453.65,Y,4,2023,2026,2024,67.5209,2026,19.6038,Y
159949.SZ,华安创业板50ETF,创业板50,创业板50指数×100%,被动指数型,华安基金管理有限公司,20160722,nan,L,0.5,0.1,249.45,Y,9,2018,2026,2026,19.4048,2026,19.4048,Y
511270.SH,海富通上证10年期地方政府债ETF,上证10年期地方政府债,上证10年期地方政府债指数收益率×100%,被动指数型,海富通基金管理有限公司,20181122,nan,L,0.15,0.05,108.7,Y,5,2022,2026,2026,17.189,2026,17.189,Y
512480.SH,国联安中证全指半导体产品与设备ETF,中证全指半导体产品与设备,中证全指半导体产品与设备指数收益率×100%,被动指数型,国联安基金管理有限公司,20190612,nan,L,0.5,0.1,202.27,Y,7,2020,2026,2026,16.758,2026,16.758,Y
159972.SZ,鹏华中证5年期地方政府债ETF,中证5年期地方政府债,中证5年期地方政府债指数收益率×100%,被动指数型,鹏华基金管理有限公司,20191108,nan,L,0.15,0.05,79.75,Y,3,2024,2026,2026,15.1979,2026,15.1979,Y
159518.SZ,嘉实标普石油天然气勘探及生产精选行业ETF(QDII),经估值汇率调整后的标普石油天然气勘探及生产精选行业,经估值汇率调整后的标普石油天然气勘探及生产精选行业指数收益率×100%,被动指数型,嘉实基金管理有限公司,20231115,nan,L,0.5,0.1,21.0,Y,2,2025,2026,2026,14.9361,2026,14.9361,Y
512400.SH,南方中证申万有色金属ETF,中证申万有色金属,中证申万有色金属指数×100%,被动指数型,南方基金管理股份有限公司,20170901,nan,L,0.5,0.1,276.41,Y,7,2020,2026,2026,14.8232,2026,14.8232,Y
159206.SZ,永赢国证商用卫星通信产业ETF,国证商用卫星通信产业,国证商用卫星通信产业指数收益率×100%,被动指数型,永赢基金管理有限公司,20250314,nan,L,0.5,0.1,132.58,Y,2,2025,2026,2026,13.9532,2026,13.9532,Y
511220.SH,海富通上证城投债ETF,上证城投债,上证城投债指数收益率×100%,被动指数型,海富通基金管理有限公司,20190424,nan,L,0.15,0.05,552.75,Y,5,2022,2026,2026,13.7223,2026,13.7223,Y
513350.SH,富国标普石油天然气勘探及生产精选行业ETF(QDII),标普石油天然气勘探及生产精选行业,标普石油天然气勘探及生产精选行业指数收益率(经汇率调整后)×100%,被动指数型,富国基金管理有限公司,20231128,nan,L,0.5,0.1,11.37,Y,2,2025,2026,2026,13.5406,2026,13.5406,Y
159326.SZ,华夏中证电网设备主题ETF,中证电网设备主题,中证电网设备主题指数收益率×100%,被动指数型,华夏基金管理有限公司,20240909,nan,L,0.5,0.1,199.29,Y,2,2025,2026,2026,13.1372,2026,13.1372,Y
511010.SH,国泰上证5年期国债ETF,上证5年期国债,上证5年期国债指数×100%,被动指数型,国泰基金管理有限公司,20130325,nan,L,0.15,0.05,70.2,Y,14,2013,2026,2026,12.3139,2026,12.3139,Y
159941.SZ,广发纳斯达克100ETF(QDII),纳斯达克100,纳斯达克100指数×100%,被动指数型,广发基金管理有限公司,20150713,nan,L,0.8,0.2,372.58,Y,6,2020,2026,2026,12.1773,2026,12.1773,Y
159981.SZ,建信易盛郑商所能源化工期货ETF,易盛郑商所能源化工指数A,易盛郑商所能源化工指数A收益率×100%,能源化工期货型,建信基金管理有限责任公司,20200117,nan,L,0.5,0.1,30.1,Y,2,2025,2026,2026,11.9548,2026,11.9548,Y
520500.SH,华泰柏瑞恒生创新药ETF(QDII),恒生创新药,恒生创新药指数收益率×100%,被动指数型,华泰柏瑞基金管理有限公司,20241227,nan,L,0.5,0.1,26.63,Y,2,2025,2026,2026,11.8579,2026,11.8579,Y
511060.SH,海富通上证5年期地方政府债ETF,上证5年期地方政府债,上证5年期地方政府债指数收益率×100%,被动指数型,海富通基金管理有限公司,20191212,nan,L,0.15,0.05,23.3,Y,5,2022,2026,2026,11.8055,2026,11.8055,Y
159400.SZ,景顺长城深证AAA科技创新公司债ETF,深证AAA科技创新公司债,深证AAA科技创新公司债指数收益率×100%,被动指数型,景顺长城基金管理有限公司,20250717,nan,L,0.15,0.05,72.14,Y,2,2025,2026,2026,11.3607,2026,11.3607,Y
159363.SZ,华宝创业板人工智能ETF,创业板人工智能,创业板人工智能指数收益率×100%,被动指数型,华宝基金管理有限公司,20241216,nan,L,0.5,0.1,70.03,Y,2,2025,2026,2026,11.2541,2026,11.2541,Y
159131.SZ,华宝中证港股通信息技术综合ETF,经人民币汇率调整的中证港股通信息技术综合,经人民币汇率调整的中证港股通信息技术综合指数收益率×100%,被动指数型,华宝基金管理有限公司,20251113,nan,L,0.5,0.1,22.47,Y,1,2026,2026,2026,11.1753,2026,11.1753,Y
513750.SH,广发中证港股通非银行金融主题ETF,中证港股通非银行金融主题,中证港股通非银行金融主题指数收益率×100%,被动指数型,广发基金管理有限公司,20231127,nan,L,0.5,0.1,125.85,Y,3,2024,2026,2026,11.0355,2026,11.0355,Y
159995.SZ,华夏国证半导体芯片ETF,国证半导体芯片,国证半导体芯片指数收益率×100%,被动指数型,华夏基金管理有限公司,20200210,nan,L,0.5,0.1,282.32,Y,7,2020,2026,2020,16.1756,2026,10.921,Y
159870.SZ,鹏华中证细分化工产业主题ETF,中证细分化工产业主题,中证细分化工产业主题指数收益率×100%,被动指数型,鹏华基金管理有限公司,20210303,nan,L,0.5,0.1,139.41,Y,5,2021,2026,2026,10.1196,2026,10.1196,Y
515050.SH,华夏中证5G通信主题ETF,中证5G通信主题,中证5G通信主题指数收益率×100%,被动指数型,华夏基金管理有限公司,20191016,nan,L,0.5,0.1,180.53,Y,7,2020,2026,2020,11.2014,2026,9.4856,Y
562500.SH,华夏中证机器人ETF,中证机器人,中证机器人指数收益率×100%,被动指数型,华夏基金管理有限公司,20211229,nan,L,0.5,0.1,179.6,Y,3,2024,2026,2025,11.3516,2026,9.4427,Y
511020.SH,平安中证5-10年期国债活跃券ETF,中证5-10年期国债活跃券,中证5-10年期国债活跃券指数收益率×100%,被动指数型,平安基金管理有限公司,20190222,nan,L,0.15,0.05,45.2,Y,5,2022,2026,2026,9.3541,2026,9.3541,Y
515220.SH,国泰中证煤炭ETF,中证煤炭,中证煤炭指数收益率×100%,被动指数型,国泰基金管理有限公司,20200302,nan,L,0.5,0.1,144.36,Y,7,2020,2026,2026,9.1402,2026,9.1402,Y
512800.SH,华宝中证银行ETF,中证银行,中证银行指数×100%,被动指数型,华宝基金管理有限公司,20170803,nan,L,0.5,0.1,99.29,Y,8,2019,2026,2026,8.6429,2026,8.6429,Y
159892.SZ,华夏恒生生物科技ETF(QDII),恒生生物科技,恒生生物科技指数收益率(使用估值汇率折算)×100%,被动指数型,华夏基金管理有限公司,20211019,nan,L,0.5,0.15,42.99,Y,5,2022,2026,2025,9.8866,2026,8.59,Y
159530.SZ,易方达国证机器人产业ETF,国证机器人产业,国证机器人产业指数收益率×100%,被动指数型,易方达基金管理有限公司,20240118,nan,L,0.5,0.1,171.05,Y,2,2025,2026,2026,8.5746,2026,8.5746,Y
511660.SH,建信现金添益货币ETF-H,七天通知存款利率,七天通知存款利率×100%,货币型,建信基金管理有限责任公司,20160921,nan,L,0.25,0.08,,N,11,2016,2026,2021,17.6064,2026,8.3306,Y
159992.SZ,银华中证创新药产业ETF,中证创新药产业,中证创新药产业指数收益率×100%,被动指数型,银华基金管理股份有限公司,20200410,nan,L,0.5,0.05,163.03,Y,7,2020,2026,2026,8.2954,2026,8.2954,Y
512890.SH,华泰柏瑞中证红利低波动ETF,中证红利低波动,中证红利低波动指数收益率×100%,被动指数型,华泰柏瑞基金管理有限公司,20190118,nan,L,0.5,0.1,331.14,Y,4,2023,2026,2026,8.1533,2026,8.1533,Y
510210.SH,富国上证综指ETF,上海证券交易所综合,上海证券交易所综合指数×100%,被动指数型,富国基金管理有限公司,20110325,nan,L,0.5,0.1,148.7,Y,5,2022,2026,2026,7.7834,2026,7.7834,Y
159316.SZ,易方达恒生港股通创新药ETF,恒生港股通创新药,恒生港股通创新药指数收益率(使用估值汇率折算)×100%,被动指数型,易方达基金管理有限公司,20250326,nan,L,0.15,0.05,61.63,Y,2,2025,2026,2026,7.7579,2026,7.7579,Y
159509.SZ,景顺长城纳斯达克科技市值加权ETF(QDII),纳斯达克科技市值加权,纳斯达克科技市值加权指数收益率(使用估值汇率调整)×100%,被动指数型,景顺长城基金管理有限公司,20230808,nan,L,0.8,0.2,186.6,Y,4,2023,2026,2024,12.231,2026,7.5739,Y
512690.SH,鹏华中证酒ETF,中证酒,中证酒指数收益率×100%,被动指数型,鹏华基金管理有限公司,20190506,nan,L,0.5,0.1,133.87,Y,7,2020,2026,2025,8.7205,2026,7.5506,Y
517520.SH,永赢中证沪深港黄金产业股票ETF,中证沪深港黄金产业股票,中证沪深港黄金产业股票指数收益率×100%,被动指数型,永赢基金管理有限公司,20231101,nan,L,0.5,0.1,140.53,Y,3,2024,2026,2026,7.0961,2026,7.0961,Y
513060.SH,博时恒生医疗保健ETF(QDII),恒生医疗保健,恒生医疗保健指数×100%,被动指数型,博时基金管理有限公司,20210329,nan,L,0.5,0.15,49.28,Y,6,2021,2026,2025,16.5686,2026,7.046,Y
159967.SZ,华夏创业板动量成长ETF,创业板动量成长,创业板动量成长指数收益率×100%,被动指数型,华夏基金管理有限公司,20190715,nan,L,0.5,0.1,57.93,Y,6,2021,2026,2026,6.9727,2026,6.9727,Y
518850.SH,华夏黄金ETF,上海黄金交易所黄金现货实盘合约Au99.99价格,上海黄金交易所黄金现货实盘合约Au99.99价格收益率×100%,黄金现货合约,华夏基金管理有限公司,20200605,nan,L,0.15,0.05,173.61,Y,2,2025,2026,2026,6.8975,2026,6.8975,Y
159819.SZ,易方达中证人工智能主题ETF,中证人工智能主题,中证人工智能主题指数收益率×100%,被动指数型,易方达基金管理有限公司,20200923,nan,L,0.15,0.05,215.26,Y,6,2020,2026,2025,7.883,2026,6.8042,Y
159980.SZ,大成有色金属期货ETF,上海期货交易所有色金属期货价格,上海期货交易所有色金属期货价格指数收益率×100%,有色金属期货型,大成基金管理有限公司,20191224,nan,L,0.6,0.1,63.55,Y,5,2022,2026,2026,6.7678,2026,6.7678,Y
512170.SH,华宝中证医疗ETF,中证医疗,中证医疗指数收益率×100%,被动指数型,华宝基金管理有限公司,20190617,nan,L,0.5,0.1,243.06,Y,7,2020,2026,2026,6.3844,2026,6.3844,Y
510880.SH,华泰柏瑞上证红利ETF,上海证券交易所上证红利,上海证券交易所上证红利指数×100%,被动指数型,华泰柏瑞基金管理有限公司,20070118,nan,L,0.5,0.1,200.52,Y,8,2015,2026,2026,6.3256,2026,6.3256,Y
159755.SZ,广发国证新能源车电池ETF,国证新能源车电池,国证新能源车电池指数收益率×100%,被动指数型,广发基金管理有限公司,20210624,nan,L,0.5,0.1,74.6,Y,6,2021,2026,2026,6.2292,2026,6.2292,Y
159869.SZ,华夏中证动漫游戏ETF,中证动漫游戏,中证动漫游戏指数收益率×100%,被动指数型,华夏基金管理有限公司,20210305,nan,L,0.5,0.1,88.88,Y,5,2022,2026,2026,6.2017,2026,6.2017,Y
159636.SZ,工银瑞信国证港股通科技ETF,经汇率调整后的国证港股通科技,经汇率调整后的国证港股通科技指数收益率×100%,被动指数型,工银瑞信基金管理有限公司,20220720,nan,L,0.45,0.07,114.12,Y,5,2022,2026,2025,7.6608,2026,6.1378,Y
159852.SZ,嘉实中证软件服务ETF,中证软件服务,中证软件服务指数收益率×100%,被动指数型,嘉实基金管理有限公司,20210209,nan,L,0.5,0.1,97.34,Y,4,2023,2026,2026,6.1224,2026,6.1224,Y
563300.SH,华泰柏瑞中证2000ETF,中证2000,中证2000指数收益率×100%,被动指数型,华泰柏瑞基金管理有限公司,20230914,nan,L,0.5,0.1,72.23,Y,4,2023,2026,2026,6.0523,2026,6.0523,Y
588220.SH,鹏华上证科创板100ETF,上证科创板100,上证科创板100指数收益率×100%,被动指数型,鹏华基金管理有限公司,20230915,nan,L,0.15,0.05,65.9,Y,4,2023,2026,2023,6.6417,2026,5.893,Y
159952.SZ,广发创业板ETF,创业板,创业板指数×100%,被动指数型,广发基金管理有限公司,20170519,nan,L,0.15,0.05,114.07,Y,8,2019,2026,2026,5.8777,2026,5.8777,Y
513980.SH,景顺长城中证港股通科技ETF,中证港股通科技,中证港股通科技指数收益率(使用估值汇率折算)×100%,被动指数型,景顺长城基金管理有限公司,20210702,nan,L,0.5,0.1,101.78,Y,5,2022,2026,2025,10.0983,2026,5.8359,Y
512070.SH,易方达沪深300非银行金融ETF,沪深300非银行金融,沪深300非银行金融指数×100%,被动指数型,易方达基金管理有限公司,20140718,nan,L,0.5,0.1,133.17,Y,8,2014,2026,2026,5.6998,2026,5.6998,Y
159611.SZ,广发中证全指电力公用事业ETF,中证全指电力公用事业,中证全指电力公用事业指数×100%,被动指数型,广发基金管理有限公司,20220107,nan,L,0.5,0.1,98.1,Y,5,2022,2026,2026,5.3621,2026,5.3621,Y
512010.SH,易方达沪深300医药卫生ETF,沪深300医药卫生,沪深300医药卫生指数×100%,被动指数型,易方达基金管理有限公司,20131028,nan,L,0.5,0.1,151.69,Y,7,2020,2026,2023,5.9778,2026,5.315,Y
159262.SZ,广发恒生港股通科技主题ETF,恒生港股通科技主题,恒生港股通科技主题指数×100%,被动指数型,广发基金管理有限公司,20250707,nan,L,0.5,0.1,47.62,Y,2,2025,2026,2026,5.3127,2026,5.3127,Y
560860.SH,万家中证工业有色金属主题ETF,中证工业有色金属主题,中证工业有色金属主题指数收益率×100%,被动指数型,万家基金管理有限公司,20230313,nan,L,0.5,0.1,88.0,Y,2,2025,2026,2026,5.2135,2026,5.2135,Y
159985.SZ,华夏饲料豆粕期货ETF,大连商品交易所豆粕期货价格,大连商品交易所豆粕期货价格指数收益率×100%,豆粕期货型,华夏基金管理有限公司,20191205,nan,L,0.5,0.1,35.99,Y,4,2023,2026,2026,5.1637,2026,5.1637,Y
159201.SZ,华夏国证自由现金流ETF,国证自由现金流,国证自由现金流指数收益率×100%,被动指数型,华夏基金管理有限公司,20250227,nan,L,0.15,0.05,164.39,Y,2,2025,2026,2026,5.0958,2026,5.0958,Y
563230.SH,富国中证卫星产业ETF,中证卫星产业,中证卫星产业指数收益率×100%,被动指数型,富国基金管理有限公司,20250917,nan,L,0.5,0.1,37.01,Y,2,2025,2026,2026,4.9714,2026,4.9714,Y
512760.SH,国泰CES半导体芯片行业ETF,中华交易服务半导体芯片行业,中华交易服务半导体芯片行业指数收益率×100%,被动指数型,国泰基金管理有限公司,20190612,nan,L,0.5,0.1,106.9,Y,8,2019,2026,2020,10.6089,2026,4.9542,Y
159649.SZ,华安中债1-5年国开行债券ETF,中债-1-5年国开行债券,中债-1-5年国开行债券指数×100%,被动指数型,华安基金管理有限公司,20221024,nan,L,0.15,0.05,42.69,Y,4,2023,2026,2023,19.7559,2026,4.9261,Y
159506.SZ,富国恒生港股通创新药及医疗保健ETF,恒生港股通创新药及医疗保健,恒生港股通创新药及医疗保健指数收益率(使用估值汇率折算)×100%,被动指数型,富国基金管理有限公司,20230703,nan,L,0.5,0.1,33.39,Y,4,2023,2026,2025,5.3495,2026,4.8546,Y
512710.SH,富国中证军工龙头ETF,中证军工龙头,中证军工龙头指数收益率×100%,被动指数型,富国基金管理有限公司,20190826,nan,L,0.5,0.1,73.41,Y,8,2019,2026,2025,6.3833,2026,4.812,Y
512980.SH,广发中证传媒ETF,中证传媒,中证传媒指数×100%,被动指数型,广发基金管理有限公司,20180119,nan,L,0.5,0.1,42.49,Y,6,2021,2026,2026,4.7999,2026,4.7999,Y
515790.SH,华泰柏瑞中证光伏产业ETF,中证光伏产业,中证光伏产业指数收益率×100%,被动指数型,华泰柏瑞基金管理有限公司,20201218,nan,L,0.5,0.1,50.04,Y,6,2021,2026,2021,7.8494,2026,4.6563,Y
589720.SH,国泰上证科创板创新药ETF,上证科创板创新药,上证科创板创新药指数收益率×100%,被动指数型,国泰基金管理有限公司,20250801,nan,L,0.5,0.1,43.72,Y,2,2025,2026,2026,4.5761,2026,4.5761,Y
159781.SZ,易方达中证科创创业50ETF,中证科创创业50,中证科创创业50指数收益率×100%,被动指数型,易方达基金管理有限公司,20210705,nan,L,0.15,0.05,171.82,Y,6,2021,2026,2021,8.0401,2026,4.4659,Y
159566.SZ,易方达国证储能电池ETF,国证储能电池,国证储能电池指数收益率×100%,被动指数型,易方达基金管理有限公司,20240208,nan,L,0.5,0.1,49.44,Y,2,2025,2026,2026,4.4535,2026,4.4535,Y
159920.SZ,华夏恒生ETF(QDII),香港恒生,香港恒生指数×100%,被动指数型,华夏基金管理有限公司,20121022,nan,L,0.6,0.15,86.46,Y,11,2015,2026,2020,11.867,2026,4.4464,Y
513300.SH,华夏纳斯达克100ETF(QDII),经估值汇率调整后的纳斯达克100,经估值汇率调整后的纳斯达克100指数收益率×100%,被动指数型,华夏基金管理有限公司,20201105,nan,L,0.6,0.2,143.68,Y,5,2022,2026,2025,5.5928,2026,4.3952,Y
512660.SH,国泰中证军工ETF,中证军工,中证军工指数×100%,被动指数型,国泰基金管理有限公司,20160808,nan,L,0.5,0.1,71.28,Y,8,2019,2026,2021,9.2608,2026,4.3736,Y
159583.SZ,富国中证通信设备主题ETF,中证通信设备主题,中证通信设备主题指数收益率×100%,被动指数型,富国基金管理有限公司,20240708,nan,L,0.5,0.1,40.95,Y,2,2025,2026,2026,4.3611,2026,4.3611,Y
520880.SH,华宝恒生港股通创新药精选ETF,人民币汇率调整的恒生港股通创新药精选,人民币汇率调整的恒生港股通创新药精选指数收益率×100%,被动指数型,华宝基金管理有限公司,20250707,nan,L,0.5,0.1,20.09,Y,2,2025,2026,2026,4.2916,2026,4.2916,Y
513780.SH,景顺长城中证港股通创新药ETF,中证港股通创新药,中证港股通创新药指数收益率(使用估值汇率调整)×100%,被动指数型,景顺长城基金管理有限公司,20241025,nan,L,0.5,0.1,31.72,Y,2,2025,2026,2026,4.2466,2026,4.2466,Y
513190.SH,华夏中证港股通内地金融ETF,经估值汇率调整后的中证港股通内地金融,经估值汇率调整后的中证港股通内地金融指数收益率×100%,被动指数型,华夏基金管理有限公司,20231011,nan,L,0.5,0.1,18.39,Y,2,2025,2026,2026,4.2455,2026,4.2455,Y
510100.SH,易方达上证50ETF,上证50,上证50指数收益率×100%,被动指数型,易方达基金管理有限公司,20191009,nan,L,0.15,0.05,28.54,Y,4,2023,2026,2026,4.2035,2026,4.2035,Y
562800.SH,嘉实中证稀有金属主题ETF,中证稀有金属主题,中证稀有金属主题指数收益率×100%,被动指数型,嘉实基金管理有限公司,20210927,nan,L,0.5,0.1,54.71,Y,4,2022,2026,2026,4.177,2026,4.177,Y
159928.SZ,汇添富中证主要消费ETF,中证主要消费,中证主要消费指数×100%,被动指数型,汇添富基金管理股份有限公司,20130916,nan,L,0.5,0.1,153.53,Y,7,2020,2026,2025,4.7395,2026,4.1545,Y
513160.SH,银华恒生港股通中国科技ETF,恒生港股通中国科技,恒生港股通中国科技指数收益率(经估值汇率调整)×100%,被动指数型,银华基金管理股份有限公司,20220209,nan,L,0.5,0.1,30.84,Y,2,2025,2026,2025,6.0452,2026,4.0493,Y
515980.SH,华富中证人工智能产业ETF,中证人工智能产业,中证人工智能产业指数收益率×100%,被动指数型,华富基金管理有限公司,20200210,nan,L,0.5,0.1,64.67,Y,3,2024,2026,2026,3.9234,2026,3.9234,Y
513520.SH,华夏野村日经225ETF(QDII),日经225,日经225指数收益率×100%,被动指数型,华夏基金管理有限公司,20190625,nan,L,0.2,0.05,24.49,Y,3,2024,2026,2024,4.7527,2026,3.8815,Y
526000.SH,华夏中证港股通信息技术综合ETF,中证港股通信息技术综合,中证港股通信息技术综合指数(港元)收益率×100%,被动指数型,华夏基金管理有限公司,20260410,nan,L,0.5,0.1,2.15,Y,1,2026,2026,2026,3.8304,2026,3.8304,Y
513630.SH,摩根标普港股通低波红利ETF,标普港股通低波红利,标普港股通低波红利指数×100%,被动指数型,摩根基金管理(中国)有限公司,20231208,nan,L,0.5,0.1,119.34,Y,3,2024,2026,2026,3.8263,2026,3.8263,Y
561980.SH,招商中证半导体产业ETF,中证半导体产业,中证半导体产业指数收益率×100%,被动指数型,招商基金管理有限公司,20230901,nan,L,0.5,0.1,58.68,Y,2,2025,2026,2026,3.7224,2026,3.7224,Y
159259.SZ,易方达国证成长100ETF,国证成长100,国证成长100指数收益率×100%,被动指数型,易方达基金管理有限公司,20250828,nan,L,0.5,0.1,65.31,Y,2,2025,2026,2026,3.6517,2026,3.6517,Y
518600.SH,广发上海金ETF,合约代码:SHAU)的午盘基准价格,上海黄金交易所上海金集中定价合约(合约代码:SHAU)的午盘基准价格收益率×100%,黄金现货合约,广发基金管理有限公司,20200805,nan,L,0.5,0.1,77.29,Y,2,2025,2026,2026,3.6346,2026,3.6346,Y
588790.SH,博时上证科创板人工智能ETF,上证科创板人工智能,上证科创板人工智能指数收益率×100%,被动指数型,博时基金管理有限公司,20250109,nan,L,0.5,0.1,26.65,Y,2,2025,2026,2025,3.7326,2026,3.6133,Y
159227.SZ,华夏国证航天航空行业ETF,国证航天航空行业,国证航天航空行业指数收益率×100%,被动指数型,华夏基金管理有限公司,20250516,nan,L,0.5,0.1,47.92,Y,2,2025,2026,2026,3.5954,2026,3.5954,Y
159851.SZ,华宝中证金融科技主题ETF,中证金融科技主题,中证金融科技主题指数收益率×100%,被动指数型,华宝基金管理有限公司,20210319,nan,L,0.5,0.1,64.44,Y,3,2024,2026,2025,6.6919,2026,3.5807,Y
516650.SH,华夏中证细分有色金属产业主题ETF,中证细分有色金属产业主题,中证细分有色金属产业主题指数收益率×100%,被动指数型,华夏基金管理有限公司,20210621,nan,L,0.5,0.1,99.68,Y,2,2025,2026,2026,3.5619,2026,3.5619,Y
515180.SH,易方达中证红利ETF,中证红利,中证红利指数收益率×100%,被动指数型,易方达基金管理有限公司,20191220,nan,L,0.15,0.05,189.21,Y,3,2024,2026,2026,3.4978,2026,3.4978,Y
513260.SH,汇添富恒生科技ETF(QDII),经人民币汇率调整的恒生科技,经人民币汇率调整的恒生科技指数收益率×100%,被动指数型,汇添富基金管理股份有限公司,20220913,nan,L,0.15,0.05,53.08,Y,3,2024,2026,2025,6.384,2026,3.4722,Y
159732.SZ,华夏国证消费电子主题ETF,国证消费电子主题,国证消费电子主题指数收益率×100%,被动指数型,华夏基金管理有限公司,20210823,nan,L,0.5,0.1,32.81,Y,3,2024,2026,2026,3.4631,2026,3.4631,Y
513500.SH,博时标普500ETF(QDII),标普500,标普500指数×100%,被动指数型,博时基金管理有限公司,20140115,nan,L,0.6,0.2,276.99,Y,8,2015,2026,2025,3.7896,2026,3.4383,Y
518660.SH,工银瑞信黄金ETF,上海黄金交易所Au99.99现货实盘合约收盘价,上海黄金交易所Au99.99现货实盘合约收盘价收益率×100%,黄金现货合约,工银瑞信基金管理有限公司,20200529,nan,L,0.15,0.05,87.83,Y,2,2025,2026,2026,3.3744,2026,3.3744,Y
159687.SZ,南方基金南方东英富时亚太精选ETF(QDII),经估值汇率调整的富时亚太精选,经估值汇率调整的富时亚太精选指数(FTSEAsiaPacificSelectIndex)收益率×100%,被动指数型,南方基金管理股份有限公司,20221230,nan,L,0.2,0.05,30.12,Y,3,2024,2026,2026,3.3516,2026,3.3516,Y
159901.SZ,易方达深证100ETF,深证100,深证100指数(价格)×100%,被动指数型,易方达基金管理有限公司,20060424,nan,L,0.15,0.05,35.05,Y,12,2013,2026,2015,9.2073,2026,3.3194,Y
159605.SZ,广发中证海外中国互联网30ETF(QDII),中证海外中国互联网30,中证海外中国互联网30指数(同期人民币计价)×100%,被动指数型,广发基金管理有限公司,20211202,nan,L,0.5,0.1,32.52,Y,5,2022,2026,2023,12.2134,2026,3.2899,Y
159796.SZ,汇添富中证电池主题ETF,中证电池主题,中证电池主题指数收益率×100%,被动指数型,汇添富基金管理股份有限公司,20220314,nan,L,0.15,0.05,51.67,Y,2,2025,2026,2026,3.2517,2026,3.2517,Y
159101.SZ,华夏国证港股通科技ETF,经估值汇率调整后的国证港股通科技,经估值汇率调整后的国证港股通科技指数收益率×100%,被动指数型,华夏基金管理有限公司,20250903,nan,L,0.5,0.1,21.27,Y,2,2025,2026,2025,3.1771,2026,3.1704,Y
561360.SH,国泰中证油气产业ETF,中证油气产业,中证油气产业指数收益率×100%,被动指数型,国泰基金管理有限公司,20231031,nan,L,0.5,0.1,20.39,Y,1,2026,2026,2026,3.1452,2026,3.1452,Y
516150.SH,嘉实中证稀土产业ETF,中证稀土产业,中证稀土产业指数收益率×100%,被动指数型,嘉实基金管理有限公司,20210317,nan,L,0.5,0.1,67.5,Y,5,2021,2026,2026,3.0918,2026,3.0918,Y
518680.SH,富国上海金ETF,上海黄金交易所上海金集中定价合约,上海黄金交易所上海金集中定价合约(合约代码:SHAU)午盘基准价格收益率×100%,黄金现货合约,富国基金管理有限公司,20200728,nan,L,0.15,0.05,73.88,Y,2,2025,2026,2026,3.067,2026,3.067,Y
513380.SH,广发恒生科技ETF(QDII),同期恒生科技,同期恒生科技指数收益率(人民币计价)×100%,被动指数型,广发基金管理有限公司,20220512,nan,L,0.5,0.1,93.89,Y,4,2023,2026,2025,4.9121,2026,3.0634,Y
159387.SZ,国泰创业板新能源ETF,创业板新能源,创业板新能源指数收益率×100%,被动指数型,国泰基金管理有限公司,20250610,nan,L,0.5,0.1,10.55,Y,1,2026,2026,2026,2.785,2026,2.785,Y
515230.SH,国泰中证全指软件ETF,中证全指软件,中证全指软件指数收益率×100%,被动指数型,国泰基金管理有限公司,20210302,nan,L,0.5,0.1,56.59,Y,4,2023,2026,2026,2.7076,2026,2.7076,Y
159502.SZ,嘉实标普生物科技精选行业ETF(QDII),标普生物科技精选行业,标普生物科技精选行业指数收益率(经估值汇率调整)×100%,被动指数型,嘉实基金管理有限公司,20240110,nan,L,0.5,0.1,18.23,Y,3,2024,2026,2026,2.6329,2026,2.6329,Y
159691.SZ,工银瑞信中证港股通高股息精选ETF,经汇率调整后的中证港股通高股息精选,经汇率调整后的中证港股通高股息精选指数收益率×100%,被动指数型,工银瑞信基金管理有限公司,20230421,nan,L,0.45,0.07,45.86,Y,3,2024,2026,2026,2.6156,2026,2.6156,Y
159766.SZ,富国中证旅游主题ETF,中证旅游主题,中证旅游主题指数收益率×100%,被动指数型,富国基金管理有限公司,20210723,nan,L,0.5,0.1,31.35,Y,5,2022,2026,2026,2.5527,2026,2.5527,Y
159650.SZ,博时中债0-3年国开行债券ETF,中债-0-3年国开行债券,中债-0-3年国开行债券指数收益率×100%,被动指数型,博时基金管理有限公司,20221028,nan,L,0.15,0.05,52.93,Y,4,2023,2026,2023,16.4239,2026,2.5369,Y
516160.SH,南方中证新能源ETF,中证新能源,中证新能源指数收益率×100%,被动指数型,南方基金管理股份有限公司,20210204,nan,L,0.15,0.05,37.14,Y,6,2021,2026,2026,2.5185,2026,2.5185,Y
159100.SZ,华夏布拉德斯科巴西伊博维斯帕ETF(QDII),经估值汇率调整后的巴西伊博维斯帕,经估值汇率调整后的巴西伊博维斯帕指数收益率×100%,被动指数型,华夏基金管理有限公司,20251113,nan,L,0.5,0.1,5.15,Y,1,2026,2026,2026,2.458,2026,2.458,Y
513910.SH,华夏中证港股通央企红利ETF,经估值汇率调整后的中证港股通央企红利,经估值汇率调整后的中证港股通央企红利指数收益率×100%,被动指数型,华夏基金管理有限公司,20240304,nan,L,0.5,0.1,31.17,Y,2,2025,2026,2026,2.3427,2026,2.3427,Y
510760.SH,国泰上证综合ETF,上证综合,上证综合指数收益率×100%,被动指数型,国泰基金管理有限公司,20200909,nan,L,0.15,0.05,41.82,Y,3,2024,2026,2026,2.2652,2026,2.2652,Y
513400.SH,鹏华道琼斯工业平均ETF(QDII),道琼斯工业平均,道琼斯工业平均指数收益率(经汇率调整后)×100%,被动指数型,鹏华基金管理有限公司,20240202,nan,L,0.5,0.15,36.88,Y,3,2024,2026,2026,2.2259,2026,2.2259,Y
515030.SH,华夏中证新能源汽车ETF,中证新能源汽车,中证新能源汽车指数收益率×100%,被动指数型,华夏基金管理有限公司,20200304,nan,L,0.5,0.1,24.07,Y,7,2020,2026,2021,4.9553,2026,2.2122,Y
588780.SH,国联安上证科创板芯片设计主题ETF,上证科创板芯片设计主题,上证科创板芯片设计主题指数收益率×100%,被动指数型,国联安基金管理有限公司,20241226,nan,L,0.5,0.1,10.3,Y,2,2025,2026,2026,2.1809,2026,2.1809,Y
159263.SZ,易方达国证价值100ETF,国证价值100,国证价值100指数收益率×100%,被动指数型,易方达基金管理有限公司,20250708,nan,L,0.15,0.05,71.0,Y,1,2026,2026,2026,2.1612,2026,2.1612,Y
511160.SH,东财中证1-3年国债ETF,中证1-3年国债,中证1-3年国债指数收益率×100%,被动指数型,东财基金管理有限公司,20250106,nan,L,0.15,0.05,22.39,Y,2,2025,2026,2025,4.34,2026,2.1044,Y
159865.SZ,国泰中证畜牧养殖ETF,中证畜牧养殖,中证畜牧养殖指数收益率×100%,被动指数型,国泰基金管理有限公司,20210308,nan,L,0.5,0.1,67.47,Y,6,2021,2026,2026,2.1041,2026,2.1041,Y
513690.SH,博时恒生港股通红利ETF,恒生港股通红利,恒生港股通红利指数(港元)收益率(经估值汇率调整后)×100%,被动指数型,博时基金管理有限公司,20210520,nan,L,0.5,0.1,36.41,Y,3,2024,2026,2026,2.0932,2026,2.0932,Y
513920.SH,华安恒生港股通中国央企红利ETF,恒生港股通中国央企红利,恒生港股通中国央企红利指数收益率(经汇率调整)×100%,被动指数型,华安基金管理有限公司,20240105,nan,L,0.5,0.1,41.05,Y,3,2024,2026,2026,2.0882,2026,2.0882,Y
159667.SZ,国泰中证机床ETF,中证机床,中证机床指数收益率×100%,被动指数型,国泰基金管理有限公司,20221026,nan,L,0.5,0.1,24.71,Y,2,2025,2026,2026,2.0487,2026,2.0487,Y
513530.SH,华泰柏瑞中证港股通高股息投资ETF(QDII),中证港股通高股息投资,中证港股通高股息投资指数收益率×100%,被动指数型,华泰柏瑞基金管理有限公司,20220425,nan,L,0.5,0.1,45.69,Y,3,2024,2026,2026,2.0293,2026,2.0293,Y
159399.SZ,国泰富时中国A股自由现金流聚焦ETF,富时中国A股自由现金流聚焦,富时中国A股自由现金流聚焦指数(FTSEChinaAFreeCashFlowFocusIndex)收益率×100%,被动指数型,国泰基金管理有限公司,20250227,nan,L,0.15,0.05,44.9,Y,2,2025,2026,2025,2.7959,2026,1.9939,Y
159232.SZ,南方中证全指自由现金流ETF,中证全指自由现金流,中证全指自由现金流指数收益率×100%,被动指数型,南方基金管理股份有限公司,20250430,nan,L,0.15,0.05,25.91,Y,2,2025,2026,2026,1.982,2026,1.982,Y
515450.SH,南方标普中国A股大盘红利低波50ETF,标普中国A股大盘红利低波50,标普中国A股大盘红利低波50指数×100%,被动指数型,南方基金管理股份有限公司,20200226,nan,L,0.5,0.1,200.61,Y,2,2025,2026,2026,1.979,2026,1.979,Y
520600.SH,广发中证港股通汽车产业主题ETF,中证港股通汽车产业主题,中证港股通汽车产业主题指数收益率(使用估值汇率折算)×100%,被动指数型,广发基金管理有限公司,20241230,nan,L,0.5,0.1,2.38,Y,2,2025,2026,2025,3.5316,2026,1.9612,Y
561380.SH,国泰恒生A股电网设备ETF,恒生A股电网设备,恒生A股电网设备指数收益率×100%,被动指数型,国泰基金管理有限公司,20241223,nan,L,0.5,0.1,46.52,Y,1,2026,2026,2026,1.9563,2026,1.9563,Y
510900.SH,易方达恒生中国企业ETF(QDII),恒生中国企业,恒生中国企业指数×100%,被动指数型,易方达基金管理有限公司,20121022,nan,L,0.6,0.15,33.72,Y,12,2015,2026,2020,15.9439,2026,1.9499,Y
520990.SH,景顺长城中证国新港股通央企红利ETF,中证国新港股通央企红利,中证国新港股通央企红利指数收益率(使用估值汇率折算)×100%,被动指数型,景顺长城基金管理有限公司,20240710,nan,L,0.5,0.1,34.93,Y,3,2024,2026,2026,1.9062,2026,1.9062,Y
512200.SH,南方中证全指房地产ETF,中证全指房地产,中证全指房地产指数×100%,被动指数型,南方基金管理股份有限公司,20170925,nan,L,0.5,0.1,37.33,Y,7,2020,2026,2024,2.83,2026,1.8931,Y
516510.SH,易方达中证云计算与大数据主题ETF,中证云计算与大数据主题,中证云计算与大数据主题指数收益率×100%,被动指数型,易方达基金管理有限公司,20210407,nan,L,0.15,0.05,26.12,Y,4,2023,2026,2025,2.1201,2026,1.8554,Y
520870.SH,易方达伊塔乌巴西IBOVESPAETF(QDII),巴西IBOVESPA,巴西IBOVESPA指数收益率(使用估值汇率折算)×100%,被动指数型,易方达基金管理有限公司,20251113,nan,L,0.5,0.1,5.55,Y,1,2026,2026,2026,1.8267,2026,1.8267,Y
588020.SH,易方达上证科创板成长ETF,上证科创板成长,上证科创板成长指数收益率×100%,被动指数型,易方达基金管理有限公司,20230831,nan,L,0.5,0.1,18.83,Y,2,2025,2026,2026,1.8118,2026,1.8118,Y
560280.SH,广发中证工程机械主题ETF,中证工程机械主题,中证工程机械主题指数收益率×100%,被动指数型,广发基金管理有限公司,20231030,nan,L,0.5,0.1,22.61,Y,1,2026,2026,2026,1.8107,2026,1.8107,Y
513200.SH,易方达中证港股通医药卫生综合ETF,中证港股通医药卫生综合,中证港股通医药卫生综合指数收益率(使用估值汇率折算)×100%,被动指数型,易方达基金管理有限公司,20220211,nan,L,0.15,0.05,9.54,Y,4,2023,2026,2025,2.8428,2026,1.7884,Y
513290.SH,汇添富纳斯达克生物科技ETF(QDII),经人民币汇率调整的纳斯达克生物科技,经人民币汇率调整的纳斯达克生物科技指数收益率×100%,被动指数型,汇添富基金管理股份有限公司,20220829,nan,L,0.5,0.15,18.49,Y,3,2024,2026,2026,1.721,2026,1.721,Y
159599.SZ,东财中证芯片产业ETF,中证芯片产业,中证芯片产业指数收益率×100%,被动指数型,东财基金管理有限公司,20240508,nan,L,0.5,0.05,20.13,Y,1,2026,2026,2026,1.7096,2026,1.7096,Y
515000.SH,华宝中证科技龙头ETF,中证科技龙头,中证科技龙头指数收益率×100%,被动指数型,华宝基金管理有限公司,20190816,nan,L,0.5,0.1,40.79,Y,8,2019,2026,2020,5.1569,2026,1.6688,Y
159697.SZ,鹏华国证石油天然气ETF,国证石油天然气,国证石油天然气指数收益率×100%,被动指数型,鹏华基金管理有限公司,20230504,nan,L,0.5,0.1,13.81,Y,1,2026,2026,2026,1.6196,2026,1.6196,Y
588230.SH,华泰柏瑞上证科创板200ETF,上证科创板200,上证科创板200指数收益率×100%,被动指数型,华泰柏瑞基金管理有限公司,20241224,nan,L,0.15,0.05,14.12,Y,2,2025,2026,2026,1.6011,2026,1.6011,Y
159859.SZ,天弘国证生物医药ETF,国证生物医药,国证生物医药指数×100%,被动指数型,天弘基金管理有限公司,20210707,nan,L,0.5,0.1,40.12,Y,4,2023,2026,2026,1.5904,2026,1.5904,Y
520510.SH,华夏中证港股通医疗主题ETF,中证港股通医疗主题,中证港股通医疗主题指数收益率×100%,被动指数型,华夏基金管理有限公司,20250807,nan,L,0.5,0.1,2.28,Y,2,2025,2026,2026,1.59,2026,1.59,Y
512040.SH,富国中证价值ETF,中证国信价值,中证国信价值指数收益率×100%,被动指数型,富国基金管理有限公司,20181129,nan,L,0.6,0.1,54.24,Y,2,2024,2026,2026,1.5602,2026,1.5602,Y
510720.SH,国泰上证国有企业红利ETF,上证国有企业红利,上证国有企业红利指数收益率×100%,被动指数型,国泰基金管理有限公司,20240515,nan,L,0.5,0.1,18.21,Y,2,2025,2026,2026,1.5513,2026,1.5513,Y
589680.SH,鹏华上证科创板综合ETF,上证科创板综合,上证科创板综合指数收益率×100%,被动指数型,鹏华基金管理有限公司,20250305,nan,L,0.15,0.05,21.12,Y,2,2025,2026,2026,1.482,2026,1.482,Y
159545.SZ,易方达恒生港股通红利低波动ETF,恒生港股通红利低波动,恒生港股通红利低波动指数收益率(使用估值汇率折算)×100%,被动指数型,易方达基金管理有限公司,20240415,nan,L,0.15,0.05,70.15,Y,2,2025,2026,2026,1.4238,2026,1.4238,Y
159883.SZ,永赢中证全指医疗器械ETF,中证全指医疗器械,中证全指医疗器械指数收益率×100%,被动指数型,永赢基金管理有限公司,20210430,nan,L,0.5,0.1,39.98,Y,4,2022,2026,2026,1.4154,2026,1.4154,Y
515100.SH,景顺长城中证红利低波动100ETF,中证红利低波动100,中证红利低波动100指数收益率×100%,被动指数型,景顺长城基金管理有限公司,20200703,nan,L,0.5,0.1,52.76,Y,4,2023,2026,2026,1.4144,2026,1.4144,Y
588830.SH,鹏华上证科创板新能源ETF,上证科创板新能源,上证科创板新能源指数收益率×100%,被动指数型,鹏华基金管理有限公司,20240809,nan,L,0.5,0.1,7.49,Y,2,2025,2026,2026,1.4082,2026,1.4082,Y
159930.SZ,汇添富中证能源ETF,中证能源,中证能源指数×100%,被动指数型,汇添富基金管理股份有限公司,20130916,nan,L,0.5,0.1,9.93,Y,1,2026,2026,2026,1.3623,2026,1.3623,Y
159595.SZ,大成中证A50ETF,中证A50,中证A50指数收益率×100%,被动指数型,大成基金管理有限公司,20240318,nan,L,0.15,0.05,12.58,Y,3,2024,2026,2024,3.0428,2026,1.3309,Y
512670.SH,鹏华中证国防ETF,中证国防,中证国防指数收益率×100%,被动指数型,鹏华基金管理有限公司,20190801,nan,L,0.3,0.1,17.12,Y,6,2021,2026,2025,2.5733,2026,1.3193,Y
515400.SH,富国中证大数据产业ETF,中证大数据产业,中证大数据产业指数收益率×100%,被动指数型,富国基金管理有限公司,20210120,nan,L,0.5,0.1,14.2,Y,4,2023,2026,2025,1.3865,2026,1.3168,Y
159998.SZ,天弘中证计算机主题ETF,中证计算机主题,中证计算机主题指数收益率×100%,被动指数型,天弘基金管理有限公司,20200413,nan,L,0.5,0.1,15.85,Y,3,2023,2026,2026,1.2956,2026,1.2956,Y
515300.SH,嘉实沪深300红利低波动ETF,沪深300红利低波动,沪深300红利低波动指数收益率×100%,被动指数型,嘉实基金管理有限公司,20190919,nan,L,0.5,0.1,43.85,Y,2,2025,2026,2026,1.2886,2026,1.2886,Y
515210.SH,国泰中证钢铁ETF,中证钢铁,中证钢铁指数收益率×100%,被动指数型,国泰基金管理有限公司,20200302,nan,L,0.5,0.1,12.14,Y,6,2021,2026,2025,1.4088,2026,1.276,Y
159615.SZ,南方恒生生物科技ETF(QDII),经估值汇率调整后的恒生生物科技,经估值汇率调整后的恒生生物科技指数收益率×100%,被动指数型,南方基金管理股份有限公司,20220628,nan,L,0.5,0.15,3.82,Y,5,2022,2026,2025,1.5476,2026,1.2699,Y
513030.SH,华安国际龙头(DAX)ETF(QDII),德国法兰克福DAX,德国法兰克福DAX指数×100%,被动指数型,华安基金管理有限公司,20140905,nan,L,0.8,0.2,19.47,Y,3,2024,2026,2025,6.308,2026,1.2661,Y
159660.SZ,汇添富纳斯达克100ETF(QDII),经人民币汇率调整的纳斯达克100,经人民币汇率调整的纳斯达克100指数收益率×100%,被动指数型,汇添富基金管理股份有限公司,20230417,nan,L,0.5,0.15,53.59,Y,3,2024,2026,2025,1.3435,2026,1.2482,Y
159325.SZ,南方中证半导体行业精选ETF,中证半导体行业精选,中证半导体行业精选指数收益率×100%,被动指数型,南方基金管理股份有限公司,20241108,nan,L,0.15,0.05,11.18,Y,1,2026,2026,2026,1.2463,2026,1.2463,Y
159561.SZ,嘉实德国DAXETF(QDII),经估值汇率调整后的德国DAX,经估值汇率调整后的德国DAX指数收益率×100%,被动指数型,嘉实基金管理有限公司,20240430,nan,L,0.5,0.1,18.34,Y,2,2025,2026,2025,4.0468,2026,1.2371,Y
562550.SH,华夏中证绿色电力ETF,中证绿色电力,中证绿色电力指数收益率×100%,被动指数型,华夏基金管理有限公司,20230327,nan,L,0.5,0.1,17.18,Y,1,2026,2026,2026,1.2283,2026,1.2283,Y
159825.SZ,富国中证农业主题ETF,中证农业主题,中证农业主题指数收益率×100%,被动指数型,富国基金管理有限公司,20201229,nan,L,0.5,0.1,18.59,Y,6,2021,2026,2022,1.3071,2026,1.2237,Y
515800.SH,汇添富中证800ETF,中证800,中证800指数收益率×100%,被动指数型,汇添富基金管理股份有限公司,20191216,nan,L,0.15,0.05,51.07,Y,5,2020,2026,2024,1.3027,2026,1.2132,Y
159834.SZ,南方上海金ETF,上海金集中定价合约的午盘基准价格,上海金集中定价合约的午盘基准价格收益率×100%,黄金现货合约,南方基金管理股份有限公司,20220316,nan,L,0.15,0.05,22.08,Y,2,2025,2026,2026,1.2077,2026,1.2077,Y
513070.SH,易方达中证港股通消费主题ETF,中证港股通消费主题,中证港股通消费主题指数收益率(使用估值汇率折算)×100%,被动指数型,易方达基金管理有限公司,20220324,nan,L,0.15,0.05,14.56,Y,1,2026,2026,2026,1.2076,2026,1.2076,Y
159887.SZ,富国中证800银行ETF,中证800银行,中证800银行指数收益率×100%,被动指数型,富国基金管理有限公司,20210520,nan,L,0.5,0.1,7.82,Y,3,2023,2026,2025,1.5447,2026,1.1946,Y
512290.SH,国泰中证生物医药ETF,中证生物医药,中证生物医药指数收益率×100%,被动指数型,国泰基金管理有限公司,20190520,nan,L,0.5,0.1,32.6,Y,7,2020,2026,2020,2.136,2026,1.1926,Y
512090.SH,易方达MSCI中国A股国际通ETF,MSCI中国A股国际通,MSCI中国A股国际通指数(MSCIChinaAInclusionRMBIndex)收益率×100%,被动指数型,易方达基金管理有限公司,20180601,nan,L,0.15,0.05,6.67,Y,4,2018,2026,2026,1.19,2026,1.19,Y
159993.SZ,鹏华国证证券龙头ETF,国证证券龙头,国证证券龙头指数收益率×100%,被动指数型,鹏华基金管理有限公司,20200207,nan,L,0.5,0.1,38.69,Y,6,2020,2026,2025,1.1839,2026,1.1576,Y
159529.SZ,景顺长城标普消费精选ETF(QDII),标普500消费精选,标普500消费精选指数收益率×100%,被动指数型,景顺长城基金管理有限公司,20240202,nan,L,0.5,0.2,10.54,Y,3,2024,2026,2025,8.8275,2026,1.1575,Y
159731.SZ,华夏中证石化产业ETF,中证石化产业,中证石化产业指数收益率×100%,被动指数型,华夏基金管理有限公司,20211210,nan,L,0.15,0.05,7.23,Y,1,2026,2026,2026,1.1326,2026,1.1326,Y
159309.SZ,汇添富中证油气资源ETF,中证油气资源,中证油气资源指数收益率×100%,被动指数型,汇添富基金管理股份有限公司,20240618,nan,L,0.5,0.1,7.63,Y,1,2026,2026,2026,1.1218,2026,1.1218,Y
560710.SH,富国中证智选船舶产业ETF,中证智选船舶产业,中证智选船舶产业指数收益率×100%,被动指数型,富国基金管理有限公司,20260206,nan,L,0.5,0.1,15.67,Y,1,2026,2026,2026,1.1208,2026,1.1208,Y
515170.SH,华夏中证细分食品饮料产业主题ETF,中证细分食品饮料产业主题,中证细分食品饮料产业主题指数收益率×100%,被动指数型,华夏基金管理有限公司,20210113,nan,L,0.5,0.1,39.93,Y,6,2021,2026,2021,1.8643,2026,1.0776,Y
562950.SH,易方达中证消费电子主题ETF,中证消费电子主题,中证消费电子主题指数收益率×100%,被动指数型,易方达基金管理有限公司,20220120,nan,L,0.15,0.05,16.38,Y,1,2026,2026,2026,1.074,2026,1.074,Y
159655.SZ,华夏标普500ETF(QDII),经估值汇率调整后的标普500,经估值汇率调整后的标普500指数收益率×100%,被动指数型,华夏基金管理有限公司,20221025,nan,L,0.6,0.15,44.14,Y,2,2025,2026,2025,2.5951,2026,1.069,Y
159256.SZ,华夏创业板软件ETF,创业板软件,创业板软件指数收益率×100%,被动指数型,华夏基金管理有限公司,20250804,nan,L,0.5,0.1,4.93,Y,1,2026,2026,2026,1.0492,2026,1.0492,Y
510180.SH,华安上证180ETF,上海证券交易所180成份,上海证券交易所180成份指数×100%,被动指数型,华安基金管理有限公司,20060518,nan,L,0.15,0.05,176.32,Y,11,2013,2026,2015,11.7707,2026,1.0399,Y
561330.SH,国泰中证有色金属矿业主题ETF,中证有色金属矿业主题,中证有色金属矿业主题指数收益率×100%,被动指数型,国泰基金管理有限公司,20221101,nan,L,0.5,0.1,17.93,Y,1,2026,2026,2026,1.0397,2026,1.0397,Y
159209.SZ,招商中证全指红利质量ETF,中证全指红利质量,中证全指红利质量指数收益率×100%,被动指数型,招商基金管理有限公司,20250325,nan,L,0.15,0.05,25.63,Y,1,2026,2026,2026,1.0313,2026,1.0313,Y
588010.SH,博时上证科创板新材料ETF,上证科创板新材料,上证科创板新材料指数收益率×100%,被动指数型,博时基金管理有限公司,20221026,nan,L,0.5,0.1,9.85,Y,1,2026,2026,2026,1.0297,2026,1.0297,Y
159876.SZ,华宝中证有色金属ETF,中证有色金属,中证有色金属指数收益率×100%,被动指数型,华宝基金管理有限公司,20210324,nan,L,0.5,0.1,17.36,Y,1,2026,2026,2026,0.9987,2026,0.9987,Y
159141.SZ,永赢中证科创创业人工智能ETF,中证科创创业人工智能,中证科创创业人工智能指数收益率×100%,被动指数型,永赢基金管理有限公司,20251211,nan,L,0.5,0.1,15.78,Y,1,2026,2026,2026,0.9903,2026,0.9903,Y
513280.SH,汇添富恒生生物科技ETF(QDII),经人民币汇率调整的恒生生物科技,经人民币汇率调整的恒生生物科技指数收益率×100%,被动指数型,汇添富基金管理股份有限公司,20220718,nan,L,0.15,0.05,4.09,Y,2,2025,2026,2025,0.9868,2026,0.9845,Y
513800.SH,南方顶峰TOPIXETF(QDII),经估值汇率调整的东证,经估值汇率调整的东证指数收益率×100%,被动指数型,南方基金管理股份有限公司,20190625,nan,L,0.2,0.05,19.62,Y,2,2025,2026,2026,0.9779,2026,0.9779,Y
520690.SH,博时恒生港股通创新药精选ETF,恒生港股通创新药精选,恒生港股通创新药精选指数收益率(经估值汇率调整后)×100%,被动指数型,博时基金管理有限公司,20250801,nan,L,0.5,0.1,4.61,Y,2,2025,2026,2026,0.9742,2026,0.9742,Y
159625.SZ,嘉实国证绿色电力ETF,国证绿色电力,国证绿色电力指数收益率×100%,被动指数型,嘉实基金管理有限公司,20220429,nan,L,0.5,0.1,24.1,Y,2,2022,2026,2026,0.9714,2026,0.9714,Y
520900.SH,广发中证国新港股通央企红利ETF,中证国新港股通央企红利指数同期,中证国新港股通央企红利指数同期收益率(使用估值汇率折算)×100%,被动指数型,广发基金管理有限公司,20240710,nan,L,0.15,0.05,15.56,Y,3,2024,2026,2026,0.9678,2026,0.9678,Y
159745.SZ,国泰中证全指建筑材料ETF,中证全指建筑材料,中证全指建筑材料指数收益率×100%,被动指数型,国泰基金管理有限公司,20210618,nan,L,0.5,0.1,7.55,Y,4,2022,2026,2026,0.9423,2026,0.9423,Y
513850.SH,易方达MSCI美国50ETF(QDII),MSCI美国50,MSCI美国50指数收益率(使用估值汇率折算)×100%,被动指数型,易方达基金管理有限公司,20231117,nan,L,0.5,0.1,22.85,Y,3,2024,2026,2024,2.0345,2026,0.9367,Y
159758.SZ,华夏中证红利质量ETF,中证红利质量,中证红利质量指数收益率×100%,被动指数型,华夏基金管理有限公司,20211228,nan,L,0.15,0.05,15.34,Y,1,2026,2026,2026,0.9278,2026,0.9278,Y
159622.SZ,东财中证沪港深创新药产业ETF,中证沪港深创新药产业,中证沪港深创新药产业指数收益率×100%,被动指数型,东财基金管理有限公司,20230509,nan,L,0.5,0.05,13.26,Y,1,2026,2026,2026,0.9259,2026,0.9259,Y
513080.SH,华安法国CAC40ETF(QDII),法国CAC40,法国CAC40指数收益率(经汇率调整后)×100%,被动指数型,华安基金管理有限公司,20200612,nan,L,0.5,0.15,11.79,Y,2,2025,2026,2025,4.8746,2026,0.9224,Y
513970.SH,景顺长城恒生消费ETF(QDII),恒生消费,恒生消费指数收益率(使用估值汇率折算)×100%,被动指数型,景顺长城基金管理有限公司,20230421,nan,L,0.5,0.15,11.43,Y,2,2025,2026,2025,1.467,2026,0.9078,Y
159929.SZ,汇添富中证医药卫生ETF,中证医药卫生,中证医药卫生指数×100%,被动指数型,汇添富基金管理股份有限公司,20130916,nan,L,0.5,0.1,21.8,Y,4,2023,2026,2026,0.8899,2026,0.8899,Y
520830.SH,华泰柏瑞南方东英沙特阿拉伯ETF(QDII),富时沙特阿拉伯,富时沙特阿拉伯指数收益率(使用估值汇率折算)×100%,被动指数型,华泰柏瑞基金管理有限公司,20240716,nan,L,0.5,0.1,9.87,Y,3,2024,2026,2025,4.2347,2026,0.863,Y
159831.SZ,嘉实上海金ETF,上海黄金交易所上海金集中定价合约的午盘基准价格,上海黄金交易所上海金集中定价合约的午盘基准价格收益率×100%,黄金现货合约,嘉实基金管理有限公司,20220407,nan,L,0.5,0.1,21.9,Y,1,2026,2026,2026,0.8498,2026,0.8498,Y
159830.SZ,天弘上海金ETF,上海黄金交易所上海金集中定价合约午盘基准价,上海黄金交易所上海金集中定价合约午盘基准价×100%,黄金现货合约,天弘基金管理有限公司,20210719,nan,L,0.25,0.05,33.27,Y,1,2026,2026,2026,0.8437,2026,0.8437,Y
159692.SZ,东财中证证券公司30ETF,中证证券公司30,中证证券公司30指数收益率×100%,被动指数型,东财基金管理有限公司,20230523,nan,L,0.5,0.05,18.45,Y,1,2026,2026,2026,0.8407,2026,0.8407,Y
563380.SH,华泰柏瑞中证全指航空航天ETF,中证全指航空航天,中证全指航空航天指数收益率×100%,被动指数型,华泰柏瑞基金管理有限公司,20251107,nan,L,0.5,0.1,8.37,Y,1,2026,2026,2026,0.8373,2026,0.8373,Y
159207.SZ,广发中证智选高股息策略ETF,中证智选高股息策略,中证智选高股息策略指数收益率×100%,被动指数型,广发基金管理有限公司,20250409,nan,L,0.15,0.05,25.51,Y,1,2026,2026,2026,0.835,2026,0.835,Y
159128.SZ,天弘国证港股通科技ETF,国证港股通科技,国证港股通科技指数收益率(经估值汇率调整)×100%,被动指数型,天弘基金管理有限公司,20251113,nan,L,0.5,0.1,13.73,Y,1,2026,2026,2026,0.8342,2026,0.8342,Y
560050.SH,汇添富MSCI中国A50互联互通ETF,MSCI中国A50互联互通人民币,MSCI中国A50互联互通人民币指数收益率×100%,被动指数型,汇添富基金管理股份有限公司,20211108,nan,L,0.5,0.1,23.92,Y,5,2022,2026,2022,6.542,2026,0.8317,Y
510230.SH,国泰上证180金融ETF,上证180金融股,上证180金融股指数×100%,被动指数型,国泰基金管理有限公司,20110523,nan,L,0.5,0.1,8.99,Y,8,2014,2026,2015,4.9995,2026,0.829,Y
513550.SH,华泰柏瑞中证港股通50ETF,中证港股通50,中证港股通50指数收益率(使用估值汇率折算)×100%,被动指数型,华泰柏瑞基金管理有限公司,20210113,nan,L,0.5,0.1,18.98,Y,6,2021,2026,2021,2.4535,2026,0.8281,Y
159997.SZ,天弘中证电子ETF,中证电子,中证电子指数收益率×100%,被动指数型,天弘基金管理有限公司,20200320,nan,L,0.5,0.1,14.98,Y,4,2020,2026,2026,0.8255,2026,0.8255,Y
159750.SZ,招商中证香港科技ETF(QDII),中证香港科技,中证香港科技指数收益率(经汇率调整后)×100%,被动指数型,招商基金管理有限公司,20220214,nan,L,0.5,0.15,10.8,Y,2,2025,2026,2025,1.2315,2026,0.8207,Y
159698.SZ,鹏华国证粮食产业ETF,国证粮食产业,国证粮食产业指数收益率×100%,被动指数型,鹏华基金管理有限公司,20230818,nan,L,0.5,0.1,15.35,Y,1,2026,2026,2026,0.8092,2026,0.8092,Y
561580.SH,华泰柏瑞中证中央企业红利ETF,中证中央企业红利,中证中央企业红利指数收益率×100%,被动指数型,华泰柏瑞基金管理有限公司,20230530,nan,L,0.5,0.1,24.62,Y,2,2023,2026,2026,0.8075,2026,0.8075,Y
159628.SZ,万家国证2000ETF,国证2000,国证2000指数收益率×100%,被动指数型,万家基金管理有限公司,20220718,nan,L,0.5,0.1,4.57,Y,4,2023,2026,2024,1.2693,2026,0.7763,Y
513360.SH,博时中证全球中国教育主题ETF(QDII),中证全球中国教育主题,中证全球中国教育主题指数×100%,被动指数型,博时基金管理有限公司,20210617,nan,L,0.5,0.15,2.94,Y,5,2022,2026,2025,2.5555,2026,0.7563,Y
515650.SH,富国中证消费50ETF,中证消费50,中证消费50指数收益率×100%,被动指数型,富国基金管理有限公司,20191111,nan,L,0.5,0.1,32.74,Y,6,2021,2026,2026,0.7538,2026,0.7538,Y
159638.SZ,嘉实中证智选航空航天科技ETF,中证智选航空航天科技,中证智选航空航天科技指数收益率×100%,被动指数型,嘉实基金管理有限公司,20220812,nan,L,0.5,0.1,12.33,Y,4,2022,2026,2022,1.3753,2026,0.744,Y
516520.SH,华泰柏瑞中证智能汽车主题ETF,中证智能汽车主题,中证智能汽车主题指数收益率×100%,被动指数型,华泰柏瑞基金管理有限公司,20210301,nan,L,0.5,0.1,8.45,Y,1,2026,2026,2026,0.7248,2026,0.7248,Y
159569.SZ,景顺长城国证港股通红利低波动率ETF,国证港股通红利低波动率,国证港股通红利低波动率指数收益率(使用估值汇率折算)×100%,被动指数型,景顺长城基金管理有限公司,20240822,nan,L,0.5,0.08,5.12,Y,1,2026,2026,2026,0.7222,2026,0.7222,Y
159707.SZ,华宝中证800地产ETF,中证800地产,中证800地产指数收益率×100%,被动指数型,华宝基金管理有限公司,20211112,nan,L,0.5,0.1,5.46,Y,1,2026,2026,2026,0.695,2026,0.695,Y
159577.SZ,汇添富MSCI美国50ETF(QDII),经人民币汇率调整的MSCI美国50,经人民币汇率调整的MSCI美国50指数收益率×100%,被动指数型,汇添富基金管理股份有限公司,20240223,nan,L,0.5,0.15,13.36,Y,3,2024,2026,2025,0.734,2026,0.6919,Y
515700.SH,平安中证新能源汽车产业ETF,中证新能源汽车产业,中证新能源汽车产业指数收益率×100%,被动指数型,平安基金管理有限公司,20200210,nan,L,0.15,0.05,14.7,Y,7,2020,2026,2021,3.4438,2026,0.6907,Y
159996.SZ,国泰中证全指家用电器ETF,中证全指家用电器,中证全指家用电器指数收益率×100%,被动指数型,国泰基金管理有限公司,20200316,nan,L,0.5,0.1,6.9,Y,6,2021,2026,2023,1.0959,2026,0.6876,Y
159880.SZ,鹏华国证有色金属行业ETF,国证有色金属行业,国证有色金属行业指数收益率×100%,被动指数型,鹏华基金管理有限公司,20210325,nan,L,0.5,0.1,12.65,Y,1,2026,2026,2026,0.6736,2026,0.6736,Y
560080.SH,汇添富中证中药ETF,中证中药,中证中药指数收益率×100%,被动指数型,汇添富基金管理股份有限公司,20221017,nan,L,0.5,0.1,21.63,Y,4,2023,2026,2025,0.7018,2026,0.6539,Y
561550.SH,华泰柏瑞中证500增强策略ETF,中证500,中证500指数收益率×100%,增强指数型,华泰柏瑞基金管理有限公司,20211210,nan,L,0.7,0.1,18.71,Y,2,2022,2026,2022,1.8099,2026,0.6359,Y
562060.SH,华宝标普中国A股红利机会ETF,标普中国A股红利机会,标普中国A股红利机会指数收益率×100%,被动指数型,华宝基金管理有限公司,20231228,nan,L,0.5,0.1,31.18,Y,2,2024,2026,2026,0.6262,2026,0.6262,Y
513140.SH,华泰柏瑞中证港股通金融服务ETF(QDII),中证港股通金融服务,中证港股通金融服务指数收益率(使用估值汇率折算)×100%,被动指数型,华泰柏瑞基金管理有限公司,20230112,nan,L,0.5,0.1,1.36,Y,1,2026,2026,2026,0.6088,2026,0.6088,Y
517380.SH,天弘恒生沪深港创新药精选50ETF,恒生沪深港创新药精选50,恒生沪深港创新药精选50指数收益率×100%,被动指数型,天弘基金管理有限公司,20210809,nan,L,0.5,0.1,25.79,Y,1,2026,2026,2026,0.6015,2026,0.6015,Y
159350.SZ,富国深证50ETF,深证50,深证50指数收益率×100%,被动指数型,富国基金管理有限公司,20231211,nan,L,0.5,0.1,2.07,Y,2,2024,2026,2024,0.6721,2026,0.5703,Y
515260.SH,华宝中证电子50ETF,中证电子50,中证电子50指数收益率×100%,被动指数型,华宝基金管理有限公司,20200731,nan,L,0.5,0.1,7.69,Y,2,2020,2026,2020,1.3302,2026,0.5701,Y
516970.SH,广发中证基建工程ETF,中证基建工程,中证基建工程指数收益率×100%,被动指数型,广发基金管理有限公司,20210705,nan,L,0.5,0.1,13.17,Y,6,2021,2026,2022,2.2181,2026,0.5687,Y
159938.SZ,广发中证全指医药卫生ETF,中证全指医药卫生,中证全指医药卫生指数×100%,被动指数型,广发基金管理有限公司,20150108,nan,L,0.5,0.1,46.53,Y,3,2023,2026,2023,0.684,2026,0.5653,Y
159695.SZ,嘉实国证通信ETF,国证通信,国证通信指数收益率×100%,被动指数型,嘉实基金管理有限公司,20230510,nan,L,0.5,0.1,8.25,Y,1,2026,2026,2026,0.5648,2026,0.5648,Y
159137.SZ,华宝中证港股通医疗主题ETF,经人民币汇率调整的中证港股通医疗主题,经人民币汇率调整的中证港股通医疗主题指数收益率×100%,被动指数型,华宝基金管理有限公司,20260112,nan,L,0.5,0.1,1.57,Y,1,2026,2026,2026,0.5503,2026,0.5503,Y
513220.SH,招商中证全球中国互联网ETF(QDII),中证全球中国互联网,中证全球中国互联网指数(人民币)收益率×100%,被动指数型,招商基金管理有限公司,20220715,nan,L,0.5,0.15,4.92,Y,3,2024,2026,2025,1.015,2026,0.5464,Y
515630.SH,鹏华中证800证券保险ETF,中证800证券保险,中证800证券保险指数收益率×100%,被动指数型,鹏华基金管理有限公司,20200403,nan,L,0.5,0.1,11.87,Y,1,2026,2026,2026,0.5411,2026,0.5411,Y
518860.SH,建信上海金ETF,合约代码:SHAU)的午盘基准价的,上海黄金交易所上海金集中定价合约(合约代码:SHAU)的午盘基准价的收益率×100%,黄金现货合约,建信基金管理有限责任公司,20200907,nan,L,0.5,0.1,42.58,Y,1,2026,2026,2026,0.5266,2026,0.5266,Y
159546.SZ,国泰中证全指集成电路ETF,中证全指集成电路,中证全指集成电路指数收益率×100%,被动指数型,国泰基金管理有限公司,20231020,nan,L,0.5,0.1,5.85,Y,1,2026,2026,2026,0.526,2026,0.526,Y
159281.SZ,天弘中证港股通央企红利ETF,中证港股通央企红利,中证港股通央企红利指数收益率(经估值汇率调整)×100%,被动指数型,天弘基金管理有限公司,20250902,nan,L,0.5,0.1,2.39,Y,1,2026,2026,2026,0.5185,2026,0.5185,Y
159807.SZ,易方达中证科技50ETF,中证科技50,中证科技50指数收益率×100%,被动指数型,易方达基金管理有限公司,20200330,nan,L,0.15,0.05,8.45,Y,3,2020,2026,2020,0.6565,2026,0.5128,Y
159903.SZ,南方深证成份ETF,深圳证券交易所成份,深圳证券交易所成份指数×100%,被动指数型,南方基金管理股份有限公司,20100202,nan,L,0.5,0.1,7.57,Y,1,2026,2026,2026,0.5024,2026,0.5024,Y
516820.SH,平安中证医药及医疗器械创新ETF,中证医药及医疗器械创新,中证医药及医疗器械创新指数收益率×100%,被动指数型,平安基金管理有限公司,20210701,nan,L,0.5,0.1,15.96,Y,2,2025,2026,2025,0.5095,2026,0.502,Y
560170.SH,南方中证国新央企科技引领ETF,中证国新央企科技引领,中证国新央企科技引领指数收益率×100%,被动指数型,南方基金管理股份有限公司,20230706,nan,L,0.5,0.1,4.74,Y,2,2023,2024,2023,0.7269,2026,0.4814,Y
159814.SZ,西部利得创业板大盘ETF,创业板大盘,创业板大盘指数收益率×100%,被动指数型,西部利得基金管理有限公司,20200717,nan,L,0.5,0.1,3.65,Y,0,,,2026,0.4653,2026,0.4653,Y
513730.SH,华泰柏瑞南方东英新交所泛东南亚科技ETF(QDII),新交所泛东南亚科技,新交所泛东南亚科技指数收益率(使用估值汇率折算)×100%,被动指数型,华泰柏瑞基金管理有限公司,20231201,nan,L,0.4,0.1,8.97,Y,2,2024,2025,2024,1.3361,2026,0.4645,Y
159905.SZ,工银瑞信深证红利ETF,深证红利价格,深证红利价格指数×100%,被动指数型,工银瑞信基金管理有限公司,20110111,nan,L,0.5,0.1,16.66,Y,5,2020,2025,2022,0.7594,2026,0.4537,Y
159939.SZ,广发中证全指信息技术ETF,中证全指信息技术,中证全指信息技术指数×100%,被动指数型,广发基金管理有限公司,20150205,nan,L,0.5,0.1,8.82,Y,2,2019,2023,2023,0.7524,2026,0.4453,Y
588700.SH,嘉实上证科创板生物医药ETF,上证科创板生物医药,上证科创板生物医药指数收益率×100%,被动指数型,嘉实基金管理有限公司,20240105,nan,L,0.5,0.1,4.5,Y,0,,,2026,0.4398,2026,0.4398,Y
516620.SH,国泰中证影视主题ETF,中证影视主题,中证影视主题指数收益率×100%,被动指数型,国泰基金管理有限公司,20211105,nan,L,0.5,0.1,2.95,Y,0,,,2026,0.438,2026,0.438,Y
510150.SH,招商上证消费80ETF,上证消费80,上证消费80指数×100%,被动指数型,招商基金管理有限公司,20110225,nan,L,0.5,0.1,14.07,Y,2,2024,2025,2025,0.6699,2026,0.4206,Y
159378.SZ,永赢国证通用航空产业ETF,国证通用航空产业,国证通用航空产业指数收益率×100%,被动指数型,永赢基金管理有限公司,20250110,nan,L,0.5,0.1,5.77,Y,1,2025,2025,2025,0.5055,2026,0.4065,Y
159268.SZ,汇添富国证港股通消费主题ETF,国证港股通消费主题,国证港股通消费主题指数收益率(经估值汇率调整后)×100%,被动指数型,汇添富基金管理股份有限公司,20250721,nan,L,0.5,0.1,3.02,Y,1,2025,2025,2025,0.5162,2026,0.387,Y
510630.SH,华夏上证主要消费ETF,上证主要消费行业,上证主要消费行业指数×100%,被动指数型,华夏基金管理有限公司,20130508,nan,L,0.5,0.1,4.43,Y,0,,,2026,0.3867,2026,0.3867,Y
159519.SZ,国泰中证香港内地国有企业ETF(QDII),中证香港内地国有企业,中证香港内地国有企业指数收益率(经估值汇率调整)×100%,被动指数型,国泰基金管理有限公司,20230831,nan,L,0.5,0.15,1.05,Y,0,,,2026,0.3816,2026,0.3816,Y
562080.SH,华宝沪深300自由现金流ETF,沪深300自由现金流,沪深300自由现金流指数收益率×100%,被动指数型,华宝基金管理有限公司,20250415,nan,L,0.5,0.1,3.67,Y,1,2025,2025,2025,0.5049,2026,0.3786,Y
159812.SZ,前海开源黄金ETF,上海黄金交易所Au99.99现货实盘合约,上海黄金交易所Au99.99现货实盘合约收益率×100%,黄金现货合约,前海开源基金管理有限公司,20200529,nan,L,0.5,0.1,14.86,Y,0,,,2026,0.378,2026,0.378,Y
560980.SH,广发中证光伏龙头30ETF,中证光伏龙头30,中证光伏龙头30指数收益率×100%,被动指数型,广发基金管理有限公司,20221129,nan,L,0.5,0.1,2.2,Y,0,,,2026,0.3727,2026,0.3727,Y
159273.SZ,汇添富中证沪港深云计算产业ETF,中证沪港深云计算产业,中证沪港深云计算产业指数收益率×100%,被动指数型,汇添富基金管理股份有限公司,20250806,nan,L,0.5,0.1,10.19,Y,1,2025,2025,2025,0.554,2026,0.3717,Y
159768.SZ,银华中证内地地产主题ETF,中证内地地产主题,中证内地地产主题指数收益率×100%,被动指数型,银华基金管理股份有限公司,20220216,nan,L,0.5,0.1,3.49,Y,0,,,2022,0.4449,2026,0.371,Y
563330.SH,华泰柏瑞中证A股ETF,中证A股,中证A股指数收益率×100%,被动指数型,华泰柏瑞基金管理有限公司,20231107,nan,L,0.5,0.1,1.42,Y,0,,,2026,0.37,2026,0.37,Y
159837.SZ,易方达中证生物科技主题ETF,中证生物科技主题,中证生物科技主题指数收益率×100%,被动指数型,易方达基金管理有限公司,20210127,nan,L,0.15,0.05,13.94,Y,2,2021,2022,2021,0.988,2026,0.3617,Y
513230.SH,华夏中证港股通消费主题ETF,经估值汇率调整后的中证港股通消费主题,经估值汇率调整后的中证港股通消费主题指数收益率×100%,被动指数型,华夏基金管理有限公司,20220124,nan,L,0.5,0.1,2.82,Y,0,,,2025,0.456,2026,0.3537,Y
159170.SZ,永赢国证港股通互联网ETF,国证港股通互联网,国证港股通互联网指数收益率(按照估值汇率折算)×100%,被动指数型,永赢基金管理有限公司,20260319,nan,L,0.4,0.1,3.33,Y,0,,,2026,0.3472,2026,0.3472,Y
517900.SH,招商中证银行AH价格优选ETF,中证银行AH价格优选,中证银行AH价格优选指数(人民币)×100%,被动指数型,招商基金管理有限公司,20220325,nan,L,0.5,0.1,6.13,Y,0,,,2025,0.3519,2026,0.3439,Y
510410.SH,博时上证自然资源ETF,上证自然资源,上证自然资源指数×100%,被动指数型,博时基金管理有限公司,20120511,nan,L,0.5,0.1,8.89,Y,0,,,2026,0.3408,2026,0.3408,Y
159790.SZ,华夏中证内地低碳经济主题ETF,中证内地低碳经济主题,中证内地低碳经济主题指数收益率×100%,被动指数型,华夏基金管理有限公司,20210806,nan,L,0.5,0.1,10.64,Y,3,2021,2023,2021,2.8151,2026,0.3406,Y
516110.SH,国泰中证800汽车与零部件ETF,中证800汽车与零部件,中证800汽车与零部件指数收益率×100%,被动指数型,国泰基金管理有限公司,20210507,nan,L,0.5,0.1,2.34,Y,3,2022,2024,2023,1.1334,2026,0.3336,Y
159822.SZ,银华工银南方东英标普中国新经济行业ETF(QDII),A股上限,经估值汇率调整的标普中国新经济行业(A股上限)指数×100%,被动指数型,银华基金管理股份有限公司,20201023,nan,L,0.25,0.1,1.73,Y,1,2025,2025,2025,3.2596,2026,0.3252,Y
510610.SH,华夏上证能源ETF,上证能源行业,上证能源行业指数×100%,被动指数型,华夏基金管理有限公司,20130508,20160706,D,nan,nan,,Y,0,,,2015,0.3235,2015,0.3235,Y
159167.SZ,工银瑞信中证港股通医疗主题ETF,经汇率调整后的中证港股通医疗主题,经汇率调整后的中证港股通医疗主题指数收益率×100%,被动指数型,工银瑞信基金管理有限公司,20260212,nan,L,0.5,0.1,1.67,Y,0,,,2026,0.309,2026,0.309,Y
562570.SH,华夏中证信息技术应用创新产业ETF,中证信息技术应用创新产业,中证信息技术应用创新产业指数收益率×100%,被动指数型,华夏基金管理有限公司,20240430,nan,L,0.5,0.1,4.31,Y,1,2025,2025,2025,0.635,2026,0.305,Y
560570.SH,国联安中证A500红利低波动ETF,中证A500红利低波动,中证A500红利低波动指数收益率×100%,被动指数型,国联安基金管理有限公司,20250918,nan,L,0.35,0.05,11.62,Y,0,,,2025,0.4482,2026,0.303,Y
159220.SZ,华宝标普港股通低波红利ETF,经人民币汇率调整的标普港股通低波红利,经人民币汇率调整的标普港股通低波红利指数收益率×100%,被动指数型,华宝基金管理有限公司,20250512,nan,L,0.5,0.1,3.0,Y,0,,,2026,0.2935,2026,0.2935,Y
516190.SH,华夏中证文娱传媒ETF,中证文娱传媒,中证文娱传媒指数收益率×100%,被动指数型,华夏基金管理有限公司,20210917,nan,L,0.5,0.1,1.15,Y,0,,,2026,0.2808,2026,0.2808,Y
562310.SH,银华沪深300成长ETF,沪深300成长,沪深300成长指数收益率×100%,被动指数型,银华基金管理股份有限公司,20220909,nan,L,0.5,0.1,4.7,Y,1,2022,2022,2022,1.1426,2026,0.2807,Y
159565.SZ,易方达中证汽车零部件主题ETF,中证汽车零部件主题,中证汽车零部件主题指数收益率×100%,被动指数型,易方达基金管理有限公司,20240226,nan,L,0.5,0.1,1.81,Y,0,,,2026,0.2806,2026,0.2806,Y
159540.SZ,易方达国证信息技术创新主题ETF,国证信息技术创新主题,国证信息技术创新主题指数收益率×100%,被动指数型,易方达基金管理有限公司,20230928,nan,L,0.5,0.1,2.37,Y,0,,,2026,0.2795,2026,0.2795,Y
560120.SH,华夏中证500自由现金流ETF,中证500自由现金流,中证500自由现金流指数收益率×100%,被动指数型,华夏基金管理有限公司,20250805,nan,L,0.5,0.1,7.15,Y,0,,,2026,0.2777,2026,0.2777,Y
513990.SH,招商上证港股通ETF,上证港股通,上证港股通指数收益率×100%,被动指数型,招商基金管理有限公司,20200818,nan,L,0.2,0.05,0.48,Y,0,,,2026,0.2761,2026,0.2761,Y
159597.SZ,易方达创业板成长ETF,创业板成长,创业板成长指数收益率×100%,被动指数型,易方达基金管理有限公司,20240527,nan,L,0.5,0.1,8.59,Y,0,,,2026,0.2744,2026,0.2744,Y
520950.SH,摩根恒生港股通50ETF,恒生港股通50,恒生港股通50指数收益率(经汇率调整后)×100%,被动指数型,摩根基金管理(中国)有限公司,20251125,nan,L,0.5,0.1,2.78,Y,0,,,2026,0.2737,2026,0.2737,Y
159635.SZ,华夏中证基建ETF,中证基建,中证基建指数收益率×100%,被动指数型,华夏基金管理有限公司,20220712,nan,L,0.5,0.1,1.36,Y,0,,,2026,0.2707,2026,0.2707,Y
510620.SH,华夏上证原材料ETF,上证原材料行业,上证原材料行业指数×100%,被动指数型,华夏基金管理有限公司,20130508,20160815,D,nan,nan,,Y,0,,,2015,0.2706,2015,0.2706,Y
510170.SH,国联安上证大宗商品股票ETF,上证大宗商品股票,上证大宗商品股票指数×100%,被动指数型,国联安基金管理有限公司,20110125,nan,L,0.6,0.1,4.83,Y,1,2015,2015,2015,0.8918,2026,0.2593,Y
159511.SZ,南方中证通信服务ETF,中证通信服务,中证通信服务指数×100%,被动指数型,南方基金管理股份有限公司,20230807,nan,L,0.5,0.1,3.5,Y,0,,,2026,0.259,2026,0.259,Y
588770.SH,摩根上证科创板新一代信息技术ETF,上证科创板新一代信息技术,上证科创板新一代信息技术指数收益率×100%,被动指数型,摩根基金管理(中国)有限公司,20250324,nan,L,0.15,0.05,5.84,Y,0,,,2026,0.2588,2026,0.2588,Y
520780.SH,华宝中证港股通汽车产业主题ETF,经人民币汇率调整的中证港股通汽车产业主题,经人民币汇率调整的中证港股通汽车产业主题指数收益率×100%,被动指数型,华宝基金管理有限公司,20251229,nan,L,0.5,0.1,0.32,Y,0,,,2026,0.2587,2026,0.2587,Y
159736.SZ,天弘中证食品饮料ETF,中证食品饮料,中证食品饮料指数收益率×100%,被动指数型,天弘基金管理有限公司,20210927,nan,L,0.5,0.1,43.98,Y,0,,,2021,0.3759,2026,0.2575,Y
159623.SZ,博时中证成渝地区双城经济圈成份ETF,中证成渝地区双城经济圈成份,中证成渝地区双城经济圈成份指数收益率×100%,被动指数型,博时基金管理有限公司,20220909,nan,L,0.15,0.05,30.22,Y,0,,,2026,0.2546,2026,0.2546,Y
513900.SH,华安CES港股通精选100ETF,中华交易服务港股通精选100,中华交易服务港股通精选100指数收益率(经汇率调整)×100%,被动指数型,华安基金管理有限公司,20180525,nan,L,0.6,0.1,0.89,Y,0,,,2021,0.3663,2026,0.2518,Y
159811.SZ,博时中证5G产业50ETF,中证5G产业50,中证5G产业50指数收益率×100%,被动指数型,博时基金管理有限公司,20200422,nan,L,0.45,0.1,2.28,Y,0,,,2020,0.4529,2026,0.2514,Y
512220.SH,景顺长城中证科技传媒通信150ETF,中证科技传媒通信150,中证科技传媒通信150指数×100%,被动指数型,景顺长城基金管理有限公司,20140819,nan,L,0.5,0.1,8.2,Y,0,,,2026,0.2422,2026,0.2422,Y
159179.SZ,工银瑞信中证港股通互联网ETF,经汇率调整后的中证港股通互联网,经汇率调整后的中证港股通互联网指数收益率×100%,被动指数型,工银瑞信基金管理有限公司,20260403,nan,L,0.15,0.05,0.85,Y,0,,,2026,0.235,2026,0.235,Y
563320.SH,华泰柏瑞中证通用航空主题ETF,中证通用航空主题,中证通用航空主题指数收益率×100%,被动指数型,华泰柏瑞基金管理有限公司,20250903,nan,L,0.5,0.1,1.93,Y,0,,,2025,0.2666,2026,0.2312,Y
159120.SZ,国联安恒生港股通科技主题ETF,经估值汇率折算后的恒生港股通科技主题,经估值汇率折算后的恒生港股通科技主题指数收益率×100%,被动指数型,国联安基金管理有限公司,20251113,nan,L,0.5,0.1,1.11,Y,0,,,2026,0.2242,2026,0.2242,Y
510810.SH,汇添富中证上海国企ETF,中证上海国企,中证上海国企指数×100%,被动指数型,汇添富基金管理股份有限公司,20160829,nan,L,0.45,0.1,50.46,Y,1,2016,2016,2016,0.6786,2026,0.2158,Y
159301.SZ,华夏中证全指公用事业ETF,中证全指公用事业,中证全指公用事业指数收益率×100%,被动指数型,华夏基金管理有限公司,20240722,nan,L,0.5,0.1,1.17,Y,0,,,2026,0.2103,2026,0.2103,Y
588850.SH,嘉实上证科创板工业机械ETF,上证科创板工业机械,上证科创板工业机械指数收益率×100%,被动指数型,嘉实基金管理有限公司,20250424,nan,L,0.5,0.1,1.47,Y,0,,,2026,0.2097,2026,0.2097,Y
563210.SH,富国恒生A股专精特新企业ETF,恒生A股专精特新企业,恒生A股专精特新企业指数收益率×100%,被动指数型,富国基金管理有限公司,20250124,nan,L,0.5,0.1,2.41,Y,0,,,2026,0.2061,2026,0.2061,Y
516910.SH,富国中证现代物流ETF,中证现代物流,中证现代物流指数×100%,被动指数型,富国基金管理有限公司,20210611,nan,L,0.5,0.1,0.79,Y,0,,,2023,0.2858,2026,0.2052,Y
159121.SZ,易方达恒生港股通汽车主题ETF,恒生港股通汽车主题,恒生港股通汽车主题指数收益率(使用估值汇率折算)×100%,被动指数型,易方达基金管理有限公司,20251124,nan,L,0.5,0.1,1.05,Y,0,,,2026,0.2018,2026,0.2018,Y
159572.SZ,易方达创业板200ETF,创业板200,创业板200指数收益率×100%,被动指数型,易方达基金管理有限公司,20231225,nan,L,0.15,0.05,2.78,Y,0,,,2026,0.1962,2026,0.1962,Y
520580.SH,招商利安新兴亚洲精选ETF(QDII),新交所新兴亚洲精选50,新交所新兴亚洲精选50指数收益率(经估值汇率调整)×100%,被动指数型,招商基金管理有限公司,20250220,nan,L,0.4,0.1,2.76,Y,1,2025,2025,2025,2.2742,2026,0.1958,Y
159036.SZ,华宝中证全指软件开发ETF,中证全指软件开发,中证全指软件开发指数收益率×100%,nan,华宝基金管理有限公司,20260611,nan,L,0.5,0.1,2.75,Y,0,,,2026,0.1917,2026,0.1917,Y
159586.SZ,南方中证全指计算机ETF,中证全指计算机,中证全指计算机指数收益率×100%,被动指数型,南方基金管理股份有限公司,20240315,nan,L,0.5,0.1,2.77,Y,0,,,2026,0.1833,2026,0.1833,Y
159726.SZ,华夏恒生港股通中国内地企业红利ETF,经估值汇率调整后的恒生港股通中国内地企业红利,经估值汇率调整后的恒生港股通中国内地企业红利指数收益率×100%,被动指数型,华夏基金管理有限公司,20211123,nan,L,0.5,0.1,3.45,Y,0,,,2024,0.3297,2026,0.1811,Y
159377.SZ,国泰创业板医药卫生ETF,创业板医药卫生,创业板医药卫生指数收益率×100%,被动指数型,国泰基金管理有限公司,20250415,nan,L,0.5,0.1,1.23,Y,0,,,2026,0.1784,2026,0.1784,Y
159007.SZ,华泰柏瑞中证畜牧养殖产业ETF,中证畜牧养殖产业,中证畜牧养殖产业指数收益率×100%,被动指数型,华泰柏瑞基金管理有限公司,20260417,nan,L,0.5,0.1,1.7,Y,0,,,2026,0.1755,2026,0.1755,Y
159666.SZ,华夏中证全指运输ETF,中证全指运输,中证全指运输指数收益率×100%,被动指数型,华夏基金管理有限公司,20230213,nan,L,0.5,0.1,1.38,Y,0,,,2026,0.1746,2026,0.1746,Y
520670.SH,嘉实恒生港股通科技主题ETF,经估值汇率调整后的恒生港股通科技主题,经估值汇率调整后的恒生港股通科技主题指数收益率×100%,被动指数型,嘉实基金管理有限公司,20250819,nan,L,0.3,0.1,1.65,Y,0,,,2025,0.3269,2026,0.1741,Y
159786.SZ,银华中证虚拟现实主题ETF,中证虚拟现实主题,中证虚拟现实主题指数收益率×100%,被动指数型,银华基金管理股份有限公司,20210806,nan,L,0.5,0.1,1.01,Y,0,,,2023,0.1908,2026,0.1713,Y
159237.SZ,工银瑞信中证港股通汽车产业主题ETF,经汇率调整后的中证港股通汽车产业主题,经汇率调整后的中证港股通汽车产业主题指数收益率×100%,被动指数型,工银瑞信基金管理有限公司,20250707,nan,L,0.45,0.07,0.37,Y,0,,,2025,0.2181,2026,0.1707,Y
517770.SH,浦银中证沪港深游戏及文化传媒ETF,中证沪港深游戏及文化传媒,中证沪港深游戏及文化传媒指数收益率×100%,被动指数型,浦银基金管理有限公司,20211203,nan,L,0.5,0.1,1.74,Y,0,,,2026,0.1675,2026,0.1675,Y
515750.SH,富国中证科技50策略ETF,中证科技50策略,中证科技50策略指数收益率×100%,被动指数型,富国基金管理有限公司,20191206,nan,L,0.5,0.1,5.48,Y,1,2020,2020,2020,0.9656,2026,0.1646,Y
588910.SH,建信上证智选科创板创新价值ETF,上证智选科创板创新价值,上证智选科创板创新价值指数收益率×100%,被动指数型,建信基金管理有限责任公司,20250407,nan,L,0.5,0.1,1.51,Y,0,,,2025,0.2347,2026,0.1637,Y
512580.SH,广发中证环保产业ETF,中证环保产业,中证环保产业指数×100%,被动指数型,广发基金管理有限公司,20170228,nan,L,0.5,0.1,6.63,Y,2,2021,2022,2021,0.6625,2026,0.1578,Y
563990.SH,富国中证800自由现金流ETF,中证800自由现金流,中证800自由现金流指数收益率×100%,被动指数型,富国基金管理有限公司,20250424,nan,L,0.5,0.1,3.75,Y,0,,,2025,0.2109,2026,0.1522,Y
589890.SH,景顺长城上证科创板综合价格ETF,上证科创板综合价格,上证科创板综合价格指数收益率×100%,被动指数型,景顺长城基金管理有限公司,20250305,nan,L,0.15,0.05,1.35,Y,0,,,2025,0.3169,2026,0.1496,Y
159606.SZ,易方达中证500质量成长ETF,中证500质量成长,中证500质量成长指数收益率×100%,被动指数型,易方达基金管理有限公司,20211229,nan,L,0.5,0.1,5.47,Y,0,,,2022,0.1888,2026,0.1486,Y
159752.SZ,申万菱信中证内地新能源主题ETF,中证内地新能源主题,中证内地新能源主题指数收益率×100%,被动指数型,申万菱信基金管理有限公司,20210728,nan,L,0.5,0.1,2.41,Y,0,,,2021,0.1509,2026,0.1448,Y
562850.SH,嘉实中证国新央企现代能源ETF,中证国新央企现代能源,中证国新央企现代能源指数×100%,被动指数型,嘉实基金管理有限公司,20230809,nan,L,0.5,0.1,2.37,Y,0,,,2023,0.2419,2026,0.1438,Y
159906.SZ,大成深证成长40ETF,深证成长40价格,深证成长40价格指数×100%,被动指数型,大成基金管理有限公司,20110223,nan,L,0.5,0.1,2.43,Y,0,,,2026,0.1438,2026,0.1438,Y
512120.SH,华安中证细分医药ETF,中证细分医药产业主题,中证细分医药产业主题指数×100%,被动指数型,华安基金管理有限公司,20140106,nan,L,0.5,0.1,3.57,Y,0,,,2023,0.1706,2026,0.14,Y
562900.SH,易方达中证现代农业主题ETF,中证现代农业主题,中证现代农业主题指数收益率×100%,被动指数型,易方达基金管理有限公司,20211213,nan,L,0.15,0.05,1.7,Y,0,,,2022,0.159,2026,0.1395,Y
515950.SH,富国中证医药50ETF,中证医药50,中证医药50指数收益率×100%,被动指数型,富国基金管理有限公司,20200401,nan,L,0.5,0.1,4.98,Y,0,,,2022,0.2845,2026,0.1335,Y
517800.SH,方正富邦中证沪港深人工智能50ETF,中证沪港深人工智能50,中证沪港深人工智能50指数收益率×100%,被动指数型,方正富邦基金管理有限公司,20210826,nan,L,0.5,0.1,2.12,Y,0,,,2025,0.1575,2026,0.1333,Y
159945.SZ,广发中证全指能源ETF,中证全指能源,中证全指能源指数×100%,被动指数型,广发基金管理有限公司,20150706,nan,L,0.5,0.1,0.87,Y,0,,,2026,0.1333,2026,0.1333,Y
560660.SH,新华中证云计算50ETF,中证云计算50,中证云计算50指数收益率×100%,被动指数型,新华基金管理股份有限公司,20210825,nan,L,0.5,0.1,1.44,Y,0,,,2025,0.1364,2026,0.1328,Y
159761.SZ,国泰中证新材料主题ETF,中证新材料主题,中证新材料主题指数收益率×100%,被动指数型,国泰基金管理有限公司,20211213,nan,L,0.5,0.1,1.6,Y,0,,,2022,0.2018,2026,0.1321,Y
560800.SH,鹏扬中证数字经济主题ETF,中证数字经济主题,中证数字经济主题指数收益率×100%,被动指数型,鹏扬基金管理有限公司,20220107,nan,L,0.5,0.1,3.47,Y,0,,,2023,0.4415,2026,0.13,Y
516800.SH,华宝中证智能制造主题ETF,中证智能制造主题,中证智能制造主题指数收益率×100%,被动指数型,华宝基金管理有限公司,20210219,nan,L,0.5,0.1,1.82,Y,0,,,2021,0.1756,2026,0.1298,Y
515580.SH,华泰柏瑞中证科技100ETF,中证科技100,中证科技100指数收益率×100%,被动指数型,华泰柏瑞基金管理有限公司,20191028,nan,L,0.5,0.1,4.24,Y,0,,,2020,0.2241,2026,0.1292,Y
159788.SZ,易方达中证港股通中国100ETF,中证港股通中国100,中证港股通中国100指数(使用估值汇率折算)收益率×100%,被动指数型,易方达基金管理有限公司,20220302,nan,L,0.15,0.05,0.87,Y,0,,,2025,0.2425,2026,0.1288,Y
513320.SH,易方达恒生港股通新经济ETF,恒生港股通新经济,恒生港股通新经济指数收益率(使用估值汇率折算)×100%,被动指数型,易方达基金管理有限公司,20220321,nan,L,0.5,0.1,0.98,Y,2,2022,2025,2025,0.7832,2026,0.1285,Y
159616.SZ,建信中证农牧主题ETF,中证农牧主题,中证农牧主题指数收益率×100%,被动指数型,建信基金管理有限责任公司,20220808,nan,L,0.5,0.1,0.55,Y,0,,,2026,0.1282,2026,0.1282,Y
512910.SH,广发中证A100ETF,中证A100,中证A100指数收益率×100%,被动指数型,广发基金管理有限公司,20190701,nan,L,0.5,0.1,1.73,Y,0,,,2019,0.2412,2026,0.126,Y
159275.SZ,华宝中证全指农牧渔ETF,中证全指农牧渔,中证全指农牧渔指数收益率×100%,被动指数型,华宝基金管理有限公司,20250929,nan,L,0.5,0.1,2.25,Y,0,,,2025,0.1314,2026,0.126,Y
563010.SH,易方达中证电信主题ETF,中证电信主题,中证电信主题指数收益率×100%,被动指数型,易方达基金管理有限公司,20230713,nan,L,0.5,0.1,2.05,Y,0,,,2026,0.125,2026,0.125,Y
512950.SH,华夏中证央企结构调整ETF,中证央企结构调整,中证央企结构调整指数收益率×100%,被动指数型,华夏基金管理有限公司,20190118,nan,L,0.15,0.05,61.57,Y,1,2023,2023,2023,0.5056,2026,0.1247,Y
520560.SH,华宝港股通恒生中国(香港上市)30ETF,香港上市)30,经人民币汇率调整的恒生中国(香港上市)30指数收益率×100%,被动指数型,华宝基金管理有限公司,20251013,nan,L,0.5,0.1,5.02,Y,0,,,2026,0.1239,2026,0.1239,Y
561130.SH,富国中证新华社民族品牌工程ETF,中证新华社民族品牌工程,中证新华社民族品牌工程指数收益率×100%,被动指数型,富国基金管理有限公司,20211018,nan,L,0.5,0.1,0.87,Y,0,,,2022,0.2373,2026,0.1232,Y
159873.SZ,天弘中证全指医疗保健设备与服务ETF,中证全指医疗保健设备与服务,中证全指医疗保健设备与服务指数×100%,被动指数型,天弘基金管理有限公司,20210329,nan,L,0.5,0.1,2.49,Y,0,,,2021,0.1402,2026,0.1225,Y
159725.SZ,工银瑞信中证线上消费主题ETF,中证线上消费主题,中证线上消费主题指数收益率×100%,被动指数型,工银瑞信基金管理有限公司,20210702,nan,L,0.45,0.07,0.96,Y,0,,,2026,0.1214,2026,0.1214,Y
512330.SH,南方中证500信息技术指数ETF,中证500信息技术,中证500信息技术指数×100%,被动指数型,南方基金管理股份有限公司,20150720,nan,L,0.5,0.1,6.78,Y,0,,,2020,0.1328,2026,0.1197,Y
159708.SZ,西部利得深证红利ETF,深证红利,深证红利指数收益率×100%,被动指数型,西部利得基金管理有限公司,20210702,nan,L,0.4,0.08,1.45,Y,0,,,2024,0.1816,2026,0.1194,Y
159151.SZ,华夏中证全指食品ETF,中证全指食品,中证全指食品指数收益率×100%,被动指数型,华夏基金管理有限公司,20260114,nan,L,0.5,0.1,1.68,Y,0,,,2026,0.1178,2026,0.1178,Y
159108.SZ,博时国证工业软件主题ETF,国证工业软件主题,国证工业软件主题指数收益率×100%,被动指数型,博时基金管理有限公司,20251124,nan,L,0.5,0.1,1.25,Y,0,,,2026,0.1178,2026,0.1178,Y
563960.SH,兴全沪深300质量ETF,沪深300质量,沪深300质量指数收益率×100%,被动指数型,兴证全球基金管理有限公司,20260108,nan,L,0.5,0.1,3.48,Y,0,,,2026,0.1169,2026,0.1169,Y
562910.SH,易方达中证装备产业ETF,中证装备产业,中证装备产业指数收益率×100%,被动指数型,易方达基金管理有限公司,20220110,nan,L,0.15,0.05,2.45,Y,0,,,2026,0.1166,2026,0.1166,Y
562860.SH,嘉实中证疫苗与生物技术ETF,中证疫苗与生物技术,中证疫苗与生物技术指数收益率×100%,被动指数型,嘉实基金管理有限公司,20230224,nan,L,0.5,0.1,2.17,Y,0,,,2023,0.1777,2026,0.1156,Y
530580.SH,南方上证180ETF,上证180,上证180指数收益率×100%,被动指数型,南方基金管理股份有限公司,20250108,nan,L,0.15,0.05,0.65,Y,0,,,2025,0.206,2026,0.1155,Y
516130.SH,华宝中证消费龙头ETF,中证消费龙头,中证消费龙头指数收益率×100%,被动指数型,华宝基金管理有限公司,20211013,nan,L,0.5,0.05,10.87,Y,0,,,2026,0.1146,2026,0.1146,Y
513170.SH,鹏华恒生中国央企ETF(QDII),恒生中国央企,恒生中国央企指数收益率(经汇率调整后)×100%,被动指数型,鹏华基金管理有限公司,20240419,nan,L,0.5,0.15,2.68,Y,0,,,2024,0.3323,2026,0.1134,Y
563560.SH,兴业中证科技优势成长50策略ETF,中证科技优势成长50策略,中证科技优势成长50策略指数收益率×100%,被动指数型,兴业基金管理有限公司,20260227,nan,L,0.5,0.1,0.67,Y,0,,,2026,0.1132,2026,0.1132,Y
159336.SZ,融通中证诚通央企红利ETF,中证诚通央企红利,中证诚通央企红利指数收益率×100%,被动指数型,融通基金管理有限公司,20250212,nan,L,0.3,0.05,3.79,Y,0,,,2026,0.1132,2026,0.1132,Y
517180.SH,南方富时中国国企开放共赢ETF,富时中国国企开放共赢,富时中国国企开放共赢指数收益率×100%,被动指数型,南方基金管理股份有限公司,20211228,nan,L,0.25,0.05,1.36,Y,1,2024,2024,2024,0.6875,2026,0.1115,Y
159312.SZ,广发恒指港股通ETF,恒指港股通,恒指港股通指数收益率×100%,被动指数型,广发基金管理有限公司,20241108,nan,L,0.5,0.1,0.38,Y,0,,,2025,0.1613,2026,0.1105,Y
560700.SH,广发中证国新央企股东回报ETF,中证国新央企股东回报,中证国新央企股东回报指数×100%,被动指数型,广发基金管理有限公司,20230606,nan,L,0.5,0.05,5.54,Y,1,2023,2023,2023,0.6676,2026,0.1096,Y
517300.SH,国寿安保中证沪港深300ETF,中证沪港深300,中证沪港深300指数×100%,被动指数型,国寿安保基金管理有限公司,20210224,nan,L,0.5,0.1,9.55,Y,0,,,2026,0.1087,2026,0.1087,Y
159385.SZ,富国中证诚通国企数字经济ETF,中证诚通国企数字经济,中证诚通国企数字经济指数收益率×100%,被动指数型,富国基金管理有限公司,20250530,nan,L,0.5,0.1,0.91,Y,0,,,2025,0.1223,2026,0.1071,Y
561150.SH,富国中证500ESG基准ETF,中证500ESG基准,中证500ESG基准指数收益率×100%,被动指数型,富国基金管理有限公司,20220808,20221227,D,nan,nan,,Y,0,,,2022,0.1061,2022,0.1061,Y
159512.SZ,广发中证全指汽车ETF,中证全指汽车,中证全指汽车指数×100%,被动指数型,广发基金管理有限公司,20230725,nan,L,0.5,0.1,1.11,Y,0,,,2023,0.2319,2026,0.106,Y
562050.SH,华宝中证制药ETF,中证制药,中证制药指数收益率×100%,被动指数型,华宝基金管理有限公司,20250619,nan,L,0.5,0.1,0.91,Y,0,,,2025,0.1576,2026,0.1048,Y
562990.SH,易方达中证上海环交所碳中和ETF,中证上海环交所碳中和,中证上海环交所碳中和指数收益率×100%,被动指数型,易方达基金管理有限公司,20220719,nan,L,0.5,0.1,3.64,Y,1,2022,2022,2022,1.2969,2026,0.1036,Y
159843.SZ,招商国证食品饮料行业ETF,国证食品饮料行业,国证食品饮料行业指数收益率×100%,被动指数型,招商基金管理有限公司,20210205,nan,L,0.5,0.1,3.27,Y,0,,,2023,0.2462,2026,0.1026,Y
159944.SZ,广发中证全指原材料ETF,中证全指原材料,中证全指原材料指数×100%,被动指数型,广发基金管理有限公司,20150706,nan,L,0.5,0.1,0.49,Y,0,,,2026,0.1007,2026,0.1007,Y
520620.SH,嘉实恒生消费ETF,经估值汇率调整后的恒生消费,经估值汇率调整后的恒生消费指数收益率×100%,被动指数型,嘉实基金管理有限公司,20250819,nan,L,0.5,0.1,2.34,Y,0,,,2025,0.2679,2026,0.1004,Y
159902.SZ,华夏中小企业100ETF,中小企业100,中小企业100指数×100%,被动指数型,华夏基金管理有限公司,20060905,nan,L,0.5,0.1,,Y,5,2013,2019,2015,5.6163,2026,0.0994,Y
516550.SH,嘉实中证大农业ETF,中证大农业,中证大农业指数收益率×100%,被动指数型,嘉实基金管理有限公司,20210408,nan,L,0.5,0.1,1.85,Y,0,,,2022,0.1323,2026,0.0993,Y
517950.SH,交银中证智选沪深港科技50ETF,中证智选沪深港科技50,中证智选沪深港科技50指数收益率×100%,被动指数型,交银施罗德基金管理有限公司,20251218,nan,L,0.5,0.05,0.58,Y,0,,,2026,0.0974,2026,0.0974,Y
159643.SZ,国泰国证疫苗与生物科技ETF,国证疫苗与生物科技,国证疫苗与生物科技指数收益率×100%,被动指数型,国泰基金管理有限公司,20220822,nan,L,0.5,0.1,1.7,Y,0,,,2022,0.2937,2026,0.0971,Y
159523.SZ,华夏中证智选300成长创新策略ETF,中证智选300成长创新策略,中证智选300成长创新策略指数收益率×100%,被动指数型,华夏基金管理有限公司,20230919,nan,L,0.5,0.1,0.89,Y,0,,,2026,0.0969,2026,0.0969,Y
512550.SH,嘉实富时中国A50ETF,富时中国A50,富时中国A50指数×100%,被动指数型,嘉实基金管理有限公司,20170807,nan,L,0.5,0.1,1.97,Y,0,,,2024,0.1135,2026,0.0951,Y
510660.SH,华夏上证医药卫生ETF,上证医药卫生行业,上证医药卫生行业指数×100%,被动指数型,华夏基金管理有限公司,20130508,nan,L,0.5,0.1,1.29,Y,0,,,2013,0.4932,2026,0.0947,Y
159541.SZ,万家创业板综合ETF,创业板综合,创业板综合指数收益率×100%,被动指数型,万家基金管理有限公司,20231031,nan,L,0.5,0.1,0.95,Y,0,,,2024,0.2384,2026,0.0905,Y
515900.SH,博时中证央企创新驱动ETF,中证央企创新驱动,中证央企创新驱动指数收益率×100%,被动指数型,博时基金管理有限公司,20191218,nan,L,0.15,0.05,37.11,Y,3,2020,2024,2023,0.7445,2026,0.0879,Y
562920.SH,易方达中证信息安全主题ETF,中证信息安全主题,中证信息安全主题指数收益率×100%,被动指数型,易方达基金管理有限公司,20230612,nan,L,0.5,0.1,0.89,Y,0,,,2026,0.0875,2026,0.0875,Y
515110.SH,易方达中证国企一带一路ETF,中证国企一带一路,中证国企一带一路指数收益率×100%,被动指数型,易方达基金管理有限公司,20200115,nan,L,0.15,0.05,3.57,Y,0,,,2020,0.3745,2026,0.0861,Y
563700.SH,易方达中证红利价值ETF,中证红利价值,中证红利价值指数收益率×100%,被动指数型,易方达基金管理有限公司,20250428,nan,L,0.15,0.05,4.01,Y,0,,,2025,0.1089,2026,0.0852,Y
159013.SZ,大成中证工业互联网主题ETF,中证工业互联网主题,中证工业互联网主题指数收益率×100%,被动指数型,大成基金管理有限公司,20260428,nan,L,0.5,0.1,0.4,Y,0,,,2026,0.0852,2026,0.0852,Y
159773.SZ,华泰柏瑞创业板科技ETF,创业板科技,创业板科技指数收益率×100%,被动指数型,华泰柏瑞基金管理有限公司,20211008,nan,L,0.5,0.1,1.89,Y,0,,,2024,0.1553,2026,0.0842,Y
159728.SZ,南方国证在线消费ETF,国证在线消费,国证在线消费指数×100%,被动指数型,南方基金管理股份有限公司,20220111,nan,L,0.5,0.1,0.38,Y,0,,,2026,0.0813,2026,0.0813,Y
159966.SZ,华夏创业板低波价值ETF,创业板低波价值,创业板低波价值指数收益率×100%,被动指数型,华夏基金管理有限公司,20190715,nan,L,0.5,0.1,3.43,Y,1,2020,2020,2020,1.177,2026,0.0801,Y
562320.SH,银华沪深300价值ETF,沪深300价值,沪深300价值指数×100%,被动指数型,银华基金管理股份有限公司,20230112,nan,L,0.5,0.1,0.75,Y,0,,,2023,0.1423,2026,0.0793,Y
159909.SZ,招商深证电子信息传媒产业(TMT)50ETF,深证电子信息传媒产业50,深证电子信息传媒产业50指数(深证TMT50P)×100%,被动指数型,招商基金管理有限公司,20110901,nan,L,0.5,0.1,7.09,Y,0,,,2015,0.1059,2026,0.0793,Y
159503.SZ,鹏扬国证财富管理ETF,国证财富管理,国证财富管理指数收益率×100%,被动指数型,鹏扬基金管理有限公司,20230720,20240719,D,nan,nan,,Y,0,,,2023,0.0904,2024,0.0751,Y
159018.SZ,广发国证石油天然气ETF,国证石油天然气指数同期,国证石油天然气指数同期收益率×100%,被动指数型,广发基金管理有限公司,20260427,nan,L,0.5,0.1,0.24,Y,0,,,2026,0.0742,2026,0.0742,Y
159662.SZ,南方国证交通运输行业ETF,国证交通运输行业,国证交通运输行业指数×100%,被动指数型,南方基金管理股份有限公司,20221201,nan,L,0.5,0.1,0.8,Y,0,,,2023,0.2911,2026,0.0739,Y
511890.SH,景顺长城货币ETF,七天通知存款税后利率,七天通知存款税后利率(税后)×100%,货币型,景顺长城基金管理有限公司,20150803,20180412,D,nan,nan,,N,2,2015,2016,2015,2.6928,2017,0.0738,Y
515860.SH,嘉实中证新兴科技100策略ETF,中证新兴科技100策略,中证新兴科技100策略指数收益率×100%,被动指数型,嘉实基金管理有限公司,20191022,nan,L,0.5,0.1,2.19,Y,0,,,2020,0.2253,2026,0.0735,Y
563180.SH,银华中证高股息策略ETF,中证高股息策略,中证高股息策略指数收益率×100%,被动指数型,银华基金管理股份有限公司,20240514,nan,L,0.5,0.1,1.19,Y,0,,,2025,0.1171,2026,0.0735,Y
560960.SH,摩根中证碳中和60ETF,中证碳中和60,中证碳中和60指数收益率×100%,被动指数型,摩根基金管理(中国)有限公司,20230113,20250626,D,nan,nan,,Y,0,,,2024,0.1256,2025,0.0732,Y
517280.SH,天弘中证沪港深线上消费主题ETF,中证沪港深线上消费主题,中证沪港深线上消费主题指数×100%,被动指数型,天弘基金管理有限公司,20211203,20240826,D,nan,nan,,Y,0,,,2022,0.151,2024,0.0726,Y
513210.SH,易方达恒生ETF(QDII),恒生,恒生指数收益率(使用估值汇率折算)×100%,被动指数型,易方达基金管理有限公司,20240422,nan,L,0.5,0.1,0.62,Y,0,,,2025,0.1067,2026,0.0681,Y
512530.SH,建信沪深300红利ETF,沪深300红利,沪深300红利指数×100%,被动指数型,建信基金管理有限责任公司,20190923,nan,L,0.5,0.1,1.57,Y,0,,,2019,0.1616,2026,0.0665,Y
512590.SH,浦银安盛中证高股息精选ETF,中证高股息精选,中证高股息精选指数收益率×100%,被动指数型,浦银基金管理有限公司,20190308,20230428,D,nan,nan,,Y,0,,,2020,0.0689,2022,0.066,Y
516900.SH,华安中证申万食品饮料ETF,中证申万食品饮料,中证申万食品饮料指数收益率×100%,被动指数型,华安基金管理有限公司,20210428,nan,L,0.5,0.1,1.38,Y,0,,,2022,0.0926,2026,0.0618,Y
515960.SH,嘉实中证医药健康100策略ETF,中证医药健康100策略,中证医药健康100策略指数收益率×100%,被动指数型,嘉实基金管理有限公司,20200610,nan,L,0.5,0.1,2.0,Y,0,,,2020,0.115,2026,0.0597,Y
159550.SZ,东财中证沪港深互联网ETF,中证沪港深互联网,中证沪港深互联网指数收益率×100%,被动指数型,东财基金管理有限公司,20250627,nan,L,0.5,0.05,1.58,Y,0,,,2025,0.064,2026,0.0583,Y
516830.SH,富国沪深300ESG基准ETF,沪深300ESG基准,沪深300ESG基准指数×100%,被动指数型,富国基金管理有限公司,20210705,nan,L,0.15,0.05,0.93,Y,0,,,2023,0.1015,2026,0.0579,Y
159021.SZ,华夏国证大盘价值ETF,国证大盘价值,国证大盘价值指数收益率×100%,被动指数型,华夏基金管理有限公司,20260515,nan,L,0.15,0.05,0.94,Y,0,,,2026,0.0566,2026,0.0566,Y
512640.SH,嘉实中证金融地产ETF,中证金融地产,中证金融地产指数×100%,被动指数型,嘉实基金管理有限公司,20140725,nan,L,0.5,0.1,0.49,Y,0,,,2014,0.0926,2026,0.0564,Y
159118.SZ,华夏标普港股通低波红利ETF,经估值汇率调整后的标普港股通低波红利,经估值汇率调整后的标普港股通低波红利指数收益率×100%,被动指数型,华夏基金管理有限公司,20251127,nan,L,0.15,0.05,0.67,Y,0,,,2026,0.0555,2026,0.0555,Y
515870.SH,嘉实中证先进制造100策略ETF,中证先进制造100策略,中证先进制造100策略指数收益率×100%,被动指数型,嘉实基金管理有限公司,20200117,20230316,D,nan,nan,,Y,0,,,2022,0.0551,2022,0.0551,Y
562520.SH,华夏中证智选1000成长创新策略ETF,中证智选1000成长创新策略,中证智选1000成长创新策略指数收益率×100%,被动指数型,华夏基金管理有限公司,20220322,nan,L,0.5,0.1,0.37,Y,0,,,2026,0.055,2026,0.055,Y
510990.SH,工银瑞信中证180ESGETF,中证180ESG,中证180ESG指数收益率×100%,被动指数型,工银瑞信基金管理有限公司,20210701,nan,L,0.45,0.1,0.42,Y,0,,,2024,0.0733,2026,0.0548,Y
515920.SH,博时中证智能消费主题ETF,中证智能消费主题,中证智能消费主题指数×100%,被动指数型,博时基金管理有限公司,20210120,nan,L,0.5,0.1,0.79,Y,0,,,2021,0.1304,2026,0.0542,Y
510200.SH,汇安上证证券ETF,上证证券行业,上证证券行业指数收益率×100%,被动指数型,汇安基金管理有限责任公司,20200508,nan,L,0.5,0.1,1.74,Y,0,,,2020,0.0669,2026,0.0529,Y
159335.SZ,融通中证诚通央企科技创新ETF,中证诚通央企科技创新,中证诚通央企科技创新指数收益率×100%,被动指数型,融通基金管理有限公司,20240905,nan,L,0.3,0.05,0.97,Y,0,,,2024,0.3392,2026,0.0525,Y
159940.SZ,广发中证全指金融地产ETF,中证全指金融地产,中证全指金融地产指数×100%,被动指数型,广发基金管理有限公司,20150417,nan,L,0.5,0.1,3.48,Y,0,,,2024,0.0926,2026,0.0525,Y
517550.SH,招商中证沪港深消费龙头ETF,中证沪港深消费龙头,中证沪港深消费龙头指数(人民币)收益率×100%,被动指数型,招商基金管理有限公司,20220208,nan,L,0.5,0.1,0.53,Y,0,,,2026,0.0521,2026,0.0521,Y
510030.SH,华宝上证180价值ETF,上证180价值,上证180价值指数×100%,被动指数型,华宝基金管理有限公司,20100528,nan,L,0.5,0.1,1.59,Y,1,2015,2015,2015,0.6028,2026,0.0518,Y
512770.SH,华夏战略新兴成指ETF,中国战略新兴产业成份,中国战略新兴产业成份指数(简称:新兴成指)指数收益率×100%,被动指数型,华夏基金管理有限公司,20180816,nan,L,0.5,0.1,2.55,Y,0,,,2021,0.1077,2026,0.051,Y
563980.SH,鑫元中证800红利低波动ETF,中证800红利低波动,中证800红利低波动指数收益率×100%,被动指数型,鑫元基金管理有限公司,20251107,nan,L,0.5,0.1,1.85,Y,0,,,2026,0.0493,2026,0.0493,Y
159192.SZ,汇添富中证家电龙头ETF,中证家电龙头,中证家电龙头指数收益率×100%,被动指数型,汇添富基金管理股份有限公司,20260430,nan,L,0.5,0.1,0.17,Y,0,,,2026,0.0479,2026,0.0479,Y
515670.SH,中银中证100ETF,中证100,中证100指数收益率×100%,被动指数型,中银基金管理有限公司,20200520,20240628,D,nan,nan,,Y,0,,,2023,0.0485,2024,0.0468,Y
562530.SH,华夏中证智选1000价值稳健策略ETF,中证智选1000价值稳健策略,中证智选1000价值稳健策略指数收益率×100%,被动指数型,华夏基金管理有限公司,20220812,nan,L,0.5,0.1,2.27,Y,0,,,2026,0.0463,2026,0.0463,Y
159886.SZ,富国中证细分机械设备产业主题ETF,中证细分机械设备产业主题,中证细分机械设备产业主题指数收益率×100%,被动指数型,富国基金管理有限公司,20210428,nan,L,0.5,0.1,0.61,Y,0,,,2022,0.2462,2026,0.046,Y
159683.SZ,嘉实中证内地运输主题ETF,中证内地运输主题,中证内地运输主题指数收益率×100%,被动指数型,嘉实基金管理有限公司,20230109,20250115,D,nan,nan,,Y,0,,,2023,0.0988,2024,0.0457,Y
159961.SZ,方正富邦深证100ETF,深证100价格,深证100价格指数收益率×100%,被动指数型,方正富邦基金管理有限公司,20181219,nan,L,0.5,0.1,2.19,Y,0,,,2024,0.0584,2026,0.0454,Y
159990.SZ,银华巨潮小盘价值ETF,巨潮小盘价值,巨潮小盘价值指数×100%,被动指数型,银华基金管理股份有限公司,20200120,20240717,D,nan,nan,,Y,0,,,2020,0.0654,2024,0.0451,Y
516590.SH,易方达中证智能电动汽车ETF,中证智能电动汽车,中证智能电动汽车指数收益率×100%,被动指数型,易方达基金管理有限公司,20210512,nan,L,0.15,0.05,0.57,Y,0,,,2021,0.2754,2026,0.0442,Y
512430.SH,华泰柏瑞中证家居家电ETF,中证家居家电,中证家居家电指数收益率×100%,被动指数型,华泰柏瑞基金管理有限公司,20260430,nan,L,0.5,0.1,0.26,Y,0,,,2026,0.0431,2026,0.0431,Y
561060.SH,华安中证国有企业红利ETF,中证国有企业红利,中证国有企业红利指数收益率×100%,被动指数型,华安基金管理有限公司,20230921,nan,L,0.5,0.1,0.58,Y,0,,,2023,0.081,2026,0.043,Y
530380.SH,易方达上证380ETF,上证380,上证380指数收益率×100%,被动指数型,易方达基金管理有限公司,20250930,nan,L,0.15,0.05,1.51,Y,0,,,2025,0.0928,2026,0.0422,Y
159861.SZ,国泰中证环保产业50ETF,中证环保产业50,中证环保产业50指数收益率×100%,被动指数型,国泰基金管理有限公司,20210402,nan,L,0.5,0.1,0.99,Y,0,,,2021,0.3456,2026,0.04,Y
513830.SH,嘉实中证港股通高股息投资ETF,经估值汇率调整后的中证港股通高股息投资,经估值汇率调整后的中证港股通高股息投资指数收益率×100%,被动指数型,嘉实基金管理有限公司,20250307,nan,L,0.5,0.1,0.65,Y,0,,,2025,0.1558,2026,0.0397,Y
517500.SH,国泰中证沪港深动漫游戏ETF,中证沪港深动漫游戏,中证沪港深动漫游戏指数收益率×100%,被动指数型,国泰基金管理有限公司,20220315,20231221,D,nan,nan,,Y,0,,,2022,0.0484,2023,0.0396,Y
516980.SH,华富中证证券公司先锋策略ETF,中证证券公司先锋策略,中证证券公司先锋策略指数收益率×100%,被动指数型,华富基金管理有限公司,20210624,nan,L,0.5,0.1,0.6,Y,0,,,2021,0.0559,2026,0.0395,Y
517880.SH,华泰柏瑞中证沪港深品牌消费50ETF,中证沪港深品牌消费50,中证沪港深品牌消费50指数收益率×100%,被动指数型,华泰柏瑞基金管理有限公司,20211201,nan,L,0.3,0.1,0.37,Y,0,,,2023,0.0667,2026,0.0389,Y
516560.SH,华宝中证养老产业ETF,中证养老产业,中证养老产业指数收益率×100%,被动指数型,华宝基金管理有限公司,20210916,nan,L,0.5,0.1,1.57,Y,0,,,2021,0.0954,2026,0.0386,Y
159188.SZ,景顺长城标普中国A股红利100ETF,标普中国A股红利100,标普中国A股红利100指数收益率×100%,被动指数型,景顺长城基金管理有限公司,20260410,nan,L,0.5,0.1,0.63,Y,0,,,2026,0.0378,2026,0.0378,Y
530530.SH,华夏上证580ETF,上证580,上证580指数收益率×100%,被动指数型,华夏基金管理有限公司,20250829,nan,L,0.15,0.05,1.57,Y,0,,,2025,0.0725,2026,0.0367,Y
512380.SH,银华MSCI中国A股ETF,MSCI中国A股人民币,MSCI中国A股人民币指数×100%,被动指数型,银华基金管理股份有限公司,20190430,nan,L,0.5,0.1,1.23,Y,1,2019,2019,2019,0.7119,2026,0.0363,Y
515200.SH,申万菱信中证研发创新100ETF,中证研发创新100,中证研发创新100指数×100%,被动指数型,申万菱信基金管理有限公司,20191115,nan,L,0.5,0.1,0.96,Y,0,,,2020,0.1072,2026,0.0362,Y
510770.SH,申万菱信上证G60战略新兴产业成份ETF,上证G60战略新兴产业成份,上证G60战略新兴产业成份指数收益率×100%,被动指数型,申万菱信基金管理有限公司,20210928,nan,L,0.5,0.1,0.2,Y,0,,,2021,0.0535,2026,0.0355,Y
512650.SH,汇添富中证长三角一体化发展主题ETF,中证长三角一体化发展主题,中证长三角一体化发展主题指数收益率×100%,被动指数型,汇添富基金管理股份有限公司,20191025,nan,L,0.15,0.05,0.45,Y,0,,,2020,0.137,2026,0.0351,Y
560810.SH,融通中证诚通央企ESGETF,中证诚通央企ESG,中证诚通央企ESG指数收益率×100%,被动指数型,融通基金管理有限公司,20241209,nan,L,0.3,0.05,2.34,Y,0,,,2026,0.0351,2026,0.0351,Y
159916.SZ,建信深证基本面60ETF,深证基本面60,深证基本面60指数×100%,被动指数型,建信基金管理有限责任公司,20111024,nan,L,0.5,0.1,2.2,Y,0,,,2023,0.1463,2026,0.0349,Y
159620.SZ,华夏中证智选500成长创新策略ETF,中证智选500成长创新策略,中证智选500成长创新策略指数收益率×100%,被动指数型,华夏基金管理有限公司,20220805,nan,L,0.5,0.1,0.37,Y,0,,,2022,0.0354,2026,0.0348,Y
159896.SZ,南方中证物联网主题ETF,中证物联网主题,中证物联网主题指数收益率×100%,被动指数型,南方基金管理股份有限公司,20211124,nan,L,0.5,0.1,0.5,Y,0,,,2022,0.1033,2026,0.0344,Y
517100.SH,富国中证沪港深500ETF,中证沪港深500,中证沪港深500指数收益率×100%,被动指数型,富国基金管理有限公司,20210302,nan,L,0.5,0.1,1.46,Y,0,,,2021,0.0621,2022,0.0339,Y
510270.SH,中银上证国有企业100ETF,上证国有企业100,上证国有企业100指数×100%,被动指数型,中银基金管理有限公司,20110818,nan,L,0.5,0.1,0.26,Y,0,,,2026,0.0321,2026,0.0321,Y
159510.SZ,华夏中证智选300价值稳健策略ETF,中证智选300价值稳健策略,中证智选300价值稳健策略指数收益率×100%,被动指数型,华夏基金管理有限公司,20230816,nan,L,0.5,0.1,0.84,Y,0,,,2024,0.0613,2026,0.0319,Y
561500.SH,华泰柏瑞中证企业核心竞争力50ETF,中证企业核心竞争力50,中证企业核心竞争力50指数收益率×100%,被动指数型,华泰柏瑞基金管理有限公司,20210628,nan,L,0.5,0.1,0.45,Y,0,,,2021,0.0754,2026,0.0312,Y
510020.SH,博时上证超级大盘ETF,上证超级大盘,上证超级大盘指数×100%,被动指数型,博时基金管理有限公司,20100319,nan,L,0.5,0.1,1.41,Y,0,,,2015,0.1829,2026,0.0307,Y
159621.SZ,国泰MSCI中国A股ESG通用ETF,MSCI中国A股人民币ESG通用,MSCI中国A股人民币ESG通用指数收益率×100%,被动指数型,国泰基金管理有限公司,20220909,nan,L,0.5,0.1,0.17,Y,0,,,2022,0.1512,2026,0.0307,Y
515910.SH,中金MSCI中国A股国际质量ETF,MSCI中国A股国际质量,MSCI中国A股国际质量指数收益率×100%,被动指数型,中金基金管理有限公司,20210226,nan,L,0.3,0.05,1.56,Y,0,,,2021,0.1907,2026,0.0306,Y
517780.SH,浦银安盛中华交易服务沪深港300ETF,中华交易服务沪深港300,中华交易服务沪深港300指数收益率×100%,被动指数型,浦银基金管理有限公司,20220318,20231114,D,nan,nan,,Y,0,,,2022,0.0304,2022,0.0304,Y
512750.SH,嘉实中证锐联基本面50ETF,中证锐联基本面50,中证锐联基本面50指数收益率×100%,被动指数型,嘉实基金管理有限公司,20190705,nan,L,0.5,0.1,0.68,Y,0,,,2019,0.4865,2026,0.0297,Y
159106.SZ,前海开源中证民企300ETF,中证民企300,中证民企300指数收益率×100%,被动指数型,前海开源基金管理有限公司,20251022,nan,L,0.5,0.1,0.42,Y,0,,,2026,0.0297,2026,0.0297,Y
562580.SH,华夏中证全指可选消费ETF,中证全指可选消费,中证全指可选消费指数收益率×100%,被动指数型,华夏基金管理有限公司,20240326,nan,L,0.5,0.1,0.42,Y,0,,,2026,0.0284,2026,0.0284,Y
516400.SH,富国中证ESG120策略ETF,中证ESG120策略,中证ESG120策略指数×100%,被动指数型,富国基金管理有限公司,20210701,20220126,D,nan,nan,,Y,0,,,2021,0.028,2021,0.028,Y
159910.SZ,嘉实深证基本面120ETF,深证基本面120,深证基本面120指数×100%,被动指数型,嘉实基金管理有限公司,20110927,nan,L,0.5,0.1,1.98,Y,0,,,2023,0.0658,2026,0.0275,Y
520960.SH,嘉实恒指港股通ETF,经估值汇率调整后的恒指港股通,经估值汇率调整后的恒指港股通指数收益率×100%,被动指数型,嘉实基金管理有限公司,20251031,nan,L,0.5,0.1,0.46,Y,0,,,2026,0.0262,2026,0.0262,Y
589550.SH,华夏上证智选科创板价值50策略ETF,上证智选科创板价值50策略,上证智选科创板价值50策略指数收益率×100%,被动指数型,华夏基金管理有限公司,20250728,nan,L,0.5,0.1,0.34,Y,0,,,2025,0.0356,2026,0.026,Y
512300.SH,南方中证500医药卫生指数ETF,中证500医药卫生,中证500医药卫生指数×100%,被动指数型,南方基金管理股份有限公司,20141218,20210312,D,nan,nan,,Y,0,,,2015,0.0677,2020,0.0257,Y
159579.SZ,华安深证主板50ETF,深证主板50,深证主板50指数收益率×100%,被动指数型,华安基金管理有限公司,20240719,20250320,D,nan,nan,,Y,0,,,2024,0.0257,2024,0.0257,Y
512160.SH,南方MSCI中国A股国际通ETF,MSCI中国A股国际通指数,MSCIChinaAInclusionRMBIndex(MSCI中国A股国际通指数)×100%,被动指数型,南方基金管理股份有限公司,20180427,nan,L,0.5,0.1,1.88,Y,0,,,2019,0.4555,2026,0.0256,Y
515760.SH,华夏中证浙江国资创新发展ETF,中证浙江国资创新发展,中证浙江国资创新发展指数收益率×100%,被动指数型,华夏基金管理有限公司,20201012,nan,L,0.45,0.05,1.31,Y,0,,,2025,0.0261,2026,0.0247,Y
159976.SZ,工银瑞信粤港澳大湾区创新100ETF,粤港澳大湾区创新100,粤港澳大湾区创新100指数收益率×100%,被动指数型,工银瑞信基金管理有限公司,20200117,nan,L,0.25,0.05,0.84,Y,0,,,2020,0.1806,2026,0.0245,Y
510130.SH,易方达上证中盘ETF,上证中盘,上证中盘指数×100%,被动指数型,易方达基金管理有限公司,20100623,nan,L,0.15,0.05,2.34,Y,1,2015,2015,2015,0.6139,2026,0.0236,Y
159789.SZ,建信中证饮料主题ETF,中证饮料主题,中证饮料主题指数×100%,被动指数型,建信基金管理有限责任公司,20211220,20231025,D,nan,nan,,Y,0,,,2023,0.0232,2023,0.0232,Y
159836.SZ,天弘创业板300ETF,创业板300,创业板300指数收益率×100%,被动指数型,天弘基金管理有限公司,20210525,nan,L,0.5,0.1,1.5,Y,0,,,2021,0.0694,2026,0.0228,Y
510890.SH,兴业上证红利低波动ETF,上证红利低波动,上证红利低波动指数收益率×100%,被动指数型,兴业基金管理有限公司,20190624,20210907,D,nan,nan,,Y,0,,,2020,0.0449,2021,0.0219,Y
159912.SZ,汇添富深证300ETF,深证300价格,深证300价格指数×100%,被动指数型,汇添富基金管理股份有限公司,20111124,nan,L,0.5,0.1,1.32,Y,0,,,2024,0.0285,2026,0.0216,Y
517990.SH,招商中证沪港深500医药卫生ETF,中证沪港深500医药卫生,中证沪港深500医药卫生指数(人民币)收益率×100%,被动指数型,招商基金管理有限公司,20220519,nan,L,0.5,0.1,0.43,Y,0,,,2022,0.0406,2026,0.0209,Y
517660.SH,天弘中证沪港深物联网主题ETF,中证沪港深物联网主题,中证沪港深物联网主题指数×100%,被动指数型,天弘基金管理有限公司,20211025,nan,L,0.5,0.1,0.51,Y,0,,,2022,0.0893,2026,0.0204,Y
512390.SH,平安MSCI中国A股低波动ETF,MSCI中国A股低波动,MSCI中国A股低波动指数(MSCI China A International Minimum Volatility Index)收益率×100%,被动指数型,平安基金管理有限公司,20180713,nan,D,nan,nan,0.16,Y,0,,,2018,0.0717,2026,0.0203,Y
515690.SH,鹏华中证高股息龙头ETF,中证高股息龙头,中证高股息龙头指数收益率×100%,被动指数型,鹏华基金管理有限公司,20200513,20220426,D,nan,nan,,Y,0,,,2020,0.0389,2021,0.0202,Y
516600.SH,工银瑞信中证消费服务领先ETF,中证消费服务领先,中证消费服务领先指数收益率×100%,被动指数型,工银瑞信基金管理有限公司,20210226,nan,L,0.45,0.07,0.67,Y,0,,,2021,0.0503,2026,0.0194,Y
159617.SZ,华夏中证智选500价值稳健策略ETF,中证智选500价值稳健策略,中证智选500价值稳健策略指数收益率×100%,被动指数型,华夏基金管理有限公司,20220630,nan,L,0.5,0.1,0.42,Y,0,,,2022,0.0931,2026,0.0184,Y
159917.SZ,国泰中小板300成长ETF,中小300成长P,中小300成长P×100%,被动指数型,国泰基金管理有限公司,20120406,20150827,D,nan,nan,,Y,0,,,2015,0.018,2015,0.018,Y
159723.SZ,汇添富中证沪港深科技龙头ETF,中证沪港深科技龙头,中证沪港深科技龙头指数收益率×100%,被动指数型,汇添富基金管理股份有限公司,20211015,nan,L,0.15,0.05,0.33,Y,0,,,2024,0.0323,2026,0.0175,Y
159918.SZ,嘉实中创400ETF,中小板创业板400,中小板创业板400指数×100%,被动指数型,嘉实基金管理有限公司,20120511,nan,L,0.5,0.1,0.77,Y,0,,,2026,0.0175,2026,0.0175,Y
560990.SH,中金中证科技先锋ETF,中证科技先锋,中证科技先锋指数收益率×100%,被动指数型,中金基金管理有限公司,20220627,nan,L,0.5,0.05,0.19,Y,0,,,2022,0.2181,2026,0.0172,Y
563060.SH,易方达中证国资央企50ETF,中证国资央企50,中证国资央企50指数收益率×100%,被动指数型,易方达基金管理有限公司,20250519,nan,L,0.5,0.1,2.07,Y,0,,,2025,0.0201,2026,0.0171,Y
159730.SZ,博时国证龙头家电ETF,国证龙头家电,国证龙头家电指数收益率×95%+银行活期存款利率(税后)×5%,被动指数型,博时基金管理有限公司,20211224,nan,L,0.5,0.1,0.44,Y,0,,,2022,0.0896,2026,0.0169,Y
512190.SH,浙商汇金中证浙江凤凰行动50ETF,中证浙江凤凰行动50,中证浙江凤凰行动50指数收益率×100%,被动指数型,浙江浙商证券资产管理有限公司,20190909,nan,L,0.5,0.1,5.9,Y,0,,,2019,0.0398,2026,0.0169,Y
515500.SH,海富通中证长三角领先ETF,中证长三角领先,中证长三角领先指数收益率×100%,被动指数型,海富通基金管理有限公司,20200918,20230410,D,nan,nan,,Y,0,,,2020,0.067,2022,0.0168,Y
159760.SZ,泰康国证公共卫生与医疗健康ETF,国证公共卫生与医疗健康,国证公共卫生与医疗健康指数收益率×100%,被动指数型,泰康基金管理有限公司,20211220,nan,L,0.5,0.1,0.77,Y,0,,,2022,0.1444,2026,0.0166,Y
159872.SZ,鹏华中证车联网主题ETF,中证车联网主题,中证车联网主题指数收益率×100%,被动指数型,鹏华基金管理有限公司,20210701,nan,L,0.5,0.1,0.5,Y,0,,,2021,0.0715,2026,0.0163,Y
515590.SH,前海开源中证500等权重ETF,中证500等权重,中证500等权重指数收益率×100%,被动指数型,前海开源基金管理有限公司,20200120,nan,L,0.15,0.05,0.7,Y,0,,,2020,0.06,2026,0.0162,Y
159833.SZ,大成上海金ETF,上海黄金交易所上海金集中定价合约午盘基准价格,上海黄金交易所上海金集中定价合约午盘基准价格收益率×100%,黄金现货合约,大成基金管理有限公司,20220329,20230606,D,nan,nan,,Y,0,,,2022,0.0331,2023,0.0158,Y
159717.SZ,鹏华国证ESG300ETF,国证ESG300,国证ESG300指数收益率×100%,被动指数型,鹏华基金管理有限公司,20210929,nan,L,0.5,0.1,0.29,Y,0,,,2021,0.0742,2026,0.0156,Y
562010.SH,华宝中证绿色能源ETF,中证绿色能源,中证绿色能源指数收益率×100%,被动指数型,华宝基金管理有限公司,20230103,nan,L,0.5,0.1,0.17,Y,0,,,2023,0.0459,2026,0.0156,Y
159815.SZ,招商中证浙江100ETF,中证浙江100,中证浙江100指数收益率×100%,被动指数型,招商基金管理有限公司,20200818,20230428,D,nan,nan,,Y,0,,,2020,0.0485,2023,0.0155,Y
512970.SH,平安中证粤港澳大湾区发展主题ETF,中证粤港澳大湾区发展主题,中证粤港澳大湾区发展主题指数收益率×100%,被动指数型,平安基金管理有限公司,20191111,nan,L,0.15,0.05,0.08,Y,0,,,2020,0.2246,2026,0.015,Y
510650.SH,华夏上证金融地产ETF,上证金融地产行业,上证金融地产行业指数×100%,被动指数型,华夏基金管理有限公司,20130508,nan,L,0.5,0.1,0.35,Y,2,2014,2015,2015,1.242,2026,0.0147,Y
159743.SZ,博时中证湖北新旧动能转换ETF,中证湖北新旧动能转换,中证湖北新旧动能转换指数收益率×100%,被动指数型,博时基金管理有限公司,20220111,nan,L,0.5,0.1,1.55,Y,0,,,2022,0.0266,2026,0.0143,Y
515090.SH,博时中证可持续发展100ETF,中证可持续发展100,中证可持续发展100指数收益率×100%,被动指数型,博时基金管理有限公司,20200220,nan,L,0.5,0.1,0.16,Y,0,,,2020,0.1066,2026,0.0136,Y
512260.SH,华安中证500行业中性低波动ETF,中证500行业中性低波动,中证500行业中性低波动指数收益率×100%,被动指数型,华安基金管理有限公司,20190111,nan,L,0.5,0.1,0.4,Y,0,,,2019,0.1249,2026,0.0133,Y
517850.SH,汇添富中证沪港深张江自主创新50ETF,中证沪港深张江自主创新50,中证沪港深张江自主创新50指数收益率×100%,被动指数型,汇添富基金管理股份有限公司,20220516,nan,L,0.15,0.05,0.49,Y,0,,,2022,0.1298,2026,0.0127,Y
562330.SH,银华中证500价值ETF,中证500价值,中证500价值指数收益率×100%,被动指数型,银华基金管理股份有限公司,20230418,nan,L,0.5,0.1,0.15,Y,0,,,2023,0.1608,2026,0.0119,Y
517960.SH,摩根中证沪港深科技100ETF,中证沪港深科技100,中证沪港深科技100指数收益率×100%,被动指数型,摩根基金管理(中国)有限公司,20211223,20240904,D,nan,nan,,Y,0,,,2022,0.042,2024,0.0096,Y
159709.SZ,工银瑞信深证物联网50ETF,深证物联网50,深证物联网50指数收益率×100%,被动指数型,工银瑞信基金管理有限公司,20210702,nan,L,0.45,0.07,0.35,Y,0,,,2021,0.0658,2026,0.0094,Y
159988.SZ,平安中债-0-5年广东省地方政府债ETF,中债-0-5年广东省地方政府债,中债-0-5年广东省地方政府债指数收益率×100%,被动指数型,平安基金管理有限公司,20200529,20220630,D,nan,nan,,Y,0,,,2020,0.0252,2022,0.0092,Y
512860.SH,华安MSCI中国A股国际ETF,MSCI中国A股国际,MSCI中国A股国际指数收益率×100%,被动指数型,华安基金管理有限公司,20181026,20210430,D,nan,nan,,Y,0,,,2020,0.0088,2020,0.0088,Y
159809.SZ,博时恒生沪深港通大湾区综合ETF,恒生沪深港通大湾区综合,恒生沪深港通大湾区综合指数收益率×100%,被动指数型,博时基金管理有限公司,20200521,20211021,D,nan,nan,,Y,0,,,2020,0.0611,2021,0.0085,Y
510700.SH,长盛上证市值百强ETF,上证市值100,上证市值100指数×100%,被动指数型,长盛基金管理有限公司,20130531,20151014,D,nan,nan,,Y,0,,,2013,0.0579,2015,0.0082,Y
512350.SH,兴业中证福建50ETF,中证福建50,中证福建50指数收益率×100%,被动指数型,兴业基金管理有限公司,20200910,20220317,D,nan,nan,,Y,0,,,2020,0.019,2021,0.0079,Y
159203.SZ,博时国证大盘成长ETF,国证大盘成长,国证大盘成长指数收益率×100%,被动指数型,博时基金管理有限公司,20250630,nan,L,0.5,0.1,0.13,Y,0,,,2025,0.0507,2026,0.0076,Y
159973.SZ,弘毅远方国证民企领先100ETF,国证民企领先100,国证民企领先100指数收益率×100%,被动指数型,弘毅远方基金管理有限公司,20190809,nan,L,0.3,0.2,3.84,Y,0,,,2024,0.0089,2026,0.007,Y
159926.SZ,嘉实中证金边中期国债ETF,中证金边中期国债,中证金边中期国债指数×100%,被动指数型,嘉实基金管理有限公司,20130805,20220622,D,nan,nan,,Y,0,,,2014,0.323,2022,0.0065,Y
510160.SH,南方中证南方小康产业ETF,中证南方小康产业,中证南方小康产业指数×100%,被动指数型,南方基金管理股份有限公司,20101101,nan,L,0.5,0.1,1.67,Y,0,,,2015,0.201,2026,0.0064,Y
159913.SZ,交银深证300价值ETF,深证300价值价格,深证300价值价格指数×100%,被动指数型,交银施罗德基金管理有限公司,20111025,nan,L,0.5,0.1,0.55,Y,0,,,2015,0.028,2026,0.0063,Y
510060.SH,工银瑞信上证中央企业50ETF,上证中央企业50,上证中央企业50指数×100%,被动指数型,工银瑞信基金管理有限公司,20091027,nan,L,0.5,0.1,0.96,Y,1,2015,2015,2015,0.8161,2026,0.0061,Y
511230.SH,海富通上证周期产业债ETF,上证周期产业债,上证周期产业债指数×100%,被动指数型,海富通基金管理有限公司,20170421,20210329,D,nan,nan,,Y,0,,,2018,0.0056,2018,0.0056,Y
159911.SZ,鹏华深证民营ETF,深证民营P,深证民营P×100%,被动指数型,鹏华基金管理有限公司,20111014,20200619,D,nan,nan,,Y,0,,,2015,0.2401,2020,0.0055,Y
512310.SH,南方中证500工业指数ETF,中证500工业,中证500工业指数×100%,被动指数型,南方基金管理股份有限公司,20150508,20210416,D,nan,nan,,Y,0,,,2015,0.0957,2020,0.0052,Y
512340.SH,南方中证500原材料指数ETF,中证500原材料,中证500原材料指数×100%,被动指数型,南方基金管理股份有限公司,20150515,20210416,D,nan,nan,,Y,0,,,2015,0.0869,2020,0.0052,Y
159528.SZ,富国中证国有企业改革ETF,中证国有企业改革,中证国有企业改革指数收益率×100%,被动指数型,富国基金管理有限公司,20240520,nan,L,0.5,0.1,0.09,Y,0,,,2024,0.0602,2026,0.0051,Y
517160.SH,南方中证长江保护主题ETF,中证长江保护主题,中证长江保护主题指数×100%,被动指数型,南方基金管理股份有限公司,20220105,nan,L,0.15,0.05,17.5,Y,0,,,2022,0.0197,2026,0.0049,Y
159978.SZ,建信中证沪港深粤港澳大湾区发展主题ETF,中证沪港深粤港澳大湾区发展主题,中证沪港深粤港澳大湾区发展主题指数收益率×100%,被动指数型,建信基金管理有限责任公司,20200414,20230112,D,nan,nan,,Y,0,,,2020,0.0775,2022,0.0042,Y
512210.SH,景顺长城中证800食品饮料ETF,中证800食品饮料,中证800食品饮料指数×100%,被动指数型,景顺长城基金管理有限公司,20140819,20180831,D,nan,nan,,Y,0,,,2014,0.0488,2017,0.0041,Y
159965.SZ,国联央视财经50ETF,央视财经50,央视财经50指数收益率×100%,被动指数型,国联基金管理有限公司,20190424,nan,L,0.5,0.1,0.35,Y,0,,,2019,0.0803,2026,0.0037,Y
560030.SH,汇添富中证800价值ETF,中证800价值,中证800价值指数收益率×100%,被动指数型,汇添富基金管理股份有限公司,20230710,nan,L,0.5,0.1,0.31,Y,0,,,2023,0.0702,2026,0.0035,Y
159953.SZ,广发中证全指工业ETF,中证全指工业,中证全指工业指数×100%,被动指数型,广发基金管理有限公司,20170714,20201217,D,nan,nan,,Y,0,,,2017,0.0279,2020,0.0035,Y
515570.SH,山西证券中证红利潜力ETF,中证红利潜力,中证红利潜力指数收益率×100%,被动指数型,山西证券股份有限公司,20200409,20231218,D,nan,nan,,Y,0,,,2020,0.0211,2023,0.0033,Y
159803.SZ,易方达中证浙江新动能ETF(QDII),中证浙江新动能,中证浙江新动能指数收益率×100%,被动指数型,易方达基金管理有限公司,20200526,20210928,D,nan,nan,,Y,0,,,2020,0.02,2021,0.0032,Y
159804.SZ,国寿安保国证创业板中盘精选88ETF,国证创业板中盘精选88,国证创业板中盘精选88指数×100%,被动指数型,国寿安保基金管理有限公司,20200331,nan,L,0.3,0.1,0.26,Y,0,,,2020,0.074,2026,0.0031,Y
512870.SH,南华中证杭州湾区ETF,中证杭州湾区,中证杭州湾区指数收益率×100%,被动指数型,南华基金管理有限公司,20190222,nan,L,0.5,0.1,0.33,Y,0,,,2019,0.053,2026,0.0031,Y
159946.SZ,广发中证全指主要消费ETF,中证全指主要消费,中证全指主要消费指数×100%,被动指数型,广发基金管理有限公司,20150713,20181228,D,nan,nan,,Y,0,,,2015,0.0245,2018,0.003,Y
510090.SH,建信上证社会责任ETF,上证社会责任,上证社会责任指数×100%,被动指数型,建信基金管理有限责任公司,20100809,nan,L,0.5,0.1,0.65,Y,0,,,2015,0.0046,2026,0.0029,Y
510010.SH,交银上证180公司治理ETF,上证180公司治理,上证180公司治理指数×100%,被动指数型,交银施罗德基金管理有限公司,20091215,nan,L,0.5,0.1,2.31,Y,1,2015,2015,2015,1.1419,2026,0.0027,Y
510420.SH,景顺长城上证180等权重ETF,上证180等权重,上证180等权重指数×100%,被动指数型,景顺长城基金管理有限公司,20120709,20191108,D,nan,nan,,Y,1,2015,2015,2015,0.6878,2018,0.0027,Y
512270.SH,华安沪深300行业中性低波动ETF,沪深300行业中性低波动,沪深300行业中性低波动指数收益率×100%,被动指数型,华安基金管理有限公司,20190329,20210923,D,nan,nan,,Y,0,,,2019,0.0337,2021,0.0027,Y
159933.SZ,国投瑞银沪深300金融地产ETF,沪深300金融地产,沪深300金融地产指数×100%,被动指数型,国投瑞银基金管理有限公司,20131016,nan,L,0.6,0.13,1.07,Y,0,,,2015,0.0582,2026,0.0026,Y
510450.SH,上投摩根上证180高贝塔ETF,上证180高贝塔,上证180高贝塔指数×100%,被动指数型,摩根基金管理(中国)有限公司,20130801,20160824,D,nan,nan,,Y,0,,,2013,0.0598,2016,0.0025,Y
159924.SZ,景顺长城沪深300等权重ETF,沪深300等权重,沪深300等权重指数×100%,被动指数型,景顺长城基金管理有限公司,20130605,20180320,D,nan,nan,,Y,0,,,2013,0.0534,2017,0.0025,Y
159962.SZ,华夏中证四川国企改革ETF,中证四川国企改革,中证四川国企改革指数收益率×100%,被动指数型,华夏基金管理有限公司,20190418,20221109,D,nan,nan,,Y,0,,,2020,0.1915,2022,0.0024,Y
159986.SZ,弘毅远方国证消费100ETF,国证消费100,国证消费100指数收益率×100%,被动指数型,弘毅远方基金管理有限公司,20200120,20221027,D,nan,nan,,Y,0,,,2020,0.0332,2022,0.0024,Y
510110.SH,海富通上证周期行业50ETF,上证周期行业50,上证周期行业50指数×100%,被动指数型,海富通基金管理有限公司,20101115,20230811,D,nan,nan,,Y,0,,,2015,0.1239,2023,0.0023,Y
511310.SH,富国中证10年期国债ETF,中证10年期国债,中证10年期国债指数×100%,被动指数型,富国基金管理有限公司,20180426,20230308,D,nan,nan,,Y,0,,,2018,0.0185,2022,0.002,Y
515520.SH,大成MSCI中国A股质优价值100ETF,MSCI中国A股质优价值100,MSCI中国A股质优价值100指数收益率×100%,被动指数型,大成基金管理有限公司,20191118,20230613,D,nan,nan,,Y,0,,,2020,0.0836,2023,0.0016,Y
512790.SH,华安中证民企成长ETF,中证民企成长,中证民企成长指数收益率×100%,被动指数型,华安基金管理有限公司,20190906,20200731,D,nan,nan,,Y,0,,,2019,0.0378,2020,0.0016,Y
512780.SH,广发中证京津冀协同发展主题ETF,中证京津冀协同发展主题,中证京津冀协同发展主题指数×100%,被动指数型,广发基金管理有限公司,20180524,20230112,D,nan,nan,,Y,0,,,2018,0.019,2022,0.0016,Y
159942.SZ,华润元大中创100ETF,中小企业板创业板100,中小企业板创业板100指数(价格)×100%,被动指数型,华润元大基金管理有限公司,20150625,20181106,D,nan,nan,,Y,0,,,2015,0.0386,2018,0.0015,Y
515510.SH,嘉实中证500成长估值ETF,中证500成长估值,中证500成长估值指数收益率×100%,被动指数型,嘉实基金管理有限公司,20200506,20230508,D,nan,nan,,Y,0,,,2020,0.0377,2022,0.0015,Y
510260.SH,诺安上证新兴产业ETF,上证新兴产业,上证新兴产业指数×100%,被动指数型,诺安基金管理有限公司,20110608,20200115,D,nan,nan,,Y,1,2015,2015,2015,1.3236,2019,0.0014,Y
510220.SH,华泰柏瑞上证中小盘ETF,上证中小盘,上证中小盘指数×100%,被动指数型,华泰柏瑞基金管理有限公司,20110328,20221227,D,nan,nan,,Y,0,,,2015,0.034,2022,0.0014,Y
510070.SH,鹏华上证民营企业50ETF,上证民营企业50,上证民营企业50指数×100%,被动指数型,鹏华基金管理有限公司,20101029,20200813,D,nan,nan,,Y,0,,,2015,0.0682,2020,0.0012,Y
159932.SZ,大成中证500深市ETF,中证500深市,中证500深市指数×100%,被动指数型,大成基金管理有限公司,20131021,20221122,D,nan,nan,,Y,0,,,2014,0.0088,2022,0.001,Y
510440.SH,大成中证500沪市ETF,中证500沪市,中证500沪市指数×100%,被动指数型,大成基金管理有限公司,20121008,20221222,D,nan,nan,,Y,0,,,2015,0.0466,2022,0.0009,Y
159951.SZ,嘉实中关村A股ETF,中关村A股综合,中关村A股综合指数×100%,被动指数型,嘉实基金管理有限公司,20170710,20220824,D,nan,nan,,Y,0,,,2017,0.038,2022,0.0009,Y
510430.SH,银华上证50等权重ETF,上证50等权重,上证50等权重指数×100%,被动指数型,银华基金管理股份有限公司,20120924,20201218,D,nan,nan,,Y,0,,,2015,0.1181,2020,0.0008,Y
510280.SH,华宝上证180成长ETF,上证180成长,上证180成长指数×100%,被动指数型,华宝基金管理有限公司,20111018,20190930,D,nan,nan,,Y,0,,,2015,0.0637,2018,0.0008,Y
511280.SH,华夏上证3-5年期中高评级可质押信用债ETF,上证3-5年期中高评级可质押信用债,上证3-5年期中高评级可质押信用债指数收益率×100%,被动指数型,华夏基金管理有限公司,20180531,20211022,D,nan,nan,,Y,0,,,2018,0.0118,2021,0.0008,Y
159921.SZ,诺安中小板等权重ETF,中小板等权重,中小板等权重指数收益率×100%,被动指数型,诺安基金管理有限公司,20130131,20171108,D,nan,nan,,Y,0,,,2015,0.0328,2017,0.0007,Y
512850.SH,中信建投中证北京50ETF,中证北京50,中证北京50指数收益率×100%,被动指数型,中信建投基金管理有限公司,20181109,20210219,D,nan,nan,,Y,0,,,2019,0.0117,2020,0.0007,Y
511210.SH,博时上证企债30ETF,上证企债30,上证企债30指数×100%,被动指数型,博时基金管理有限公司,20130816,20180126,D,nan,nan,,Y,0,,,2013,0.1953,2017,0.0006,Y
512110.SH,华安中证细分地产ETF,中证细分房地产产业主题,中证细分房地产产业主题指数×100%,被动指数型,华安基金管理有限公司,20140106,20170113,D,nan,nan,,Y,0,,,2014,0.0137,2016,0.0006,Y
511050.SH,兴业上证1-5年期地方政府债ETF,上证1-5年期地方政府债,上证1-5年期地方政府债指数收益率×100%,被动指数型,兴业基金管理有限公司,20200730,20210831,D,nan,nan,,Y,0,,,2021,0.0005,2021,0.0005,Y
510120.SH,海富通上证非周期行业100ETF,上证非周期行业100,上证非周期行业100指数×100%,被动指数型,海富通基金管理有限公司,20110608,20230811,D,nan,nan,,Y,0,,,2015,0.0814,2023,0.0004,Y
