symbol,name,theme,benchmark,invest_type,management,list_date,delist_date,list_status,m_fee,c_fee,scale_yi,scale_reliable,n_qualify_years,first_qualify_year,last_qualify_year,peak_year,peak_avg_daily_yi,latest_year,latest_avg_daily_yi,theme_representative,theme_norm,sector
511360.SH,海富通中证短融ETF,中证短融,中证短融指数收益率×100%,被动指数型,海富通基金管理有限公司,20200925,nan,L,0.15,0.05,838.53,Y,6,2021,2026,2026,357.3249,2026,357.3249,Y,中证短融,中证短融
511380.SH,博时中证可转债及可交换债券ETF,中证可转债及可交换债券,中证可转债及可交换债券指数收益率×100%,被动指数型,博时基金管理有限公司,20200407,nan,L,0.15,0.05,622.12,Y,7,2020,2026,2026,102.4937,2026,102.4937,Y,中证可转债及可交换债券,中证可转债及可交换债券
511100.SH,华夏上证基准做市国债ETF,上证基准做市国债,上证基准做市国债指数收益率×100%,被动指数型,华夏基金管理有限公司,20231225,nan,L,0.15,0.05,121.75,Y,3,2024,2026,2026,98.8689,2026,98.8689,Y,上证基准做市国债,上证基准做市国债
513310.SH,华泰柏瑞中证韩交所中韩半导体ETF(QDII),中证韩交所中韩半导体,中证韩交所中韩半导体指数收益率×100%,被动指数型,华泰柏瑞基金管理有限公司,20221222,nan,L,0.8,0.15,116.76,Y,3,2024,2026,2026,92.4281,2026,92.4281,Y,中证韩交所中韩半导体,中证韩交所中韩半导体
551550.SH,华夏中证AAA科技创新公司债ETF,中证AAA科技创新公司债,中证AAA科技创新公司债指数收益率×100%,被动指数型,华夏基金管理有限公司,20250717,nan,L,0.15,0.05,181.52,Y,2,2025,2026,2026,81.3925,2026,81.3925,Y,中证AAA科技创新公司债,中证AAA科技创新公司债
551030.SH,鹏华上证AAA科技创新公司债ETF,上证AAA科技创新公司债,上证AAA科技创新公司债指数收益率×100%,被动指数型,鹏华基金管理有限公司,20250717,nan,L,0.15,0.05,186.9,Y,2,2025,2026,2026,71.5726,2026,71.5726,Y,上证AAA科技创新公司债,上证AAA科技创新公司债
511070.SH,南方上证基准做市公司债ETF,上证基准做市公司债,上证基准做市公司债指数收益率×100%,被动指数型,南方基金管理股份有限公司,20250122,nan,L,0.15,0.05,300.63,Y,2,2025,2026,2026,70.2475,2026,70.2475,Y,上证基准做市公司债,上证基准做市公司债
563360.SH,华泰柏瑞中证A500ETF,中证A500,中证A500指数收益率×100%,被动指数型,华泰柏瑞基金管理有限公司,20241015,nan,L,0.15,0.05,409.36,Y,2,2025,2026,2026,63.4755,2026,63.4755,Y,中证A500,中证A500
588000.SH,华夏上证科创板50成份ETF,上证科创板50成份,上证科创板50成份指数收益率×100%,被动指数型,华夏基金管理有限公司,20201116,nan,L,0.15,0.05,898.11,Y,6,2021,2026,2026,61.7833,2026,61.7833,Y,上证科创板50成份,上证科创板50成份
510300.SH,华泰柏瑞沪深300ETF,沪深300,沪深300指数×100%,被动指数型,华泰柏瑞基金管理有限公司,20120528,nan,L,0.15,0.05,1101.16,Y,14,2013,2026,2026,59.3494,2026,59.3494,Y,沪深300,沪深300
513090.SH,易方达中证香港证券投资主题ETF,中证香港证券投资主题,中证香港证券投资主题指数收益率(使用估值汇率折算)×100%,被动指数型,易方达基金管理有限公司,20200326,nan,L,0.15,0.05,185.43,Y,7,2020,2026,2025,98.4548,2026,57.8456,Y,中证香港证券投资主题,跨境-港股金融
159915.SZ,易方达创业板ETF,创业板指数P,创业板指数P×100%,被动指数型,易方达基金管理有限公司,20111209,nan,L,0.15,0.05,648.43,Y,14,2013,2026,2026,57.5289,2026,57.5289,Y,创业板,创业板
518880.SH,华安易富黄金ETF,Au99.99合约,国内黄金现货价格收益率(Au99.99合约)×100%,黄金现货合约,华安基金管理有限公司,20130729,nan,L,0.5,0.1,1065.41,Y,11,2016,2026,2026,56.9987,2026,56.9987,Y,黄金现货Au99.99,黄金
513120.SH,广发中证香港创新药ETF(QDII),中证香港创新药,中证香港创新药指数收益率×100%,被动指数型,广发基金管理有限公司,20220712,nan,L,0.5,0.1,243.38,Y,5,2022,2026,2026,56.8179,2026,56.8179,Y,中证香港创新药,跨境-港股医药
510500.SH,南方中证500ETF,中证小盘500,中证小盘500指数×100%,被动指数型,南方基金管理股份有限公司,20130315,nan,L,0.15,0.05,430.42,Y,12,2015,2026,2026,48.8835,2026,48.8835,Y,中证500,中证500
511090.SH,鹏扬中债-30年期国债ETF,中债-30年期国债,中债-30年期国债指数收益率×100%,被动指数型,鹏扬基金管理有限公司,20230613,nan,L,0.15,0.05,331.25,Y,4,2023,2026,2025,83.9953,2026,42.6573,Y,中债-30年期国债,中债-30年期国债
588200.SH,嘉实上证科创板芯片ETF,上证科创板芯片,上证科创板芯片指数收益率×100%,被动指数型,嘉实基金管理有限公司,20221026,nan,L,0.5,0.1,506.54,Y,4,2023,2026,2026,41.8941,2026,41.8941,Y,上证科创板芯片,半导体芯片
513130.SH,华泰柏瑞南方东英恒生科技指数ETF(QDII),恒生科技,恒生科技指数收益率(使用估值汇率折算)×100%,被动指数型,华泰柏瑞基金管理有限公司,20210601,nan,L,0.2,0.05,325.06,Y,6,2021,2026,2025,51.1334,2026,41.1639,Y,恒生科技,跨境-港股科技
511260.SH,国泰上证10年期国债ETF,上证10年期国债,上证10年期国债指数×100%,被动指数型,国泰基金管理有限公司,20170824,nan,L,0.15,0.05,229.1,Y,7,2020,2026,2026,40.3975,2026,40.3975,Y,上证10年期国债,上证10年期国债
512100.SH,南方中证1000ETF,中证1000,中证1000指数×100%,被动指数型,南方基金管理股份有限公司,20161104,nan,L,0.15,0.05,206.17,Y,6,2021,2026,2026,34.9907,2026,34.9907,Y,中证1000,中证1000
588170.SH,华夏上证科创板半导体材料设备主题ETF,上证科创板半导体材料设备主题,上证科创板半导体材料设备主题指数收益率×100%,被动指数型,华夏基金管理有限公司,20250408,nan,L,0.5,0.1,440.13,Y,2,2025,2026,2026,33.3656,2026,33.3656,Y,上证科创板半导体材料设备主题,半导体芯片
515880.SH,国泰中证全指通信设备ETF,中证全指通信设备,中证全指通信设备指数收益率×100%,被动指数型,国泰基金管理有限公司,20190906,nan,L,0.5,0.1,421.5,Y,7,2019,2026,2026,32.1968,2026,32.1968,Y,中证全指通信设备,中证全指通信设备
159516.SZ,国泰中证半导体材料设备主题ETF,中证半导体材料设备主题,中证半导体材料设备主题指数收益率×100%,被动指数型,国泰基金管理有限公司,20230727,nan,L,0.5,0.1,447.55,Y,4,2023,2026,2026,31.8839,2026,31.8839,Y,中证半导体材料设备主题,半导体芯片
159816.SZ,鹏华中证0-4年期地方政府债ETF,中证0-4年期地方政府债,中证0-4年期地方政府债指数收益率×100%,被动指数型,鹏华基金管理有限公司,20200904,nan,L,0.15,0.05,110.75,Y,3,2024,2026,2026,31.1827,2026,31.1827,Y,中证0-4年期地方政府债,中证0-4年期地方政府债
511030.SH,平安中债-中高等级公司债利差因子ETF,中债-中高等级公司债利差因子,中债-中高等级公司债利差因子指数收益率×100%,被动指数型,平安基金管理有限公司,20190322,nan,L,0.15,0.05,436.14,Y,5,2022,2026,2026,29.483,2026,29.483,Y,中债-中高等级公司债利差因子,中债-中高等级公司债利差因子
510050.SH,华夏上证50ETF,上海证券交易所50成份,上海证券交易所50成份指数×100%,被动指数型,华夏基金管理有限公司,20050223,nan,L,0.15,0.05,206.6,Y,14,2013,2026,2015,36.262,2026,29.2499,Y,上证50,上证50
511580.SH,招商中证国债及政策性金融债0-3年ETF,中证国债及政策性金融债0-3年,中证国债及政策性金融债0-3年指数收益率×100%,被动指数型,招商基金管理有限公司,20221214,nan,L,0.15,0.05,76.87,Y,4,2023,2026,2026,28.5574,2026,28.5574,Y,中证国债及政策性金融债0-3年,中证国债及政策性金融债0-3年
159398.SZ,天弘深证基准做市信用债ETF,深证基准做市信用债,深证基准做市信用债指数收益率×100%,被动指数型,天弘基金管理有限公司,20250206,nan,L,0.15,0.05,90.35,Y,2,2025,2026,2025,26.1189,2026,25.6932,Y,深证基准做市信用债,深证基准做市信用债
511130.SH,博时上证30年期国债ETF,上证30年期国债,上证30年期国债指数收益率×100%,被动指数型,博时基金管理有限公司,20240328,nan,L,0.15,0.05,209.55,Y,3,2024,2026,2025,29.9843,2026,25.2042,Y,上证30年期国债,上证30年期国债
511180.SH,海富通上证投资级可转债及可交换债券ETF,上证投资级可转债及可交换债券,上证投资级可转债及可交换债券指数收益率×100%,被动指数型,海富通基金管理有限公司,20200826,nan,L,0.25,0.05,125.3,Y,5,2022,2026,2026,24.919,2026,24.919,Y,上证投资级可转债及可交换债券,上证投资级可转债及可交换债券
513330.SH,华夏恒生互联网科技业ETF(QDII),恒生互联网科技业,恒生互联网科技业指数收益率(使用估值汇率折算)×100%,被动指数型,华夏基金管理有限公司,20210208,nan,L,0.5,0.15,259.05,Y,6,2021,2026,2025,36.2709,2026,24.0494,Y,恒生互联网科技业,跨境-港股科技
159570.SZ,汇添富国证港股通创新药ETF,国证港股通创新药,国证港股通创新药指数收益率(经估值汇率调整后)×100%,被动指数型,汇添富基金管理股份有限公司,20240122,nan,L,0.5,0.1,233.04,Y,2,2025,2026,2026,23.6641,2026,23.6641,Y,国证港股通创新药,跨境-港股医药
513050.SH,易方达中证海外中国互联网50ETF(QDII),中证海外中国互联网50,中证海外中国互联网50指数(人民币)×100%,被动指数型,易方达基金管理有限公司,20170118,nan,L,0.6,0.2,370.24,Y,7,2020,2026,2025,27.182,2026,23.586,Y,中证海外中国互联网50,跨境-中概互联
159792.SZ,富国中证港股通互联网ETF,中证港股通互联网,中证港股通互联网指数收益率×100%,被动指数型,富国基金管理有限公司,20210928,nan,L,0.15,0.05,373.54,Y,5,2022,2026,2025,25.0561,2026,23.1887,Y,中证港股通互联网,跨境-港股科技
512880.SH,国泰中证全指证券公司ETF,中证全指证券公司,中证全指证券公司指数×100%,被动指数型,国泰基金管理有限公司,20160808,nan,L,0.5,0.1,626.69,Y,9,2018,2026,2025,22.3655,2026,22.1258,Y,中证全指证券公司,中证全指证券公司
511520.SH,富国中债7-10年政策性金融债ETF,中债7-10年政策性金融债,中债7-10年政策性金融债指数×100%,被动指数型,富国基金管理有限公司,20221025,nan,L,0.15,0.05,453.65,Y,4,2023,2026,2024,67.5209,2026,19.6038,Y,中债7-10年政策性金融债,中债7-10年政策性金融债
159949.SZ,华安创业板50ETF,创业板50,创业板50指数×100%,被动指数型,华安基金管理有限公司,20160722,nan,L,0.5,0.1,249.45,Y,9,2018,2026,2026,19.4048,2026,19.4048,Y,创业板50,创业板50
511270.SH,海富通上证10年期地方政府债ETF,上证10年期地方政府债,上证10年期地方政府债指数收益率×100%,被动指数型,海富通基金管理有限公司,20181122,nan,L,0.15,0.05,108.7,Y,5,2022,2026,2026,17.189,2026,17.189,Y,上证10年期地方政府债,上证10年期地方政府债
512480.SH,国联安中证全指半导体产品与设备ETF,中证全指半导体产品与设备,中证全指半导体产品与设备指数收益率×100%,被动指数型,国联安基金管理有限公司,20190612,nan,L,0.5,0.1,202.27,Y,7,2020,2026,2026,16.758,2026,16.758,Y,中证全指半导体产品与设备,中证全指半导体产品与设备
159972.SZ,鹏华中证5年期地方政府债ETF,中证5年期地方政府债,中证5年期地方政府债指数收益率×100%,被动指数型,鹏华基金管理有限公司,20191108,nan,L,0.15,0.05,79.75,Y,3,2024,2026,2026,15.1979,2026,15.1979,Y,中证5年期地方政府债,中证5年期地方政府债
159518.SZ,嘉实标普石油天然气勘探及生产精选行业ETF(QDII),经估值汇率调整后的标普石油天然气勘探及生产精选行业,经估值汇率调整后的标普石油天然气勘探及生产精选行业指数收益率×100%,被动指数型,嘉实基金管理有限公司,20231115,nan,L,0.5,0.1,21.0,Y,2,2025,2026,2026,14.9361,2026,14.9361,Y,标普石油天然气勘探及生产精选行业,跨境-美股行业
512400.SH,南方中证申万有色金属ETF,中证申万有色金属,中证申万有色金属指数×100%,被动指数型,南方基金管理股份有限公司,20170901,nan,L,0.5,0.1,276.41,Y,7,2020,2026,2026,14.8232,2026,14.8232,Y,中证申万有色金属,有色金属
159206.SZ,永赢国证商用卫星通信产业ETF,国证商用卫星通信产业,国证商用卫星通信产业指数收益率×100%,被动指数型,永赢基金管理有限公司,20250314,nan,L,0.5,0.1,132.58,Y,2,2025,2026,2026,13.9532,2026,13.9532,Y,国证商用卫星通信产业,通信
511220.SH,海富通上证城投债ETF,上证城投债,上证城投债指数收益率×100%,被动指数型,海富通基金管理有限公司,20190424,nan,L,0.15,0.05,552.75,Y,5,2022,2026,2026,13.7223,2026,13.7223,Y,上证城投债,上证城投债
513350.SH,富国标普石油天然气勘探及生产精选行业ETF(QDII),标普石油天然气勘探及生产精选行业,标普石油天然气勘探及生产精选行业指数收益率(经汇率调整后)×100%,被动指数型,富国基金管理有限公司,20231128,nan,L,0.5,0.1,11.37,Y,2,2025,2026,2026,13.5406,2026,13.5406,Y,标普石油天然气勘探及生产精选行业,跨境-美股行业
159326.SZ,华夏中证电网设备主题ETF,中证电网设备主题,中证电网设备主题指数收益率×100%,被动指数型,华夏基金管理有限公司,20240909,nan,L,0.5,0.1,199.29,Y,2,2025,2026,2026,13.1372,2026,13.1372,Y,中证电网设备主题,电网设备
511010.SH,国泰上证5年期国债ETF,上证5年期国债,上证5年期国债指数×100%,被动指数型,国泰基金管理有限公司,20130325,nan,L,0.15,0.05,70.2,Y,14,2013,2026,2026,12.3139,2026,12.3139,Y,上证5年期国债,上证5年期国债
159941.SZ,广发纳斯达克100ETF(QDII),纳斯达克100,纳斯达克100指数×100%,被动指数型,广发基金管理有限公司,20150713,nan,L,0.8,0.2,372.58,Y,6,2020,2026,2026,12.1773,2026,12.1773,Y,纳斯达克100,纳斯达克100
159981.SZ,建信易盛郑商所能源化工期货ETF,易盛郑商所能源化工指数A,易盛郑商所能源化工指数A收益率×100%,能源化工期货型,建信基金管理有限责任公司,20200117,nan,L,0.5,0.1,30.1,Y,2,2025,2026,2026,11.9548,2026,11.9548,Y,易盛郑商所能源化工指数A,易盛郑商所能源化工指数A
520500.SH,华泰柏瑞恒生创新药ETF(QDII),恒生创新药,恒生创新药指数收益率×100%,被动指数型,华泰柏瑞基金管理有限公司,20241227,nan,L,0.5,0.1,26.63,Y,2,2025,2026,2026,11.8579,2026,11.8579,Y,恒生创新药,跨境-港股医药
511060.SH,海富通上证5年期地方政府债ETF,上证5年期地方政府债,上证5年期地方政府债指数收益率×100%,被动指数型,海富通基金管理有限公司,20191212,nan,L,0.15,0.05,23.3,Y,5,2022,2026,2026,11.8055,2026,11.8055,Y,上证5年期地方政府债,上证5年期地方政府债
159400.SZ,景顺长城深证AAA科技创新公司债ETF,深证AAA科技创新公司债,深证AAA科技创新公司债指数收益率×100%,被动指数型,景顺长城基金管理有限公司,20250717,nan,L,0.15,0.05,72.14,Y,2,2025,2026,2026,11.3607,2026,11.3607,Y,深证AAA科技创新公司债,深证AAA科技创新公司债
159363.SZ,华宝创业板人工智能ETF,创业板人工智能,创业板人工智能指数收益率×100%,被动指数型,华宝基金管理有限公司,20241216,nan,L,0.5,0.1,70.03,Y,2,2025,2026,2026,11.2541,2026,11.2541,Y,创业板人工智能,创业板人工智能
159131.SZ,华宝中证港股通信息技术综合ETF,经人民币汇率调整的中证港股通信息技术综合,经人民币汇率调整的中证港股通信息技术综合指数收益率×100%,被动指数型,华宝基金管理有限公司,20251113,nan,L,0.5,0.1,22.47,Y,1,2026,2026,2026,11.1753,2026,11.1753,Y,中证港股通信息技术综合,跨境-港股科技
513750.SH,广发中证港股通非银行金融主题ETF,中证港股通非银行金融主题,中证港股通非银行金融主题指数收益率×100%,被动指数型,广发基金管理有限公司,20231127,nan,L,0.5,0.1,125.85,Y,3,2024,2026,2026,11.0355,2026,11.0355,Y,中证港股通非银行金融主题,跨境-港股金融
159995.SZ,华夏国证半导体芯片ETF,国证半导体芯片,国证半导体芯片指数收益率×100%,被动指数型,华夏基金管理有限公司,20200210,nan,L,0.5,0.1,282.32,Y,7,2020,2026,2020,16.1756,2026,10.921,Y,国证半导体芯片,半导体芯片
159870.SZ,鹏华中证细分化工产业主题ETF,中证细分化工产业主题,中证细分化工产业主题指数收益率×100%,被动指数型,鹏华基金管理有限公司,20210303,nan,L,0.5,0.1,139.41,Y,5,2021,2026,2026,10.1196,2026,10.1196,Y,中证细分化工产业主题,化工
515050.SH,华夏中证5G通信主题ETF,中证5G通信主题,中证5G通信主题指数收益率×100%,被动指数型,华夏基金管理有限公司,20191016,nan,L,0.5,0.1,180.53,Y,7,2020,2026,2020,11.2014,2026,9.4856,Y,中证5G通信主题,通信
562500.SH,华夏中证机器人ETF,中证机器人,中证机器人指数收益率×100%,被动指数型,华夏基金管理有限公司,20211229,nan,L,0.5,0.1,179.6,Y,3,2024,2026,2025,11.3516,2026,9.4427,Y,中证机器人,机器人
511020.SH,平安中证5-10年期国债活跃券ETF,中证5-10年期国债活跃券,中证5-10年期国债活跃券指数收益率×100%,被动指数型,平安基金管理有限公司,20190222,nan,L,0.15,0.05,45.2,Y,5,2022,2026,2026,9.3541,2026,9.3541,Y,中证5-10年期国债活跃券,中证5-10年期国债活跃券
515220.SH,国泰中证煤炭ETF,中证煤炭,中证煤炭指数收益率×100%,被动指数型,国泰基金管理有限公司,20200302,nan,L,0.5,0.1,144.36,Y,7,2020,2026,2026,9.1402,2026,9.1402,Y,中证煤炭,煤炭
512800.SH,华宝中证银行ETF,中证银行,中证银行指数×100%,被动指数型,华宝基金管理有限公司,20170803,nan,L,0.5,0.1,99.29,Y,8,2019,2026,2026,8.6429,2026,8.6429,Y,中证银行,银行
159892.SZ,华夏恒生生物科技ETF(QDII),恒生生物科技,恒生生物科技指数收益率(使用估值汇率折算)×100%,被动指数型,华夏基金管理有限公司,20211019,nan,L,0.5,0.15,42.99,Y,5,2022,2026,2025,9.8866,2026,8.59,Y,恒生生物科技,跨境-港股医药
159530.SZ,易方达国证机器人产业ETF,国证机器人产业,国证机器人产业指数收益率×100%,被动指数型,易方达基金管理有限公司,20240118,nan,L,0.5,0.1,171.05,Y,2,2025,2026,2026,8.5746,2026,8.5746,Y,国证机器人产业,机器人
159992.SZ,银华中证创新药产业ETF,中证创新药产业,中证创新药产业指数收益率×100%,被动指数型,银华基金管理股份有限公司,20200410,nan,L,0.5,0.05,163.03,Y,7,2020,2026,2026,8.2954,2026,8.2954,Y,中证创新药产业,创新药
512890.SH,华泰柏瑞中证红利低波动ETF,中证红利低波动,中证红利低波动指数收益率×100%,被动指数型,华泰柏瑞基金管理有限公司,20190118,nan,L,0.5,0.1,331.14,Y,4,2023,2026,2026,8.1533,2026,8.1533,Y,中证红利低波动,红利策略
510210.SH,富国上证综指ETF,上海证券交易所综合,上海证券交易所综合指数×100%,被动指数型,富国基金管理有限公司,20110325,nan,L,0.5,0.1,148.7,Y,5,2022,2026,2026,7.7834,2026,7.7834,Y,上证综合,上证综合
159316.SZ,易方达恒生港股通创新药ETF,恒生港股通创新药,恒生港股通创新药指数收益率(使用估值汇率折算)×100%,被动指数型,易方达基金管理有限公司,20250326,nan,L,0.15,0.05,61.63,Y,2,2025,2026,2026,7.7579,2026,7.7579,Y,恒生港股通创新药,跨境-港股医药
159509.SZ,景顺长城纳斯达克科技市值加权ETF(QDII),纳斯达克科技市值加权,纳斯达克科技市值加权指数收益率(使用估值汇率调整)×100%,被动指数型,景顺长城基金管理有限公司,20230808,nan,L,0.8,0.2,186.6,Y,4,2023,2026,2024,12.231,2026,7.5739,Y,纳斯达克科技市值加权,纳斯达克科技市值加权
512690.SH,鹏华中证酒ETF,中证酒,中证酒指数收益率×100%,被动指数型,鹏华基金管理有限公司,20190506,nan,L,0.5,0.1,133.87,Y,7,2020,2026,2025,8.7205,2026,7.5506,Y,中证酒,白酒
517520.SH,永赢中证沪深港黄金产业股票ETF,中证沪深港黄金产业股票,中证沪深港黄金产业股票指数收益率×100%,被动指数型,永赢基金管理有限公司,20231101,nan,L,0.5,0.1,140.53,Y,3,2024,2026,2026,7.0961,2026,7.0961,Y,中证沪深港黄金产业股票,黄金
513060.SH,博时恒生医疗保健ETF(QDII),恒生医疗保健,恒生医疗保健指数×100%,被动指数型,博时基金管理有限公司,20210329,nan,L,0.5,0.15,49.28,Y,6,2021,2026,2025,16.5686,2026,7.046,Y,恒生医疗保健,跨境-港股医药
159967.SZ,华夏创业板动量成长ETF,创业板动量成长,创业板动量成长指数收益率×100%,被动指数型,华夏基金管理有限公司,20190715,nan,L,0.5,0.1,57.93,Y,6,2021,2026,2026,6.9727,2026,6.9727,Y,创业板动量成长,创业板动量成长
518850.SH,华夏黄金ETF,上海黄金交易所黄金现货实盘合约Au99.99价格,上海黄金交易所黄金现货实盘合约Au99.99价格收益率×100%,黄金现货合约,华夏基金管理有限公司,20200605,nan,L,0.15,0.05,173.61,Y,2,2025,2026,2026,6.8975,2026,6.8975,Y,黄金现货Au99.99,黄金
159819.SZ,易方达中证人工智能主题ETF,中证人工智能主题,中证人工智能主题指数收益率×100%,被动指数型,易方达基金管理有限公司,20200923,nan,L,0.15,0.05,215.26,Y,6,2020,2026,2025,7.883,2026,6.8042,Y,中证人工智能主题,人工智能
159980.SZ,大成有色金属期货ETF,上海期货交易所有色金属期货价格,上海期货交易所有色金属期货价格指数收益率×100%,有色金属期货型,大成基金管理有限公司,20191224,nan,L,0.6,0.1,63.55,Y,5,2022,2026,2026,6.7678,2026,6.7678,Y,上海期货交易所有色金属期货价格,上海期货交易所有色金属期货价格
512170.SH,华宝中证医疗ETF,中证医疗,中证医疗指数收益率×100%,被动指数型,华宝基金管理有限公司,20190617,nan,L,0.5,0.1,243.06,Y,7,2020,2026,2026,6.3844,2026,6.3844,Y,中证医疗,医药生物
510880.SH,华泰柏瑞上证红利ETF,上海证券交易所上证红利,上海证券交易所上证红利指数×100%,被动指数型,华泰柏瑞基金管理有限公司,20070118,nan,L,0.5,0.1,200.52,Y,8,2015,2026,2026,6.3256,2026,6.3256,Y,上证红利,红利策略
159755.SZ,广发国证新能源车电池ETF,国证新能源车电池,国证新能源车电池指数收益率×100%,被动指数型,广发基金管理有限公司,20210624,nan,L,0.5,0.1,74.6,Y,6,2021,2026,2026,6.2292,2026,6.2292,Y,国证新能源车电池,新能源车电池
159869.SZ,华夏中证动漫游戏ETF,中证动漫游戏,中证动漫游戏指数收益率×100%,被动指数型,华夏基金管理有限公司,20210305,nan,L,0.5,0.1,88.88,Y,5,2022,2026,2026,6.2017,2026,6.2017,Y,中证动漫游戏,传媒游戏
159636.SZ,工银瑞信国证港股通科技ETF,经汇率调整后的国证港股通科技,经汇率调整后的国证港股通科技指数收益率×100%,被动指数型,工银瑞信基金管理有限公司,20220720,nan,L,0.45,0.07,114.12,Y,5,2022,2026,2025,7.6608,2026,6.1378,Y,国证港股通科技,跨境-港股科技
159852.SZ,嘉实中证软件服务ETF,中证软件服务,中证软件服务指数收益率×100%,被动指数型,嘉实基金管理有限公司,20210209,nan,L,0.5,0.1,97.34,Y,4,2023,2026,2026,6.1224,2026,6.1224,Y,中证软件服务,云计算软件
563300.SH,华泰柏瑞中证2000ETF,中证2000,中证2000指数收益率×100%,被动指数型,华泰柏瑞基金管理有限公司,20230914,nan,L,0.5,0.1,72.23,Y,4,2023,2026,2026,6.0523,2026,6.0523,Y,中证2000,中证2000
588220.SH,鹏华上证科创板100ETF,上证科创板100,上证科创板100指数收益率×100%,被动指数型,鹏华基金管理有限公司,20230915,nan,L,0.15,0.05,65.9,Y,4,2023,2026,2023,6.6417,2026,5.893,Y,上证科创板100,上证科创板100
159952.SZ,广发创业板ETF,创业板,创业板指数×100%,被动指数型,广发基金管理有限公司,20170519,nan,L,0.15,0.05,114.07,Y,8,2019,2026,2026,5.8777,2026,5.8777,Y,创业板,创业板
513980.SH,景顺长城中证港股通科技ETF,中证港股通科技,中证港股通科技指数收益率(使用估值汇率折算)×100%,被动指数型,景顺长城基金管理有限公司,20210702,nan,L,0.5,0.1,101.78,Y,5,2022,2026,2025,10.0983,2026,5.8359,Y,中证港股通科技,跨境-港股科技
512070.SH,易方达沪深300非银行金融ETF,沪深300非银行金融,沪深300非银行金融指数×100%,被动指数型,易方达基金管理有限公司,20140718,nan,L,0.5,0.1,133.17,Y,8,2014,2026,2026,5.6998,2026,5.6998,Y,沪深300非银行金融,沪深300非银行金融
159611.SZ,广发中证全指电力公用事业ETF,中证全指电力公用事业,中证全指电力公用事业指数×100%,被动指数型,广发基金管理有限公司,20220107,nan,L,0.5,0.1,98.1,Y,5,2022,2026,2026,5.3621,2026,5.3621,Y,中证全指电力公用事业,中证全指电力公用事业
512010.SH,易方达沪深300医药卫生ETF,沪深300医药卫生,沪深300医药卫生指数×100%,被动指数型,易方达基金管理有限公司,20131028,nan,L,0.5,0.1,151.69,Y,7,2020,2026,2023,5.9778,2026,5.315,Y,沪深300医药卫生,沪深300医药卫生
159262.SZ,广发恒生港股通科技主题ETF,恒生港股通科技主题,恒生港股通科技主题指数×100%,被动指数型,广发基金管理有限公司,20250707,nan,L,0.5,0.1,47.62,Y,2,2025,2026,2026,5.3127,2026,5.3127,Y,恒生港股通科技主题,跨境-港股科技
560860.SH,万家中证工业有色金属主题ETF,中证工业有色金属主题,中证工业有色金属主题指数收益率×100%,被动指数型,万家基金管理有限公司,20230313,nan,L,0.5,0.1,88.0,Y,2,2025,2026,2026,5.2135,2026,5.2135,Y,中证工业有色金属主题,有色金属
159985.SZ,华夏饲料豆粕期货ETF,大连商品交易所豆粕期货价格,大连商品交易所豆粕期货价格指数收益率×100%,豆粕期货型,华夏基金管理有限公司,20191205,nan,L,0.5,0.1,35.99,Y,4,2023,2026,2026,5.1637,2026,5.1637,Y,大连商品交易所豆粕期货价格,大连商品交易所豆粕期货价格
159201.SZ,华夏国证自由现金流ETF,国证自由现金流,国证自由现金流指数收益率×100%,被动指数型,华夏基金管理有限公司,20250227,nan,L,0.15,0.05,164.39,Y,2,2025,2026,2026,5.0958,2026,5.0958,Y,国证自由现金流,国证自由现金流
563230.SH,富国中证卫星产业ETF,中证卫星产业,中证卫星产业指数收益率×100%,被动指数型,富国基金管理有限公司,20250917,nan,L,0.5,0.1,37.01,Y,2,2025,2026,2026,4.9714,2026,4.9714,Y,中证卫星产业,航天航空卫星
512760.SH,国泰CES半导体芯片行业ETF,中华交易服务半导体芯片行业,中华交易服务半导体芯片行业指数收益率×100%,被动指数型,国泰基金管理有限公司,20190612,nan,L,0.5,0.1,106.9,Y,8,2019,2026,2020,10.6089,2026,4.9542,Y,中华交易服务半导体芯片行业,半导体芯片
159649.SZ,华安中债1-5年国开行债券ETF,中债-1-5年国开行债券,中债-1-5年国开行债券指数×100%,被动指数型,华安基金管理有限公司,20221024,nan,L,0.15,0.05,42.69,Y,4,2023,2026,2023,19.7559,2026,4.9261,Y,中债-1-5年国开行债券,中债-1-5年国开行债券
159506.SZ,富国恒生港股通创新药及医疗保健ETF,恒生港股通创新药及医疗保健,恒生港股通创新药及医疗保健指数收益率(使用估值汇率折算)×100%,被动指数型,富国基金管理有限公司,20230703,nan,L,0.5,0.1,33.39,Y,4,2023,2026,2025,5.3495,2026,4.8546,Y,恒生港股通创新药及医疗保健,跨境-港股医药
512710.SH,富国中证军工龙头ETF,中证军工龙头,中证军工龙头指数收益率×100%,被动指数型,富国基金管理有限公司,20190826,nan,L,0.5,0.1,73.41,Y,8,2019,2026,2025,6.3833,2026,4.812,Y,中证军工龙头,军工
512980.SH,广发中证传媒ETF,中证传媒,中证传媒指数×100%,被动指数型,广发基金管理有限公司,20180119,nan,L,0.5,0.1,42.49,Y,6,2021,2026,2026,4.7999,2026,4.7999,Y,中证传媒,传媒游戏
515790.SH,华泰柏瑞中证光伏产业ETF,中证光伏产业,中证光伏产业指数收益率×100%,被动指数型,华泰柏瑞基金管理有限公司,20201218,nan,L,0.5,0.1,50.04,Y,6,2021,2026,2021,7.8494,2026,4.6563,Y,中证光伏产业,光伏
589720.SH,国泰上证科创板创新药ETF,上证科创板创新药,上证科创板创新药指数收益率×100%,被动指数型,国泰基金管理有限公司,20250801,nan,L,0.5,0.1,43.72,Y,2,2025,2026,2026,4.5761,2026,4.5761,Y,上证科创板创新药,创新药
159781.SZ,易方达中证科创创业50ETF,中证科创创业50,中证科创创业50指数收益率×100%,被动指数型,易方达基金管理有限公司,20210705,nan,L,0.15,0.05,171.82,Y,6,2021,2026,2021,8.0401,2026,4.4659,Y,中证科创创业50,中证科创创业50
159566.SZ,易方达国证储能电池ETF,国证储能电池,国证储能电池指数收益率×100%,被动指数型,易方达基金管理有限公司,20240208,nan,L,0.5,0.1,49.44,Y,2,2025,2026,2026,4.4535,2026,4.4535,Y,国证储能电池,新能源车电池
159920.SZ,华夏恒生ETF(QDII),香港恒生,香港恒生指数×100%,被动指数型,华夏基金管理有限公司,20121022,nan,L,0.6,0.15,86.46,Y,11,2015,2026,2020,11.867,2026,4.4464,Y,香港恒生,香港恒生
513300.SH,华夏纳斯达克100ETF(QDII),经估值汇率调整后的纳斯达克100,经估值汇率调整后的纳斯达克100指数收益率×100%,被动指数型,华夏基金管理有限公司,20201105,nan,L,0.6,0.2,143.68,Y,5,2022,2026,2025,5.5928,2026,4.3952,Y,纳斯达克100,纳斯达克100
512660.SH,国泰中证军工ETF,中证军工,中证军工指数×100%,被动指数型,国泰基金管理有限公司,20160808,nan,L,0.5,0.1,71.28,Y,8,2019,2026,2021,9.2608,2026,4.3736,Y,中证军工,军工
159583.SZ,富国中证通信设备主题ETF,中证通信设备主题,中证通信设备主题指数收益率×100%,被动指数型,富国基金管理有限公司,20240708,nan,L,0.5,0.1,40.95,Y,2,2025,2026,2026,4.3611,2026,4.3611,Y,中证通信设备主题,通信
520880.SH,华宝恒生港股通创新药精选ETF,人民币汇率调整的恒生港股通创新药精选,人民币汇率调整的恒生港股通创新药精选指数收益率×100%,被动指数型,华宝基金管理有限公司,20250707,nan,L,0.5,0.1,20.09,Y,2,2025,2026,2026,4.2916,2026,4.2916,Y,恒生港股通创新药精选,跨境-港股医药
513780.SH,景顺长城中证港股通创新药ETF,中证港股通创新药,中证港股通创新药指数收益率(使用估值汇率调整)×100%,被动指数型,景顺长城基金管理有限公司,20241025,nan,L,0.5,0.1,31.72,Y,2,2025,2026,2026,4.2466,2026,4.2466,Y,中证港股通创新药,跨境-港股医药
513190.SH,华夏中证港股通内地金融ETF,经估值汇率调整后的中证港股通内地金融,经估值汇率调整后的中证港股通内地金融指数收益率×100%,被动指数型,华夏基金管理有限公司,20231011,nan,L,0.5,0.1,18.39,Y,2,2025,2026,2026,4.2455,2026,4.2455,Y,中证港股通内地金融,跨境-港股金融
510100.SH,易方达上证50ETF,上证50,上证50指数收益率×100%,被动指数型,易方达基金管理有限公司,20191009,nan,L,0.15,0.05,28.54,Y,4,2023,2026,2026,4.2035,2026,4.2035,Y,上证50,上证50
562800.SH,嘉实中证稀有金属主题ETF,中证稀有金属主题,中证稀有金属主题指数收益率×100%,被动指数型,嘉实基金管理有限公司,20210927,nan,L,0.5,0.1,54.71,Y,4,2022,2026,2026,4.177,2026,4.177,Y,中证稀有金属主题,有色金属
159928.SZ,汇添富中证主要消费ETF,中证主要消费,中证主要消费指数×100%,被动指数型,汇添富基金管理股份有限公司,20130916,nan,L,0.5,0.1,153.53,Y,7,2020,2026,2025,4.7395,2026,4.1545,Y,中证主要消费,食品饮料
513160.SH,银华恒生港股通中国科技ETF,恒生港股通中国科技,恒生港股通中国科技指数收益率(经估值汇率调整)×100%,被动指数型,银华基金管理股份有限公司,20220209,nan,L,0.5,0.1,30.84,Y,2,2025,2026,2025,6.0452,2026,4.0493,Y,恒生港股通中国科技,跨境-港股科技
515980.SH,华富中证人工智能产业ETF,中证人工智能产业,中证人工智能产业指数收益率×100%,被动指数型,华富基金管理有限公司,20200210,nan,L,0.5,0.1,64.67,Y,3,2024,2026,2026,3.9234,2026,3.9234,Y,中证人工智能产业,人工智能
513520.SH,华夏野村日经225ETF(QDII),日经225,日经225指数收益率×100%,被动指数型,华夏基金管理有限公司,20190625,nan,L,0.2,0.05,24.49,Y,3,2024,2026,2024,4.7527,2026,3.8815,Y,日经225,日经225
526000.SH,华夏中证港股通信息技术综合ETF,中证港股通信息技术综合,中证港股通信息技术综合指数(港元)收益率×100%,被动指数型,华夏基金管理有限公司,20260410,nan,L,0.5,0.1,2.15,Y,1,2026,2026,2026,3.8304,2026,3.8304,Y,中证港股通信息技术综合,跨境-港股科技
513630.SH,摩根标普港股通低波红利ETF,标普港股通低波红利,标普港股通低波红利指数×100%,被动指数型,摩根基金管理(中国)有限公司,20231208,nan,L,0.5,0.1,119.34,Y,3,2024,2026,2026,3.8263,2026,3.8263,Y,标普港股通低波红利,跨境-港股红利
561980.SH,招商中证半导体产业ETF,中证半导体产业,中证半导体产业指数收益率×100%,被动指数型,招商基金管理有限公司,20230901,nan,L,0.5,0.1,58.68,Y,2,2025,2026,2026,3.7224,2026,3.7224,Y,中证半导体产业,半导体芯片
159259.SZ,易方达国证成长100ETF,国证成长100,国证成长100指数收益率×100%,被动指数型,易方达基金管理有限公司,20250828,nan,L,0.5,0.1,65.31,Y,2,2025,2026,2026,3.6517,2026,3.6517,Y,国证成长100,国证成长100
518600.SH,广发上海金ETF,合约代码:SHAU)的午盘基准价格,上海黄金交易所上海金集中定价合约(合约代码:SHAU)的午盘基准价格收益率×100%,黄金现货合约,广发基金管理有限公司,20200805,nan,L,0.5,0.1,77.29,Y,2,2025,2026,2026,3.6346,2026,3.6346,Y,上海金集中定价,黄金
588790.SH,博时上证科创板人工智能ETF,上证科创板人工智能,上证科创板人工智能指数收益率×100%,被动指数型,博时基金管理有限公司,20250109,nan,L,0.5,0.1,26.65,Y,2,2025,2026,2025,3.7326,2026,3.6133,Y,上证科创板人工智能,人工智能
159227.SZ,华夏国证航天航空行业ETF,国证航天航空行业,国证航天航空行业指数收益率×100%,被动指数型,华夏基金管理有限公司,20250516,nan,L,0.5,0.1,47.92,Y,2,2025,2026,2026,3.5954,2026,3.5954,Y,国证航天航空行业,航天航空卫星
159851.SZ,华宝中证金融科技主题ETF,中证金融科技主题,中证金融科技主题指数收益率×100%,被动指数型,华宝基金管理有限公司,20210319,nan,L,0.5,0.1,64.44,Y,3,2024,2026,2025,6.6919,2026,3.5807,Y,中证金融科技主题,中证金融科技主题
516650.SH,华夏中证细分有色金属产业主题ETF,中证细分有色金属产业主题,中证细分有色金属产业主题指数收益率×100%,被动指数型,华夏基金管理有限公司,20210621,nan,L,0.5,0.1,99.68,Y,2,2025,2026,2026,3.5619,2026,3.5619,Y,中证细分有色金属产业主题,有色金属
515180.SH,易方达中证红利ETF,中证红利,中证红利指数收益率×100%,被动指数型,易方达基金管理有限公司,20191220,nan,L,0.15,0.05,189.21,Y,3,2024,2026,2026,3.4978,2026,3.4978,Y,中证红利,红利策略
513260.SH,汇添富恒生科技ETF(QDII),经人民币汇率调整的恒生科技,经人民币汇率调整的恒生科技指数收益率×100%,被动指数型,汇添富基金管理股份有限公司,20220913,nan,L,0.15,0.05,53.08,Y,3,2024,2026,2025,6.384,2026,3.4722,Y,恒生科技,跨境-港股科技
159732.SZ,华夏国证消费电子主题ETF,国证消费电子主题,国证消费电子主题指数收益率×100%,被动指数型,华夏基金管理有限公司,20210823,nan,L,0.5,0.1,32.81,Y,3,2024,2026,2026,3.4631,2026,3.4631,Y,国证消费电子主题,消费电子
513500.SH,博时标普500ETF(QDII),标普500,标普500指数×100%,被动指数型,博时基金管理有限公司,20140115,nan,L,0.6,0.2,276.99,Y,8,2015,2026,2025,3.7896,2026,3.4383,Y,标普500,标普500
518660.SH,工银瑞信黄金ETF,上海黄金交易所Au99.99现货实盘合约收盘价,上海黄金交易所Au99.99现货实盘合约收盘价收益率×100%,黄金现货合约,工银瑞信基金管理有限公司,20200529,nan,L,0.15,0.05,87.83,Y,2,2025,2026,2026,3.3744,2026,3.3744,Y,黄金现货Au99.99,黄金
159687.SZ,南方基金南方东英富时亚太精选ETF(QDII),经估值汇率调整的富时亚太精选,经估值汇率调整的富时亚太精选指数(FTSEAsiaPacificSelectIndex)收益率×100%,被动指数型,南方基金管理股份有限公司,20221230,nan,L,0.2,0.05,30.12,Y,3,2024,2026,2026,3.3516,2026,3.3516,Y,富时亚太精选,富时亚太精选
159901.SZ,易方达深证100ETF,深证100,深证100指数(价格)×100%,被动指数型,易方达基金管理有限公司,20060424,nan,L,0.15,0.05,35.05,Y,12,2013,2026,2015,9.2073,2026,3.3194,Y,深证100,深证100
159605.SZ,广发中证海外中国互联网30ETF(QDII),中证海外中国互联网30,中证海外中国互联网30指数(同期人民币计价)×100%,被动指数型,广发基金管理有限公司,20211202,nan,L,0.5,0.1,32.52,Y,5,2022,2026,2023,12.2134,2026,3.2899,Y,中证海外中国互联网30,跨境-中概互联
159796.SZ,汇添富中证电池主题ETF,中证电池主题,中证电池主题指数收益率×100%,被动指数型,汇添富基金管理股份有限公司,20220314,nan,L,0.15,0.05,51.67,Y,2,2025,2026,2026,3.2517,2026,3.2517,Y,中证电池主题,新能源车电池
159101.SZ,华夏国证港股通科技ETF,经估值汇率调整后的国证港股通科技,经估值汇率调整后的国证港股通科技指数收益率×100%,被动指数型,华夏基金管理有限公司,20250903,nan,L,0.5,0.1,21.27,Y,2,2025,2026,2025,3.1771,2026,3.1704,Y,国证港股通科技,跨境-港股科技
561360.SH,国泰中证油气产业ETF,中证油气产业,中证油气产业指数收益率×100%,被动指数型,国泰基金管理有限公司,20231031,nan,L,0.5,0.1,20.39,Y,1,2026,2026,2026,3.1452,2026,3.1452,Y,中证油气产业,石油天然气
516150.SH,嘉实中证稀土产业ETF,中证稀土产业,中证稀土产业指数收益率×100%,被动指数型,嘉实基金管理有限公司,20210317,nan,L,0.5,0.1,67.5,Y,5,2021,2026,2026,3.0918,2026,3.0918,Y,中证稀土产业,有色金属
518680.SH,富国上海金ETF,上海黄金交易所上海金集中定价合约,上海黄金交易所上海金集中定价合约(合约代码:SHAU)午盘基准价格收益率×100%,黄金现货合约,富国基金管理有限公司,20200728,nan,L,0.15,0.05,73.88,Y,2,2025,2026,2026,3.067,2026,3.067,Y,上海金集中定价,黄金
513380.SH,广发恒生科技ETF(QDII),同期恒生科技,同期恒生科技指数收益率(人民币计价)×100%,被动指数型,广发基金管理有限公司,20220512,nan,L,0.5,0.1,93.89,Y,4,2023,2026,2025,4.9121,2026,3.0634,Y,恒生科技,跨境-港股科技
159387.SZ,国泰创业板新能源ETF,创业板新能源,创业板新能源指数收益率×100%,被动指数型,国泰基金管理有限公司,20250610,nan,L,0.5,0.1,10.55,Y,1,2026,2026,2026,2.785,2026,2.785,Y,创业板新能源,创业板新能源
515230.SH,国泰中证全指软件ETF,中证全指软件,中证全指软件指数收益率×100%,被动指数型,国泰基金管理有限公司,20210302,nan,L,0.5,0.1,56.59,Y,4,2023,2026,2026,2.7076,2026,2.7076,Y,中证全指软件,中证全指软件
159502.SZ,嘉实标普生物科技精选行业ETF(QDII),标普生物科技精选行业,标普生物科技精选行业指数收益率(经估值汇率调整)×100%,被动指数型,嘉实基金管理有限公司,20240110,nan,L,0.5,0.1,18.23,Y,3,2024,2026,2026,2.6329,2026,2.6329,Y,标普生物科技精选行业,跨境-美股行业
159691.SZ,工银瑞信中证港股通高股息精选ETF,经汇率调整后的中证港股通高股息精选,经汇率调整后的中证港股通高股息精选指数收益率×100%,被动指数型,工银瑞信基金管理有限公司,20230421,nan,L,0.45,0.07,45.86,Y,3,2024,2026,2026,2.6156,2026,2.6156,Y,中证港股通高股息精选,跨境-港股红利
159766.SZ,富国中证旅游主题ETF,中证旅游主题,中证旅游主题指数收益率×100%,被动指数型,富国基金管理有限公司,20210723,nan,L,0.5,0.1,31.35,Y,5,2022,2026,2026,2.5527,2026,2.5527,Y,中证旅游主题,旅游
159650.SZ,博时中债0-3年国开行债券ETF,中债-0-3年国开行债券,中债-0-3年国开行债券指数收益率×100%,被动指数型,博时基金管理有限公司,20221028,nan,L,0.15,0.05,52.93,Y,4,2023,2026,2023,16.4239,2026,2.5369,Y,中债-0-3年国开行债券,中债-0-3年国开行债券
516160.SH,南方中证新能源ETF,中证新能源,中证新能源指数收益率×100%,被动指数型,南方基金管理股份有限公司,20210204,nan,L,0.15,0.05,37.14,Y,6,2021,2026,2026,2.5185,2026,2.5185,Y,中证新能源,新能源
159100.SZ,华夏布拉德斯科巴西伊博维斯帕ETF(QDII),经估值汇率调整后的巴西伊博维斯帕,经估值汇率调整后的巴西伊博维斯帕指数收益率×100%,被动指数型,华夏基金管理有限公司,20251113,nan,L,0.5,0.1,5.15,Y,1,2026,2026,2026,2.458,2026,2.458,Y,巴西IBOVESPA,巴西IBOVESPA
513910.SH,华夏中证港股通央企红利ETF,经估值汇率调整后的中证港股通央企红利,经估值汇率调整后的中证港股通央企红利指数收益率×100%,被动指数型,华夏基金管理有限公司,20240304,nan,L,0.5,0.1,31.17,Y,2,2025,2026,2026,2.3427,2026,2.3427,Y,中证港股通央企红利,跨境-港股红利
510760.SH,国泰上证综合ETF,上证综合,上证综合指数收益率×100%,被动指数型,国泰基金管理有限公司,20200909,nan,L,0.15,0.05,41.82,Y,3,2024,2026,2026,2.2652,2026,2.2652,Y,上证综合,上证综合
513400.SH,鹏华道琼斯工业平均ETF(QDII),道琼斯工业平均,道琼斯工业平均指数收益率(经汇率调整后)×100%,被动指数型,鹏华基金管理有限公司,20240202,nan,L,0.5,0.15,36.88,Y,3,2024,2026,2026,2.2259,2026,2.2259,Y,道琼斯工业平均,道琼斯工业平均
515030.SH,华夏中证新能源汽车ETF,中证新能源汽车,中证新能源汽车指数收益率×100%,被动指数型,华夏基金管理有限公司,20200304,nan,L,0.5,0.1,24.07,Y,7,2020,2026,2021,4.9553,2026,2.2122,Y,中证新能源汽车,汽车
588780.SH,国联安上证科创板芯片设计主题ETF,上证科创板芯片设计主题,上证科创板芯片设计主题指数收益率×100%,被动指数型,国联安基金管理有限公司,20241226,nan,L,0.5,0.1,10.3,Y,2,2025,2026,2026,2.1809,2026,2.1809,Y,上证科创板芯片设计主题,半导体芯片
159263.SZ,易方达国证价值100ETF,国证价值100,国证价值100指数收益率×100%,被动指数型,易方达基金管理有限公司,20250708,nan,L,0.15,0.05,71.0,Y,1,2026,2026,2026,2.1612,2026,2.1612,Y,国证价值100,国证价值100
511160.SH,东财中证1-3年国债ETF,中证1-3年国债,中证1-3年国债指数收益率×100%,被动指数型,东财基金管理有限公司,20250106,nan,L,0.15,0.05,22.39,Y,2,2025,2026,2025,4.34,2026,2.1044,Y,中证1-3年国债,中证1-3年国债
159865.SZ,国泰中证畜牧养殖ETF,中证畜牧养殖,中证畜牧养殖指数收益率×100%,被动指数型,国泰基金管理有限公司,20210308,nan,L,0.5,0.1,67.47,Y,6,2021,2026,2026,2.1041,2026,2.1041,Y,中证畜牧养殖,农业养殖
513690.SH,博时恒生港股通红利ETF,恒生港股通红利,恒生港股通红利指数(港元)收益率(经估值汇率调整后)×100%,被动指数型,博时基金管理有限公司,20210520,nan,L,0.5,0.1,36.41,Y,3,2024,2026,2026,2.0932,2026,2.0932,Y,恒生港股通红利,跨境-港股红利
513920.SH,华安恒生港股通中国央企红利ETF,恒生港股通中国央企红利,恒生港股通中国央企红利指数收益率(经汇率调整)×100%,被动指数型,华安基金管理有限公司,20240105,nan,L,0.5,0.1,41.05,Y,3,2024,2026,2026,2.0882,2026,2.0882,Y,恒生港股通中国央企红利,跨境-港股红利
159667.SZ,国泰中证机床ETF,中证机床,中证机床指数收益率×100%,被动指数型,国泰基金管理有限公司,20221026,nan,L,0.5,0.1,24.71,Y,2,2025,2026,2026,2.0487,2026,2.0487,Y,中证机床,机械
513530.SH,华泰柏瑞中证港股通高股息投资ETF(QDII),中证港股通高股息投资,中证港股通高股息投资指数收益率×100%,被动指数型,华泰柏瑞基金管理有限公司,20220425,nan,L,0.5,0.1,45.69,Y,3,2024,2026,2026,2.0293,2026,2.0293,Y,中证港股通高股息投资,跨境-港股红利
159399.SZ,国泰富时中国A股自由现金流聚焦ETF,富时中国A股自由现金流聚焦,富时中国A股自由现金流聚焦指数(FTSEChinaAFreeCashFlowFocusIndex)收益率×100%,被动指数型,国泰基金管理有限公司,20250227,nan,L,0.15,0.05,44.9,Y,2,2025,2026,2025,2.7959,2026,1.9939,Y,富时中国A股自由现金流聚焦,富时中国A股自由现金流聚焦
159232.SZ,南方中证全指自由现金流ETF,中证全指自由现金流,中证全指自由现金流指数收益率×100%,被动指数型,南方基金管理股份有限公司,20250430,nan,L,0.15,0.05,25.91,Y,2,2025,2026,2026,1.982,2026,1.982,Y,中证全指自由现金流,中证全指自由现金流
515450.SH,南方标普中国A股大盘红利低波50ETF,标普中国A股大盘红利低波50,标普中国A股大盘红利低波50指数×100%,被动指数型,南方基金管理股份有限公司,20200226,nan,L,0.5,0.1,200.61,Y,2,2025,2026,2026,1.979,2026,1.979,Y,标普中国A股大盘红利低波50,红利策略
520600.SH,广发中证港股通汽车产业主题ETF,中证港股通汽车产业主题,中证港股通汽车产业主题指数收益率(使用估值汇率折算)×100%,被动指数型,广发基金管理有限公司,20241230,nan,L,0.5,0.1,2.38,Y,2,2025,2026,2025,3.5316,2026,1.9612,Y,中证港股通汽车产业主题,跨境-港股消费
561380.SH,国泰恒生A股电网设备ETF,恒生A股电网设备,恒生A股电网设备指数收益率×100%,被动指数型,国泰基金管理有限公司,20241223,nan,L,0.5,0.1,46.52,Y,1,2026,2026,2026,1.9563,2026,1.9563,Y,恒生A股电网设备,恒生A股电网设备
510900.SH,易方达恒生中国企业ETF(QDII),恒生中国企业,恒生中国企业指数×100%,被动指数型,易方达基金管理有限公司,20121022,nan,L,0.6,0.15,33.72,Y,12,2015,2026,2020,15.9439,2026,1.9499,Y,恒生中国企业,恒生中国企业
520990.SH,景顺长城中证国新港股通央企红利ETF,中证国新港股通央企红利,中证国新港股通央企红利指数收益率(使用估值汇率折算)×100%,被动指数型,景顺长城基金管理有限公司,20240710,nan,L,0.5,0.1,34.93,Y,3,2024,2026,2026,1.9062,2026,1.9062,Y,中证国新港股通央企红利,跨境-港股红利
512200.SH,南方中证全指房地产ETF,中证全指房地产,中证全指房地产指数×100%,被动指数型,南方基金管理股份有限公司,20170925,nan,L,0.5,0.1,37.33,Y,7,2020,2026,2024,2.83,2026,1.8931,Y,中证全指房地产,中证全指房地产
516510.SH,易方达中证云计算与大数据主题ETF,中证云计算与大数据主题,中证云计算与大数据主题指数收益率×100%,被动指数型,易方达基金管理有限公司,20210407,nan,L,0.15,0.05,26.12,Y,4,2023,2026,2025,2.1201,2026,1.8554,Y,中证云计算与大数据主题,云计算软件
520870.SH,易方达伊塔乌巴西IBOVESPAETF(QDII),巴西IBOVESPA,巴西IBOVESPA指数收益率(使用估值汇率折算)×100%,被动指数型,易方达基金管理有限公司,20251113,nan,L,0.5,0.1,5.55,Y,1,2026,2026,2026,1.8267,2026,1.8267,Y,巴西IBOVESPA,巴西IBOVESPA
588020.SH,易方达上证科创板成长ETF,上证科创板成长,上证科创板成长指数收益率×100%,被动指数型,易方达基金管理有限公司,20230831,nan,L,0.5,0.1,18.83,Y,2,2025,2026,2026,1.8118,2026,1.8118,Y,上证科创板成长,上证科创板成长
560280.SH,广发中证工程机械主题ETF,中证工程机械主题,中证工程机械主题指数收益率×100%,被动指数型,广发基金管理有限公司,20231030,nan,L,0.5,0.1,22.61,Y,1,2026,2026,2026,1.8107,2026,1.8107,Y,中证工程机械主题,机械
513200.SH,易方达中证港股通医药卫生综合ETF,中证港股通医药卫生综合,中证港股通医药卫生综合指数收益率(使用估值汇率折算)×100%,被动指数型,易方达基金管理有限公司,20220211,nan,L,0.15,0.05,9.54,Y,4,2023,2026,2025,2.8428,2026,1.7884,Y,中证港股通医药卫生综合,跨境-港股医药
513290.SH,汇添富纳斯达克生物科技ETF(QDII),经人民币汇率调整的纳斯达克生物科技,经人民币汇率调整的纳斯达克生物科技指数收益率×100%,被动指数型,汇添富基金管理股份有限公司,20220829,nan,L,0.5,0.15,18.49,Y,3,2024,2026,2026,1.721,2026,1.721,Y,纳斯达克生物科技,跨境-美股行业
159599.SZ,东财中证芯片产业ETF,中证芯片产业,中证芯片产业指数收益率×100%,被动指数型,东财基金管理有限公司,20240508,nan,L,0.5,0.05,20.13,Y,1,2026,2026,2026,1.7096,2026,1.7096,Y,中证芯片产业,半导体芯片
515000.SH,华宝中证科技龙头ETF,中证科技龙头,中证科技龙头指数收益率×100%,被动指数型,华宝基金管理有限公司,20190816,nan,L,0.5,0.1,40.79,Y,8,2019,2026,2020,5.1569,2026,1.6688,Y,中证科技龙头,中证科技龙头
159697.SZ,鹏华国证石油天然气ETF,国证石油天然气,国证石油天然气指数收益率×100%,被动指数型,鹏华基金管理有限公司,20230504,nan,L,0.5,0.1,13.81,Y,1,2026,2026,2026,1.6196,2026,1.6196,Y,国证石油天然气,石油天然气
588230.SH,华泰柏瑞上证科创板200ETF,上证科创板200,上证科创板200指数收益率×100%,被动指数型,华泰柏瑞基金管理有限公司,20241224,nan,L,0.15,0.05,14.12,Y,2,2025,2026,2026,1.6011,2026,1.6011,Y,上证科创板200,上证科创板200
159859.SZ,天弘国证生物医药ETF,国证生物医药,国证生物医药指数×100%,被动指数型,天弘基金管理有限公司,20210707,nan,L,0.5,0.1,40.12,Y,4,2023,2026,2026,1.5904,2026,1.5904,Y,国证生物医药,医药生物
520510.SH,华夏中证港股通医疗主题ETF,中证港股通医疗主题,中证港股通医疗主题指数收益率×100%,被动指数型,华夏基金管理有限公司,20250807,nan,L,0.5,0.1,2.28,Y,2,2025,2026,2026,1.59,2026,1.59,Y,中证港股通医疗主题,跨境-港股医药
512040.SH,富国中证价值ETF,中证国信价值,中证国信价值指数收益率×100%,被动指数型,富国基金管理有限公司,20181129,nan,L,0.6,0.1,54.24,Y,2,2024,2026,2026,1.5602,2026,1.5602,Y,中证国信价值,中证国信价值
510720.SH,国泰上证国有企业红利ETF,上证国有企业红利,上证国有企业红利指数收益率×100%,被动指数型,国泰基金管理有限公司,20240515,nan,L,0.5,0.1,18.21,Y,2,2025,2026,2026,1.5513,2026,1.5513,Y,上证国有企业红利,红利策略
589680.SH,鹏华上证科创板综合ETF,上证科创板综合,上证科创板综合指数收益率×100%,被动指数型,鹏华基金管理有限公司,20250305,nan,L,0.15,0.05,21.12,Y,2,2025,2026,2026,1.482,2026,1.482,Y,上证科创板综合,上证科创板综合
159545.SZ,易方达恒生港股通红利低波动ETF,恒生港股通红利低波动,恒生港股通红利低波动指数收益率(使用估值汇率折算)×100%,被动指数型,易方达基金管理有限公司,20240415,nan,L,0.15,0.05,70.15,Y,2,2025,2026,2026,1.4238,2026,1.4238,Y,恒生港股通红利低波动,跨境-港股红利
159883.SZ,永赢中证全指医疗器械ETF,中证全指医疗器械,中证全指医疗器械指数收益率×100%,被动指数型,永赢基金管理有限公司,20210430,nan,L,0.5,0.1,39.98,Y,4,2022,2026,2026,1.4154,2026,1.4154,Y,中证全指医疗器械,中证全指医疗器械
515100.SH,景顺长城中证红利低波动100ETF,中证红利低波动100,中证红利低波动100指数收益率×100%,被动指数型,景顺长城基金管理有限公司,20200703,nan,L,0.5,0.1,52.76,Y,4,2023,2026,2026,1.4144,2026,1.4144,Y,中证红利低波动100,红利策略
588830.SH,鹏华上证科创板新能源ETF,上证科创板新能源,上证科创板新能源指数收益率×100%,被动指数型,鹏华基金管理有限公司,20240809,nan,L,0.5,0.1,7.49,Y,2,2025,2026,2026,1.4082,2026,1.4082,Y,上证科创板新能源,新能源
159930.SZ,汇添富中证能源ETF,中证能源,中证能源指数×100%,被动指数型,汇添富基金管理股份有限公司,20130916,nan,L,0.5,0.1,9.93,Y,1,2026,2026,2026,1.3623,2026,1.3623,Y,中证能源,石油天然气
159595.SZ,大成中证A50ETF,中证A50,中证A50指数收益率×100%,被动指数型,大成基金管理有限公司,20240318,nan,L,0.15,0.05,12.58,Y,3,2024,2026,2024,3.0428,2026,1.3309,Y,中证A50,中证A50
512670.SH,鹏华中证国防ETF,中证国防,中证国防指数收益率×100%,被动指数型,鹏华基金管理有限公司,20190801,nan,L,0.3,0.1,17.12,Y,6,2021,2026,2025,2.5733,2026,1.3193,Y,中证国防,军工
515400.SH,富国中证大数据产业ETF,中证大数据产业,中证大数据产业指数收益率×100%,被动指数型,富国基金管理有限公司,20210120,nan,L,0.5,0.1,14.2,Y,4,2023,2026,2025,1.3865,2026,1.3168,Y,中证大数据产业,云计算软件
159998.SZ,天弘中证计算机主题ETF,中证计算机主题,中证计算机主题指数收益率×100%,被动指数型,天弘基金管理有限公司,20200413,nan,L,0.5,0.1,15.85,Y,3,2023,2026,2026,1.2956,2026,1.2956,Y,中证计算机主题,云计算软件
515300.SH,嘉实沪深300红利低波动ETF,沪深300红利低波动,沪深300红利低波动指数收益率×100%,被动指数型,嘉实基金管理有限公司,20190919,nan,L,0.5,0.1,43.85,Y,2,2025,2026,2026,1.2886,2026,1.2886,Y,沪深300红利低波动,沪深300红利低波动
515210.SH,国泰中证钢铁ETF,中证钢铁,中证钢铁指数收益率×100%,被动指数型,国泰基金管理有限公司,20200302,nan,L,0.5,0.1,12.14,Y,6,2021,2026,2025,1.4088,2026,1.276,Y,中证钢铁,钢铁
159615.SZ,南方恒生生物科技ETF(QDII),经估值汇率调整后的恒生生物科技,经估值汇率调整后的恒生生物科技指数收益率×100%,被动指数型,南方基金管理股份有限公司,20220628,nan,L,0.5,0.15,3.82,Y,5,2022,2026,2025,1.5476,2026,1.2699,Y,恒生生物科技,跨境-港股医药
513030.SH,华安国际龙头(DAX)ETF(QDII),德国法兰克福DAX,德国法兰克福DAX指数×100%,被动指数型,华安基金管理有限公司,20140905,nan,L,0.8,0.2,19.47,Y,3,2024,2026,2025,6.308,2026,1.2661,Y,德国DAX,德国DAX
159660.SZ,汇添富纳斯达克100ETF(QDII),经人民币汇率调整的纳斯达克100,经人民币汇率调整的纳斯达克100指数收益率×100%,被动指数型,汇添富基金管理股份有限公司,20230417,nan,L,0.5,0.15,53.59,Y,3,2024,2026,2025,1.3435,2026,1.2482,Y,纳斯达克100,纳斯达克100
159325.SZ,南方中证半导体行业精选ETF,中证半导体行业精选,中证半导体行业精选指数收益率×100%,被动指数型,南方基金管理股份有限公司,20241108,nan,L,0.15,0.05,11.18,Y,1,2026,2026,2026,1.2463,2026,1.2463,Y,中证半导体行业精选,半导体芯片
159561.SZ,嘉实德国DAXETF(QDII),经估值汇率调整后的德国DAX,经估值汇率调整后的德国DAX指数收益率×100%,被动指数型,嘉实基金管理有限公司,20240430,nan,L,0.5,0.1,18.34,Y,2,2025,2026,2025,4.0468,2026,1.2371,Y,德国DAX,德国DAX
562550.SH,华夏中证绿色电力ETF,中证绿色电力,中证绿色电力指数收益率×100%,被动指数型,华夏基金管理有限公司,20230327,nan,L,0.5,0.1,17.18,Y,1,2026,2026,2026,1.2283,2026,1.2283,Y,中证绿色电力,电力
159825.SZ,富国中证农业主题ETF,中证农业主题,中证农业主题指数收益率×100%,被动指数型,富国基金管理有限公司,20201229,nan,L,0.5,0.1,18.59,Y,6,2021,2026,2022,1.3071,2026,1.2237,Y,中证农业主题,农业养殖
515800.SH,汇添富中证800ETF,中证800,中证800指数收益率×100%,被动指数型,汇添富基金管理股份有限公司,20191216,nan,L,0.15,0.05,51.07,Y,5,2020,2026,2024,1.3027,2026,1.2132,Y,中证800,中证800
159834.SZ,南方上海金ETF,上海金集中定价合约的午盘基准价格,上海金集中定价合约的午盘基准价格收益率×100%,黄金现货合约,南方基金管理股份有限公司,20220316,nan,L,0.15,0.05,22.08,Y,2,2025,2026,2026,1.2077,2026,1.2077,Y,上海金集中定价,黄金
513070.SH,易方达中证港股通消费主题ETF,中证港股通消费主题,中证港股通消费主题指数收益率(使用估值汇率折算)×100%,被动指数型,易方达基金管理有限公司,20220324,nan,L,0.15,0.05,14.56,Y,1,2026,2026,2026,1.2076,2026,1.2076,Y,中证港股通消费主题,跨境-港股消费
159887.SZ,富国中证800银行ETF,中证800银行,中证800银行指数收益率×100%,被动指数型,富国基金管理有限公司,20210520,nan,L,0.5,0.1,7.82,Y,3,2023,2026,2025,1.5447,2026,1.1946,Y,中证800银行,中证800银行
512290.SH,国泰中证生物医药ETF,中证生物医药,中证生物医药指数收益率×100%,被动指数型,国泰基金管理有限公司,20190520,nan,L,0.5,0.1,32.6,Y,7,2020,2026,2020,2.136,2026,1.1926,Y,中证生物医药,医药生物
512090.SH,易方达MSCI中国A股国际通ETF,MSCI中国A股国际通,MSCI中国A股国际通指数(MSCIChinaAInclusionRMBIndex)收益率×100%,被动指数型,易方达基金管理有限公司,20180601,nan,L,0.15,0.05,6.67,Y,4,2018,2026,2026,1.19,2026,1.19,Y,MSCI中国A股国际通,MSCI中国A股国际通
159993.SZ,鹏华国证证券龙头ETF,国证证券龙头,国证证券龙头指数收益率×100%,被动指数型,鹏华基金管理有限公司,20200207,nan,L,0.5,0.1,38.69,Y,6,2020,2026,2025,1.1839,2026,1.1576,Y,国证证券龙头,证券
159529.SZ,景顺长城标普消费精选ETF(QDII),标普500消费精选,标普500消费精选指数收益率×100%,被动指数型,景顺长城基金管理有限公司,20240202,nan,L,0.5,0.2,10.54,Y,3,2024,2026,2025,8.8275,2026,1.1575,Y,标普500消费精选,跨境-美股行业
159731.SZ,华夏中证石化产业ETF,中证石化产业,中证石化产业指数收益率×100%,被动指数型,华夏基金管理有限公司,20211210,nan,L,0.15,0.05,7.23,Y,1,2026,2026,2026,1.1326,2026,1.1326,Y,中证石化产业,化工
159309.SZ,汇添富中证油气资源ETF,中证油气资源,中证油气资源指数收益率×100%,被动指数型,汇添富基金管理股份有限公司,20240618,nan,L,0.5,0.1,7.63,Y,1,2026,2026,2026,1.1218,2026,1.1218,Y,中证油气资源,石油天然气
560710.SH,富国中证智选船舶产业ETF,中证智选船舶产业,中证智选船舶产业指数收益率×100%,被动指数型,富国基金管理有限公司,20260206,nan,L,0.5,0.1,15.67,Y,1,2026,2026,2026,1.1208,2026,1.1208,Y,中证智选船舶产业,船舶
515170.SH,华夏中证细分食品饮料产业主题ETF,中证细分食品饮料产业主题,中证细分食品饮料产业主题指数收益率×100%,被动指数型,华夏基金管理有限公司,20210113,nan,L,0.5,0.1,39.93,Y,6,2021,2026,2021,1.8643,2026,1.0776,Y,中证细分食品饮料产业主题,食品饮料
562950.SH,易方达中证消费电子主题ETF,中证消费电子主题,中证消费电子主题指数收益率×100%,被动指数型,易方达基金管理有限公司,20220120,nan,L,0.15,0.05,16.38,Y,1,2026,2026,2026,1.074,2026,1.074,Y,中证消费电子主题,消费电子
159655.SZ,华夏标普500ETF(QDII),经估值汇率调整后的标普500,经估值汇率调整后的标普500指数收益率×100%,被动指数型,华夏基金管理有限公司,20221025,nan,L,0.6,0.15,44.14,Y,2,2025,2026,2025,2.5951,2026,1.069,Y,标普500,标普500
159256.SZ,华夏创业板软件ETF,创业板软件,创业板软件指数收益率×100%,被动指数型,华夏基金管理有限公司,20250804,nan,L,0.5,0.1,4.93,Y,1,2026,2026,2026,1.0492,2026,1.0492,Y,创业板软件,创业板软件
510180.SH,华安上证180ETF,上海证券交易所180成份,上海证券交易所180成份指数×100%,被动指数型,华安基金管理有限公司,20060518,nan,L,0.15,0.05,176.32,Y,11,2013,2026,2015,11.7707,2026,1.0399,Y,上证180,上证180
561330.SH,国泰中证有色金属矿业主题ETF,中证有色金属矿业主题,中证有色金属矿业主题指数收益率×100%,被动指数型,国泰基金管理有限公司,20221101,nan,L,0.5,0.1,17.93,Y,1,2026,2026,2026,1.0397,2026,1.0397,Y,中证有色金属矿业主题,有色金属
159209.SZ,招商中证全指红利质量ETF,中证全指红利质量,中证全指红利质量指数收益率×100%,被动指数型,招商基金管理有限公司,20250325,nan,L,0.15,0.05,25.63,Y,1,2026,2026,2026,1.0313,2026,1.0313,Y,中证全指红利质量,中证全指红利质量
588010.SH,博时上证科创板新材料ETF,上证科创板新材料,上证科创板新材料指数收益率×100%,被动指数型,博时基金管理有限公司,20221026,nan,L,0.5,0.1,9.85,Y,1,2026,2026,2026,1.0297,2026,1.0297,Y,上证科创板新材料,上证科创板新材料
159876.SZ,华宝中证有色金属ETF,中证有色金属,中证有色金属指数收益率×100%,被动指数型,华宝基金管理有限公司,20210324,nan,L,0.5,0.1,17.36,Y,1,2026,2026,2026,0.9987,2026,0.9987,Y,中证有色金属,有色金属
159141.SZ,永赢中证科创创业人工智能ETF,中证科创创业人工智能,中证科创创业人工智能指数收益率×100%,被动指数型,永赢基金管理有限公司,20251211,nan,L,0.5,0.1,15.78,Y,1,2026,2026,2026,0.9903,2026,0.9903,Y,中证科创创业人工智能,人工智能
513280.SH,汇添富恒生生物科技ETF(QDII),经人民币汇率调整的恒生生物科技,经人民币汇率调整的恒生生物科技指数收益率×100%,被动指数型,汇添富基金管理股份有限公司,20220718,nan,L,0.15,0.05,4.09,Y,2,2025,2026,2025,0.9868,2026,0.9845,Y,恒生生物科技,跨境-港股医药
513800.SH,南方顶峰TOPIXETF(QDII),经估值汇率调整的东证,经估值汇率调整的东证指数收益率×100%,被动指数型,南方基金管理股份有限公司,20190625,nan,L,0.2,0.05,19.62,Y,2,2025,2026,2026,0.9779,2026,0.9779,Y,东证,东证
520690.SH,博时恒生港股通创新药精选ETF,恒生港股通创新药精选,恒生港股通创新药精选指数收益率(经估值汇率调整后)×100%,被动指数型,博时基金管理有限公司,20250801,nan,L,0.5,0.1,4.61,Y,2,2025,2026,2026,0.9742,2026,0.9742,Y,恒生港股通创新药精选,跨境-港股医药
159625.SZ,嘉实国证绿色电力ETF,国证绿色电力,国证绿色电力指数收益率×100%,被动指数型,嘉实基金管理有限公司,20220429,nan,L,0.5,0.1,24.1,Y,2,2022,2026,2026,0.9714,2026,0.9714,Y,国证绿色电力,电力
520900.SH,广发中证国新港股通央企红利ETF,中证国新港股通央企红利指数同期,中证国新港股通央企红利指数同期收益率(使用估值汇率折算)×100%,被动指数型,广发基金管理有限公司,20240710,nan,L,0.15,0.05,15.56,Y,3,2024,2026,2026,0.9678,2026,0.9678,Y,中证国新港股通央企红利,跨境-港股红利
159745.SZ,国泰中证全指建筑材料ETF,中证全指建筑材料,中证全指建筑材料指数收益率×100%,被动指数型,国泰基金管理有限公司,20210618,nan,L,0.5,0.1,7.55,Y,4,2022,2026,2026,0.9423,2026,0.9423,Y,中证全指建筑材料,中证全指建筑材料
513850.SH,易方达MSCI美国50ETF(QDII),MSCI美国50,MSCI美国50指数收益率(使用估值汇率折算)×100%,被动指数型,易方达基金管理有限公司,20231117,nan,L,0.5,0.1,22.85,Y,3,2024,2026,2024,2.0345,2026,0.9367,Y,MSCI美国50,MSCI美国50
159758.SZ,华夏中证红利质量ETF,中证红利质量,中证红利质量指数收益率×100%,被动指数型,华夏基金管理有限公司,20211228,nan,L,0.15,0.05,15.34,Y,1,2026,2026,2026,0.9278,2026,0.9278,Y,中证红利质量,红利策略
159622.SZ,东财中证沪港深创新药产业ETF,中证沪港深创新药产业,中证沪港深创新药产业指数收益率×100%,被动指数型,东财基金管理有限公司,20230509,nan,L,0.5,0.05,13.26,Y,1,2026,2026,2026,0.9259,2026,0.9259,Y,中证沪港深创新药产业,创新药
513080.SH,华安法国CAC40ETF(QDII),法国CAC40,法国CAC40指数收益率(经汇率调整后)×100%,被动指数型,华安基金管理有限公司,20200612,nan,L,0.5,0.15,11.79,Y,2,2025,2026,2025,4.8746,2026,0.9224,Y,法国CAC40,法国CAC40
513970.SH,景顺长城恒生消费ETF(QDII),恒生消费,恒生消费指数收益率(使用估值汇率折算)×100%,被动指数型,景顺长城基金管理有限公司,20230421,nan,L,0.5,0.15,11.43,Y,2,2025,2026,2025,1.467,2026,0.9078,Y,恒生消费,跨境-港股消费
159929.SZ,汇添富中证医药卫生ETF,中证医药卫生,中证医药卫生指数×100%,被动指数型,汇添富基金管理股份有限公司,20130916,nan,L,0.5,0.1,21.8,Y,4,2023,2026,2026,0.8899,2026,0.8899,Y,中证医药卫生,医药生物
520830.SH,华泰柏瑞南方东英沙特阿拉伯ETF(QDII),富时沙特阿拉伯,富时沙特阿拉伯指数收益率(使用估值汇率折算)×100%,被动指数型,华泰柏瑞基金管理有限公司,20240716,nan,L,0.5,0.1,9.87,Y,3,2024,2026,2025,4.2347,2026,0.863,Y,富时沙特阿拉伯,富时沙特阿拉伯
159831.SZ,嘉实上海金ETF,上海黄金交易所上海金集中定价合约的午盘基准价格,上海黄金交易所上海金集中定价合约的午盘基准价格收益率×100%,黄金现货合约,嘉实基金管理有限公司,20220407,nan,L,0.5,0.1,21.9,Y,1,2026,2026,2026,0.8498,2026,0.8498,Y,上海金集中定价,黄金
159830.SZ,天弘上海金ETF,上海黄金交易所上海金集中定价合约午盘基准价,上海黄金交易所上海金集中定价合约午盘基准价×100%,黄金现货合约,天弘基金管理有限公司,20210719,nan,L,0.25,0.05,33.27,Y,1,2026,2026,2026,0.8437,2026,0.8437,Y,上海金集中定价,黄金
159692.SZ,东财中证证券公司30ETF,中证证券公司30,中证证券公司30指数收益率×100%,被动指数型,东财基金管理有限公司,20230523,nan,L,0.5,0.05,18.45,Y,1,2026,2026,2026,0.8407,2026,0.8407,Y,中证证券公司30,证券
563380.SH,华泰柏瑞中证全指航空航天ETF,中证全指航空航天,中证全指航空航天指数收益率×100%,被动指数型,华泰柏瑞基金管理有限公司,20251107,nan,L,0.5,0.1,8.37,Y,1,2026,2026,2026,0.8373,2026,0.8373,Y,中证全指航空航天,中证全指航空航天
159207.SZ,广发中证智选高股息策略ETF,中证智选高股息策略,中证智选高股息策略指数收益率×100%,被动指数型,广发基金管理有限公司,20250409,nan,L,0.15,0.05,25.51,Y,1,2026,2026,2026,0.835,2026,0.835,Y,中证智选高股息策略,红利策略
159128.SZ,天弘国证港股通科技ETF,国证港股通科技,国证港股通科技指数收益率(经估值汇率调整)×100%,被动指数型,天弘基金管理有限公司,20251113,nan,L,0.5,0.1,13.73,Y,1,2026,2026,2026,0.8342,2026,0.8342,Y,国证港股通科技,跨境-港股科技
560050.SH,汇添富MSCI中国A50互联互通ETF,MSCI中国A50互联互通人民币,MSCI中国A50互联互通人民币指数收益率×100%,被动指数型,汇添富基金管理股份有限公司,20211108,nan,L,0.5,0.1,23.92,Y,5,2022,2026,2022,6.542,2026,0.8317,Y,MSCI中国A50互联互通人民币,MSCI中国A50互联互通人民币
510230.SH,国泰上证180金融ETF,上证180金融股,上证180金融股指数×100%,被动指数型,国泰基金管理有限公司,20110523,nan,L,0.5,0.1,8.99,Y,8,2014,2026,2015,4.9995,2026,0.829,Y,上证180金融股,上证180金融股
513550.SH,华泰柏瑞中证港股通50ETF,中证港股通50,中证港股通50指数收益率(使用估值汇率折算)×100%,被动指数型,华泰柏瑞基金管理有限公司,20210113,nan,L,0.5,0.1,18.98,Y,6,2021,2026,2021,2.4535,2026,0.8281,Y,中证港股通50,中证港股通50
159997.SZ,天弘中证电子ETF,中证电子,中证电子指数收益率×100%,被动指数型,天弘基金管理有限公司,20200320,nan,L,0.5,0.1,14.98,Y,4,2020,2026,2026,0.8255,2026,0.8255,Y,中证电子,消费电子
159750.SZ,招商中证香港科技ETF(QDII),中证香港科技,中证香港科技指数收益率(经汇率调整后)×100%,被动指数型,招商基金管理有限公司,20220214,nan,L,0.5,0.15,10.8,Y,2,2025,2026,2025,1.2315,2026,0.8207,Y,中证香港科技,跨境-港股科技
159698.SZ,鹏华国证粮食产业ETF,国证粮食产业,国证粮食产业指数收益率×100%,被动指数型,鹏华基金管理有限公司,20230818,nan,L,0.5,0.1,15.35,Y,1,2026,2026,2026,0.8092,2026,0.8092,Y,国证粮食产业,农业养殖
561580.SH,华泰柏瑞中证中央企业红利ETF,中证中央企业红利,中证中央企业红利指数收益率×100%,被动指数型,华泰柏瑞基金管理有限公司,20230530,nan,L,0.5,0.1,24.62,Y,2,2023,2026,2026,0.8075,2026,0.8075,Y,中证中央企业红利,红利策略
159628.SZ,万家国证2000ETF,国证2000,国证2000指数收益率×100%,被动指数型,万家基金管理有限公司,20220718,nan,L,0.5,0.1,4.57,Y,4,2023,2026,2024,1.2693,2026,0.7763,Y,国证2000,国证2000
513360.SH,博时中证全球中国教育主题ETF(QDII),中证全球中国教育主题,中证全球中国教育主题指数×100%,被动指数型,博时基金管理有限公司,20210617,nan,L,0.5,0.15,2.94,Y,5,2022,2026,2025,2.5555,2026,0.7563,Y,中证全球中国教育主题,中证全球中国教育主题
515650.SH,富国中证消费50ETF,中证消费50,中证消费50指数收益率×100%,被动指数型,富国基金管理有限公司,20191111,nan,L,0.5,0.1,32.74,Y,6,2021,2026,2026,0.7538,2026,0.7538,Y,中证消费50,食品饮料
159638.SZ,嘉实中证智选航空航天科技ETF,中证智选航空航天科技,中证智选航空航天科技指数收益率×100%,被动指数型,嘉实基金管理有限公司,20220812,nan,L,0.5,0.1,12.33,Y,4,2022,2026,2022,1.3753,2026,0.744,Y,中证智选航空航天科技,航天航空卫星
516520.SH,华泰柏瑞中证智能汽车主题ETF,中证智能汽车主题,中证智能汽车主题指数收益率×100%,被动指数型,华泰柏瑞基金管理有限公司,20210301,nan,L,0.5,0.1,8.45,Y,1,2026,2026,2026,0.7248,2026,0.7248,Y,中证智能汽车主题,汽车
159569.SZ,景顺长城国证港股通红利低波动率ETF,国证港股通红利低波动率,国证港股通红利低波动率指数收益率(使用估值汇率折算)×100%,被动指数型,景顺长城基金管理有限公司,20240822,nan,L,0.5,0.08,5.12,Y,1,2026,2026,2026,0.7222,2026,0.7222,Y,国证港股通红利低波动率,跨境-港股红利
159707.SZ,华宝中证800地产ETF,中证800地产,中证800地产指数收益率×100%,被动指数型,华宝基金管理有限公司,20211112,nan,L,0.5,0.1,5.46,Y,1,2026,2026,2026,0.695,2026,0.695,Y,中证800地产,中证800地产
159577.SZ,汇添富MSCI美国50ETF(QDII),经人民币汇率调整的MSCI美国50,经人民币汇率调整的MSCI美国50指数收益率×100%,被动指数型,汇添富基金管理股份有限公司,20240223,nan,L,0.5,0.15,13.36,Y,3,2024,2026,2025,0.734,2026,0.6919,Y,MSCI美国50,MSCI美国50
515700.SH,平安中证新能源汽车产业ETF,中证新能源汽车产业,中证新能源汽车产业指数收益率×100%,被动指数型,平安基金管理有限公司,20200210,nan,L,0.15,0.05,14.7,Y,7,2020,2026,2021,3.4438,2026,0.6907,Y,中证新能源汽车产业,汽车
159996.SZ,国泰中证全指家用电器ETF,中证全指家用电器,中证全指家用电器指数收益率×100%,被动指数型,国泰基金管理有限公司,20200316,nan,L,0.5,0.1,6.9,Y,6,2021,2026,2023,1.0959,2026,0.6876,Y,中证全指家用电器,中证全指家用电器
159880.SZ,鹏华国证有色金属行业ETF,国证有色金属行业,国证有色金属行业指数收益率×100%,被动指数型,鹏华基金管理有限公司,20210325,nan,L,0.5,0.1,12.65,Y,1,2026,2026,2026,0.6736,2026,0.6736,Y,国证有色金属行业,有色金属
560080.SH,汇添富中证中药ETF,中证中药,中证中药指数收益率×100%,被动指数型,汇添富基金管理股份有限公司,20221017,nan,L,0.5,0.1,21.63,Y,4,2023,2026,2025,0.7018,2026,0.6539,Y,中证中药,中药
561550.SH,华泰柏瑞中证500增强策略ETF,中证500,中证500指数收益率×100%,增强指数型,华泰柏瑞基金管理有限公司,20211210,nan,L,0.7,0.1,18.71,Y,2,2022,2026,2022,1.8099,2026,0.6359,Y,中证500,中证500
562060.SH,华宝标普中国A股红利机会ETF,标普中国A股红利机会,标普中国A股红利机会指数收益率×100%,被动指数型,华宝基金管理有限公司,20231228,nan,L,0.5,0.1,31.18,Y,2,2024,2026,2026,0.6262,2026,0.6262,Y,标普中国A股红利机会,红利策略
513140.SH,华泰柏瑞中证港股通金融服务ETF(QDII),中证港股通金融服务,中证港股通金融服务指数收益率(使用估值汇率折算)×100%,被动指数型,华泰柏瑞基金管理有限公司,20230112,nan,L,0.5,0.1,1.36,Y,1,2026,2026,2026,0.6088,2026,0.6088,Y,中证港股通金融服务,跨境-港股金融
517380.SH,天弘恒生沪深港创新药精选50ETF,恒生沪深港创新药精选50,恒生沪深港创新药精选50指数收益率×100%,被动指数型,天弘基金管理有限公司,20210809,nan,L,0.5,0.1,25.79,Y,1,2026,2026,2026,0.6015,2026,0.6015,Y,恒生沪深港创新药精选50,跨境-港股医药
159350.SZ,富国深证50ETF,深证50,深证50指数收益率×100%,被动指数型,富国基金管理有限公司,20231211,nan,L,0.5,0.1,2.07,Y,2,2024,2026,2024,0.6721,2026,0.5703,Y,深证50,深证50
515260.SH,华宝中证电子50ETF,中证电子50,中证电子50指数收益率×100%,被动指数型,华宝基金管理有限公司,20200731,nan,L,0.5,0.1,7.69,Y,2,2020,2026,2020,1.3302,2026,0.5701,Y,中证电子50,消费电子
516970.SH,广发中证基建工程ETF,中证基建工程,中证基建工程指数收益率×100%,被动指数型,广发基金管理有限公司,20210705,nan,L,0.5,0.1,13.17,Y,6,2021,2026,2022,2.2181,2026,0.5687,Y,中证基建工程,基建建筑建材
159938.SZ,广发中证全指医药卫生ETF,中证全指医药卫生,中证全指医药卫生指数×100%,被动指数型,广发基金管理有限公司,20150108,nan,L,0.5,0.1,46.53,Y,3,2023,2026,2023,0.684,2026,0.5653,Y,中证全指医药卫生,中证全指医药卫生
159695.SZ,嘉实国证通信ETF,国证通信,国证通信指数收益率×100%,被动指数型,嘉实基金管理有限公司,20230510,nan,L,0.5,0.1,8.25,Y,1,2026,2026,2026,0.5648,2026,0.5648,Y,国证通信,通信
159137.SZ,华宝中证港股通医疗主题ETF,经人民币汇率调整的中证港股通医疗主题,经人民币汇率调整的中证港股通医疗主题指数收益率×100%,被动指数型,华宝基金管理有限公司,20260112,nan,L,0.5,0.1,1.57,Y,1,2026,2026,2026,0.5503,2026,0.5503,Y,中证港股通医疗主题,跨境-港股医药
513220.SH,招商中证全球中国互联网ETF(QDII),中证全球中国互联网,中证全球中国互联网指数(人民币)收益率×100%,被动指数型,招商基金管理有限公司,20220715,nan,L,0.5,0.15,4.92,Y,3,2024,2026,2025,1.015,2026,0.5464,Y,中证全球中国互联网,跨境-中概互联
515630.SH,鹏华中证800证券保险ETF,中证800证券保险,中证800证券保险指数收益率×100%,被动指数型,鹏华基金管理有限公司,20200403,nan,L,0.5,0.1,11.87,Y,1,2026,2026,2026,0.5411,2026,0.5411,Y,中证800证券保险,中证800证券保险
518860.SH,建信上海金ETF,合约代码:SHAU)的午盘基准价的,上海黄金交易所上海金集中定价合约(合约代码:SHAU)的午盘基准价的收益率×100%,黄金现货合约,建信基金管理有限责任公司,20200907,nan,L,0.5,0.1,42.58,Y,1,2026,2026,2026,0.5266,2026,0.5266,Y,上海金集中定价,黄金
159546.SZ,国泰中证全指集成电路ETF,中证全指集成电路,中证全指集成电路指数收益率×100%,被动指数型,国泰基金管理有限公司,20231020,nan,L,0.5,0.1,5.85,Y,1,2026,2026,2026,0.526,2026,0.526,Y,中证全指集成电路,中证全指集成电路
159281.SZ,天弘中证港股通央企红利ETF,中证港股通央企红利,中证港股通央企红利指数收益率(经估值汇率调整)×100%,被动指数型,天弘基金管理有限公司,20250902,nan,L,0.5,0.1,2.39,Y,1,2026,2026,2026,0.5185,2026,0.5185,Y,中证港股通央企红利,跨境-港股红利
159807.SZ,易方达中证科技50ETF,中证科技50,中证科技50指数收益率×100%,被动指数型,易方达基金管理有限公司,20200330,nan,L,0.15,0.05,8.45,Y,3,2020,2026,2020,0.6565,2026,0.5128,Y,中证科技50,中证科技50
159903.SZ,南方深证成份ETF,深圳证券交易所成份,深圳证券交易所成份指数×100%,被动指数型,南方基金管理股份有限公司,20100202,nan,L,0.5,0.1,7.57,Y,1,2026,2026,2026,0.5024,2026,0.5024,Y,深证成指,深证成指
516820.SH,平安中证医药及医疗器械创新ETF,中证医药及医疗器械创新,中证医药及医疗器械创新指数收益率×100%,被动指数型,平安基金管理有限公司,20210701,nan,L,0.5,0.1,15.96,Y,2,2025,2026,2025,0.5095,2026,0.502,Y,中证医药及医疗器械创新,医疗器械
560170.SH,南方中证国新央企科技引领ETF,中证国新央企科技引领,中证国新央企科技引领指数收益率×100%,被动指数型,南方基金管理股份有限公司,20230706,nan,L,0.5,0.1,4.74,Y,2,2023,2024,2023,0.7269,2026,0.4814,Y,中证国新央企科技引领,中证国新央企科技引领
513730.SH,华泰柏瑞南方东英新交所泛东南亚科技ETF(QDII),新交所泛东南亚科技,新交所泛东南亚科技指数收益率(使用估值汇率折算)×100%,被动指数型,华泰柏瑞基金管理有限公司,20231201,nan,L,0.4,0.1,8.97,Y,2,2024,2025,2024,1.3361,2026,0.4645,Y,新交所泛东南亚科技,新交所泛东南亚科技
159905.SZ,工银瑞信深证红利ETF,深证红利价格,深证红利价格指数×100%,被动指数型,工银瑞信基金管理有限公司,20110111,nan,L,0.5,0.1,16.66,Y,5,2020,2025,2022,0.7594,2026,0.4537,Y,深证红利价格,红利策略
159939.SZ,广发中证全指信息技术ETF,中证全指信息技术,中证全指信息技术指数×100%,被动指数型,广发基金管理有限公司,20150205,nan,L,0.5,0.1,8.82,Y,2,2019,2023,2023,0.7524,2026,0.4453,Y,中证全指信息技术,中证全指信息技术
510150.SH,招商上证消费80ETF,上证消费80,上证消费80指数×100%,被动指数型,招商基金管理有限公司,20110225,nan,L,0.5,0.1,14.07,Y,2,2024,2025,2025,0.6699,2026,0.4206,Y,上证消费80,食品饮料
159378.SZ,永赢国证通用航空产业ETF,国证通用航空产业,国证通用航空产业指数收益率×100%,被动指数型,永赢基金管理有限公司,20250110,nan,L,0.5,0.1,5.77,Y,1,2025,2025,2025,0.5055,2026,0.4065,Y,国证通用航空产业,航天航空卫星
159268.SZ,汇添富国证港股通消费主题ETF,国证港股通消费主题,国证港股通消费主题指数收益率(经估值汇率调整后)×100%,被动指数型,汇添富基金管理股份有限公司,20250721,nan,L,0.5,0.1,3.02,Y,1,2025,2025,2025,0.5162,2026,0.387,Y,国证港股通消费主题,跨境-港股消费
562080.SH,华宝沪深300自由现金流ETF,沪深300自由现金流,沪深300自由现金流指数收益率×100%,被动指数型,华宝基金管理有限公司,20250415,nan,L,0.5,0.1,3.67,Y,1,2025,2025,2025,0.5049,2026,0.3786,Y,沪深300自由现金流,沪深300自由现金流
159273.SZ,汇添富中证沪港深云计算产业ETF,中证沪港深云计算产业,中证沪港深云计算产业指数收益率×100%,被动指数型,汇添富基金管理股份有限公司,20250806,nan,L,0.5,0.1,10.19,Y,1,2025,2025,2025,0.554,2026,0.3717,Y,中证沪港深云计算产业,云计算软件
159837.SZ,易方达中证生物科技主题ETF,中证生物科技主题,中证生物科技主题指数收益率×100%,被动指数型,易方达基金管理有限公司,20210127,nan,L,0.15,0.05,13.94,Y,2,2021,2022,2021,0.988,2026,0.3617,Y,中证生物科技主题,医药生物
159790.SZ,华夏中证内地低碳经济主题ETF,中证内地低碳经济主题,中证内地低碳经济主题指数收益率×100%,被动指数型,华夏基金管理有限公司,20210806,nan,L,0.5,0.1,10.64,Y,3,2021,2023,2021,2.8151,2026,0.3406,Y,中证内地低碳经济主题,环保低碳
516110.SH,国泰中证800汽车与零部件ETF,中证800汽车与零部件,中证800汽车与零部件指数收益率×100%,被动指数型,国泰基金管理有限公司,20210507,nan,L,0.5,0.1,2.34,Y,3,2022,2024,2023,1.1334,2026,0.3336,Y,中证800汽车与零部件,中证800汽车与零部件
159822.SZ,银华工银南方东英标普中国新经济行业ETF(QDII),A股上限,经估值汇率调整的标普中国新经济行业(A股上限)指数×100%,被动指数型,银华基金管理股份有限公司,20201023,nan,L,0.25,0.1,1.73,Y,1,2025,2025,2025,3.2596,2026,0.3252,Y,标普中国新经济行业,标普中国新经济行业
562570.SH,华夏中证信息技术应用创新产业ETF,中证信息技术应用创新产业,中证信息技术应用创新产业指数收益率×100%,被动指数型,华夏基金管理有限公司,20240430,nan,L,0.5,0.1,4.31,Y,1,2025,2025,2025,0.635,2026,0.305,Y,中证信息技术应用创新产业,云计算软件
562310.SH,银华沪深300成长ETF,沪深300成长,沪深300成长指数收益率×100%,被动指数型,银华基金管理股份有限公司,20220909,nan,L,0.5,0.1,4.7,Y,1,2022,2022,2022,1.1426,2026,0.2807,Y,沪深300成长,沪深300成长
510170.SH,国联安上证大宗商品股票ETF,上证大宗商品股票,上证大宗商品股票指数×100%,被动指数型,国联安基金管理有限公司,20110125,nan,L,0.6,0.1,4.83,Y,1,2015,2015,2015,0.8918,2026,0.2593,Y,上证大宗商品股票,上证大宗商品股票
588100.SH,嘉实上证科创板新一代信息技术ETF,上证科创板新一代信息技术,上证科创板新一代信息技术指数收益率×100%,被动指数型,嘉实基金管理有限公司,20220527,nan,L,0.5,0.1,1.8,Y,2,2022,2023,2022,0.81,2026,0.2387,,上证科创板新一代信息技术,云计算软件
510810.SH,汇添富中证上海国企ETF,中证上海国企,中证上海国企指数×100%,被动指数型,汇添富基金管理股份有限公司,20160829,nan,L,0.45,0.1,50.46,Y,1,2016,2016,2016,0.6786,2026,0.2158,Y,中证上海国企,中证上海国企
520580.SH,招商利安新兴亚洲精选ETF(QDII),新交所新兴亚洲精选50,新交所新兴亚洲精选50指数收益率(经估值汇率调整)×100%,被动指数型,招商基金管理有限公司,20250220,nan,L,0.4,0.1,2.76,Y,1,2025,2025,2025,2.2742,2026,0.1958,Y,新交所新兴亚洲精选50,新交所新兴亚洲精选50
515750.SH,富国中证科技50策略ETF,中证科技50策略,中证科技50策略指数收益率×100%,被动指数型,富国基金管理有限公司,20191206,nan,L,0.5,0.1,5.48,Y,1,2020,2020,2020,0.9656,2026,0.1646,Y,中证科技50策略,中证科技50策略
512580.SH,广发中证环保产业ETF,中证环保产业,中证环保产业指数×100%,被动指数型,广发基金管理有限公司,20170228,nan,L,0.5,0.1,6.63,Y,2,2021,2022,2021,0.6625,2026,0.1578,Y,中证环保产业,环保低碳
588860.SH,工银瑞信上证科创板生物医药ETF,上证科创板生物医药,上证科创板生物医药指数收益率×100%,被动指数型,工银瑞信基金管理有限公司,20240823,nan,L,0.45,0.07,2.27,Y,1,2024,2024,2024,0.5563,2026,0.147,,上证科创板生物医药,医药生物
516950.SH,银华中证基建ETF,中证基建,中证基建指数×100%,被动指数型,银华基金管理股份有限公司,20210514,nan,L,0.5,0.1,1.2,Y,2,2022,2023,2022,0.9785,2026,0.1299,,中证基建,基建建筑建材
513320.SH,易方达恒生港股通新经济ETF,恒生港股通新经济,恒生港股通新经济指数收益率(使用估值汇率折算)×100%,被动指数型,易方达基金管理有限公司,20220321,nan,L,0.5,0.1,0.98,Y,2,2022,2025,2025,0.7832,2026,0.1285,Y,恒生港股通新经济,恒生港股通新经济
512950.SH,华夏中证央企结构调整ETF,中证央企结构调整,中证央企结构调整指数收益率×100%,被动指数型,华夏基金管理有限公司,20190118,nan,L,0.15,0.05,61.57,Y,1,2023,2023,2023,0.5056,2026,0.1247,Y,中证央企结构调整,中证央企结构调整
517180.SH,南方富时中国国企开放共赢ETF,富时中国国企开放共赢,富时中国国企开放共赢指数收益率×100%,被动指数型,南方基金管理股份有限公司,20211228,nan,L,0.25,0.05,1.36,Y,1,2024,2024,2024,0.6875,2026,0.1115,Y,富时中国国企开放共赢,富时中国国企开放共赢
560700.SH,广发中证国新央企股东回报ETF,中证国新央企股东回报,中证国新央企股东回报指数×100%,被动指数型,广发基金管理有限公司,20230606,nan,L,0.5,0.05,5.54,Y,1,2023,2023,2023,0.6676,2026,0.1096,Y,中证国新央企股东回报,中证国新央企股东回报
562990.SH,易方达中证上海环交所碳中和ETF,中证上海环交所碳中和,中证上海环交所碳中和指数收益率×100%,被动指数型,易方达基金管理有限公司,20220719,nan,L,0.5,0.1,3.64,Y,1,2022,2022,2022,1.2969,2026,0.1036,Y,中证上海环交所碳中和,环保低碳
159902.SZ,华夏中小企业100ETF,中小企业100,中小企业100指数×100%,被动指数型,华夏基金管理有限公司,20060905,nan,L,0.5,0.1,,Y,5,2013,2019,2015,5.6163,2026,0.0994,Y,中小100,中小100
562000.SH,华宝中证A100ETF,中证A100,中证A100指数收益率×100%,被动指数型,华宝基金管理有限公司,20220801,nan,L,0.5,0.1,3.59,Y,1,2022,2022,2022,0.5427,2026,0.0884,,中证A100,中证A100
515900.SH,博时中证央企创新驱动ETF,中证央企创新驱动,中证央企创新驱动指数收益率×100%,被动指数型,博时基金管理有限公司,20191218,nan,L,0.15,0.05,37.11,Y,3,2020,2024,2023,0.7445,2026,0.0879,Y,中证央企创新驱动,中证央企创新驱动
159966.SZ,华夏创业板低波价值ETF,创业板低波价值,创业板低波价值指数收益率×100%,被动指数型,华夏基金管理有限公司,20190715,nan,L,0.5,0.1,3.43,Y,1,2020,2020,2020,1.177,2026,0.0801,Y,创业板低波价值,创业板低波价值
510030.SH,华宝上证180价值ETF,上证180价值,上证180价值指数×100%,被动指数型,华宝基金管理有限公司,20100528,nan,L,0.5,0.1,1.59,Y,1,2015,2015,2015,0.6028,2026,0.0518,Y,上证180价值,上证180价值
512380.SH,银华MSCI中国A股ETF,MSCI中国A股人民币,MSCI中国A股人民币指数×100%,被动指数型,银华基金管理股份有限公司,20190430,nan,L,0.5,0.1,1.23,Y,1,2019,2019,2019,0.7119,2026,0.0363,Y,MSCI中国A股人民币,MSCI中国A股人民币
510290.SH,南方上证380ETF,上证380,上证380指数×100%,被动指数型,南方基金管理股份有限公司,20111108,nan,L,0.5,0.1,1.46,Y,1,2015,2015,2015,0.6244,2026,0.0263,,上证380,上证380
510130.SH,易方达上证中盘ETF,上证中盘,上证中盘指数×100%,被动指数型,易方达基金管理有限公司,20100623,nan,L,0.15,0.05,2.34,Y,1,2015,2015,2015,0.6139,2026,0.0236,Y,上证中盘,上证中盘
510650.SH,华夏上证金融地产ETF,上证金融地产行业,上证金融地产行业指数×100%,被动指数型,华夏基金管理有限公司,20130508,nan,L,0.5,0.1,0.35,Y,2,2014,2015,2015,1.242,2026,0.0147,Y,上证金融地产行业,地产
510060.SH,工银瑞信上证中央企业50ETF,上证中央企业50,上证中央企业50指数×100%,被动指数型,工银瑞信基金管理有限公司,20091027,nan,L,0.5,0.1,0.96,Y,1,2015,2015,2015,0.8161,2026,0.0061,Y,上证中央企业50,上证中央企业50
510010.SH,交银上证180公司治理ETF,上证180公司治理,上证180公司治理指数×100%,被动指数型,交银施罗德基金管理有限公司,20091215,nan,L,0.5,0.1,2.31,Y,1,2015,2015,2015,1.1419,2026,0.0027,Y,上证180公司治理,上证180公司治理
510420.SH,景顺长城上证180等权重ETF,上证180等权重,上证180等权重指数×100%,被动指数型,景顺长城基金管理有限公司,20120709,20191108,D,nan,nan,,Y,1,2015,2015,2015,0.6878,2018,0.0027,Y,上证180等权重,上证180等权重
510260.SH,诺安上证新兴产业ETF,上证新兴产业,上证新兴产业指数×100%,被动指数型,诺安基金管理有限公司,20110608,20200115,D,nan,nan,,Y,1,2015,2015,2015,1.3236,2019,0.0014,Y,上证新兴产业,上证新兴产业
