symbol,trade_date,fd_share,close
159786.SZ,20260831,8570.1174,1.173
159692.SZ,20260831,150145.5969,1.229
159686.SZ,20260831,7781.5386,1.285
159507.SZ,20260831,84583.0902,0.88
159840.SZ,20260831,196757.4851,0.757
180302.SZ,20260831,60000.0,2.72
159811.SZ,20260831,7554.3393,3.017
159351.SZ,20260831,722312.3357,1.222
159328.SZ,20260831,9155.67,1.058
180601.SZ,20260831,100000.0,9.305
180105.SZ,20260831,80000.0,1.315
159993.SZ,20260831,324569.7982,1.192
159372.SZ,20260831,6245.1588,1.81
159307.SZ,20260831,709090.3552,1.029
180605.SZ,20260831,50000.0,4.251
159679.SZ,20260831,5528.9156,1.316
159230.SZ,20260831,31230.4228,0.971
159225.SZ,20260831,26474.4804,1.256
159208.SZ,20260831,33146.2783,1.062
159202.SZ,20260831,121940.19,0.8
180701.SZ,20260831,60000.0,3.838
159577.SZ,20260831,81166.5791,1.646
159812.SZ,20260831,16351.3149,9.086
159781.SZ,20260831,1583586.0533,1.085
159909.SZ,20260831,53156.1992,1.334
159808.SZ,20260831,4948.479,1.333
159747.SZ,20260831,31271.2278,1.17
180201.SZ,20260831,70000.0,7.358
159876.SZ,20260831,171537.7018,1.012
159881.SZ,20260831,19249.9166,0.948
159813.SZ,20260831,897372.482,0.748
159637.SZ,20260831,61576.8094,0.811
180503.SZ,20260831,40000.0,2.904
159936.SZ,20260831,10815.6094,1.93
159793.SZ,20260831,4375.8908,0.781
159385.SZ,20260831,4900.2525,1.856
159382.SZ,20260831,80005.5714,2.642
159643.SZ,20260831,30739.0617,0.552
159303.SZ,20260831,7399.1693,1.59
159315.SZ,20260831,18458.9621,1.819
159767.SZ,20260831,24187.3672,0.762
159622.SZ,20260831,112660.3238,1.177
159246.SZ,20260831,339565.5606,1.172
180606.SZ,20260831,50000.0,3.7
180901.SZ,20260831,100000.0,5.472
159650.SZ,20260831,4901.8196,107.99
159875.SZ,20260831,247966.2899,0.581
159790.SZ,20260831,154152.8485,0.69
159673.SZ,20260831,177752.8385,1.291
159270.SZ,20260831,9076.3649,1.143
159877.SZ,20260831,24779.2292,0.513
159306.SZ,20260831,2224.4616,1.163
159578.SZ,20260831,1999.8831,1.199
159591.SZ,20260831,33090.5682,1.379
159669.SZ,20260831,20225.4781,1.103
159391.SZ,20260831,8507.6398,1.119
159320.SZ,20260831,166123.5519,0.618
159910.SZ,20260831,8290.6143,2.394
159689.SZ,20260831,8814.7787,0.634
159381.SZ,20260831,177915.3206,1.18
159331.SZ,20260831,14869.4179,1.312
159332.SZ,20260831,8852.1477,1.244
159311.SZ,20260831,3938.3993,1.487
159699.SZ,20260831,49266.4255,0.88
159265.SZ,20260831,17795.0894,0.804
159913.SZ,20260831,2232.9693,2.472
159620.SZ,20260831,2914.0934,1.285
159834.SZ,20260831,23146.1376,9.539
159587.SZ,20260831,25344.7031,1.238
159690.SZ,20260831,27316.3978,2.028
159268.SZ,20260831,39005.5027,0.775
159200.SZ,20260831,15165.2633,102.109
159920.SZ,20260831,577955.9219,1.496
159837.SZ,20260831,280515.2837,0.497
159638.SZ,20260831,146034.1932,0.844
159901.SZ,20260831,97293.493,3.603
159821.SZ,20260831,6462.0,1.294
159822.SZ,20260831,29213.4315,0.593
159766.SZ,20260831,554814.0963,0.565
159621.SZ,20260831,1443.4717,1.169
159864.SZ,20260831,63052.6827,0.546
159682.SZ,20260831,328430.767,1.573
159583.SZ,20260831,246659.2902,1.66
159358.SZ,20260831,90510.642,1.325
159883.SZ,20260831,902403.7843,0.443
159660.SZ,20260831,226315.1363,2.368
159508.SZ,20260831,9043.1598,0.805
159718.SZ,20260831,18383.2634,0.899
159516.SZ,20260831,6190135.9972,0.723
159279.SZ,20260831,16438.7534,1.412
159111.SZ,20260831,14427.6676,102.324
159109.SZ,20260831,57116.3854,0.825
159362.SZ,20260831,161018.0191,1.313
159323.SZ,20260831,9709.7378,1.036
159371.SZ,20260831,18022.1172,1.693
159943.SZ,20260831,20322.9922,1.548
159687.SZ,20260831,163182.8658,1.846
159380.SZ,20260831,16080.4337,1.362
159378.SZ,20260831,55927.1072,1.031
159613.SZ,20260831,11059.0217,0.903
159611.SZ,20260831,947836.29,1.035
159158.SZ,20260831,88753.5344,0.992
159723.SZ,20260831,3102.5575,1.078
159659.SZ,20260831,455974.4064,2.345
159397.SZ,20260831,16624.7657,103.188
159316.SZ,20260831,532633.6139,1.157
159390.SZ,20260831,10926.8771,1.246
159865.SZ,20260831,1231245.5659,0.548
159850.SZ,20260831,42070.6498,0.82
159627.SZ,20260831,1911.6776,1.299
159375.SZ,20260831,36759.535,0.722
159629.SZ,20260831,90525.2663,3.244
159267.SZ,20260831,265850.6126,0.861
159600.SZ,20260831,30364.8913,101.658
159945.SZ,20260831,6007.2327,1.453
159956.SZ,20260831,4797.8674,2.191
159777.SZ,20260831,2828.0565,1.219
159676.SZ,20260831,13056.4183,1.601
159678.SZ,20260831,8914.3694,1.568
159366.SZ,20260831,34933.3072,1.436
159395.SZ,20260831,13400.4202,103.525
159350.SZ,20260831,13300.9642,1.557
159180.SZ,20260831,3315.5926,1.054
159007.SZ,20260831,18860.3274,0.9
159009.SZ,20260831,5939.2703,0.867
159619.SZ,20260831,7598.1007,0.94
159543.SZ,20260831,4219.6551,1.52
159855.SZ,20260831,18492.5236,0.773
159666.SZ,20260831,14083.2905,0.982
159209.SZ,20260831,220963.5053,1.16
159779.SZ,20260831,13586.9337,1.486
159960.SZ,20260831,7157.396,0.857
159738.SZ,20260831,13099.2667,2.07
159796.SZ,20260831,621046.755,0.832
159167.SZ,20260831,17654.9164,0.947
159196.SZ,20260831,22153.0324,1.269
159776.SZ,20260831,7896.8765,1.197
159681.SZ,20260831,103777.2337,1.59
159211.SZ,20260831,2168.3294,1.434
159807.SZ,20260831,91105.1428,0.928
159739.SZ,20260831,41716.123,0.816
159376.SZ,20260831,4592.2317,1.329
159383.SZ,20260831,5009.2486,1.686
159355.SZ,20260831,8423.4277,1.044
159359.SZ,20260831,68914.0424,1.282
159652.SZ,20260831,177732.0287,1.684
180202.SZ,20260831,30000.0,4.675
159258.SZ,20260831,133776.5664,1.103
159836.SZ,20260831,11774.7113,1.27
159612.SZ,20260831,46989.8651,2.074
159545.SZ,20260831,532660.3689,1.317
180401.SZ,20260831,60000.0,5.616
159603.SZ,20260831,262007.1922,1.678
159871.SZ,20260831,114173.2506,0.991
159698.SZ,20260831,160244.4378,0.958
159203.SZ,20260831,979.1913,1.354
159500.SZ,20260831,21893.8865,1.196
159968.SZ,20260831,6529.5098,10.442
159506.SZ,20260831,259053.6979,1.289
159231.SZ,20260831,33809.186,0.499
159227.SZ,20260831,472091.1199,1.015
159550.SZ,20260831,19582.8785,0.807
159696.SZ,20260831,282782.4034,2.034
159533.SZ,20260831,1445.8785,1.967
159589.SZ,20260831,24159.0005,1.128
159708.SZ,20260831,17852.8306,0.814
159938.SZ,20260831,723706.7236,0.643
159890.SZ,20260831,23259.0688,1.767
159512.SZ,20260831,10726.4855,1.034
159281.SZ,20260831,24623.3059,0.971
159292.SZ,20260831,17518.9531,1.184
159750.SZ,20260831,124761.8251,0.866
159758.SZ,20260831,134429.0777,1.141
159549.SZ,20260831,477552.3884,1.189
158006.SZ,20260831,4104.6012,1.057
159162.SZ,20260831,41893.9837,0.861
159123.SZ,20260831,38704.7026,0.895
159177.SZ,20260831,4761.9279,0.941
159019.SZ,20260831,4832.7711,0.944
159515.SZ,20260831,3338.6631,1.222
159977.SZ,20260831,364587.282,1.792
159814.SZ,20260831,51224.652,0.713
159596.SZ,20260831,51568.304,0.653
159599.SZ,20260831,70782.2066,2.844
159517.SZ,20260831,874.2624,1.369
159255.SZ,20260831,6933.8868,0.865
159242.SZ,20260831,41727.8583,2.102
159768.SZ,20260831,81495.0311,0.428
159760.SZ,20260831,13236.0223,0.583
159228.SZ,20260831,10521.2692,1.025
159805.SZ,20260831,25045.248,1.177
159558.SZ,20260831,1917856.3923,1.136
159595.SZ,20260831,91811.3255,1.37
159610.SZ,20260831,16256.8207,1.286
159289.SZ,20260831,3890.264,1.095
159275.SZ,20260831,25430.2909,0.883
159885.SZ,20260831,24746.7316,0.699
159249.SZ,20260831,10819.1923,1.409
159866.SZ,20260831,111997.9377,1.675
159222.SZ,20260831,170437.0402,1.282
159160.SZ,20260831,21381.9254,0.821
159008.SZ,20260831,11078.4531,1.032
159193.SZ,20260831,22208.0335,0.792
159048.SZ,20260831,19680.3897,0.865
158009.SZ,20260831,4037.3819,1.028
158005.SZ,20260831,17506.1376,0.987
159186.SZ,20260831,8486.9245,0.734
159065.SZ,20260831,10835.0818,0.924
159891.SZ,20260831,34902.4837,0.385
159273.SZ,20260831,71177.7501,1.431
159276.SZ,20260831,55669.6658,1.111
159729.SZ,20260831,6676.0633,0.699
159526.SZ,20260831,58296.2964,1.445
180303.SZ,20260831,30000.0,3.221
180603.SZ,20260831,100000.0,4.33
159607.SZ,20260831,121582.9139,0.793
159513.SZ,20260831,454954.91,1.802
159259.SZ,20260831,476369.6403,1.371
159286.SZ,20260831,72278.5402,0.752
159751.SZ,20260831,88262.9628,0.886
159240.SZ,20260831,2061.9776,1.303
159521.SZ,20260831,1827.4435,1.28
159283.SZ,20260831,30043.7981,0.872
159400.SZ,20260831,7127.7356,101.212
159569.SZ,20260831,36414.7241,1.407
180305.SZ,20260831,100000.0,3.408
180402.SZ,20260831,20000.0,4.875
159523.SZ,20260831,7051.7348,1.264
159256.SZ,20260831,58818.3766,0.838
159288.SZ,20260831,9217.4931,1.003
159119.SZ,20260831,14405.4229,0.99
159742.SZ,20260831,627092.8292,0.59
159919.SZ,20260831,626241.6676,4.889
159886.SZ,20260831,6784.2555,0.896
159280.SZ,20260831,10071.7171,0.696
159899.SZ,20260831,97497.7729,0.725
159872.SZ,20260831,5879.9732,0.842
159761.SZ,20260831,19773.4117,0.808
159113.SZ,20260831,8689.6237,102.176
159631.SZ,20260831,3933.2605,1.247
159582.SZ,20260831,101060.8105,0.772
180306.SZ,20260831,40000.0,4.677
159510.SZ,20260831,6612.8342,1.265
159538.SZ,20260831,21660.8966,0.92
159101.SZ,20260831,287431.1457,0.74
159272.SZ,20260831,373416.469,0.811
159296.SZ,20260831,4504.2941,1.008
159982.SZ,20260831,20421.1253,2.143
159536.SZ,20260831,5326.1589,1.422
159102.SZ,20260831,66062.2004,0.828
159297.SZ,20260831,383441.8642,0.735
159117.SZ,20260831,6140.1153,1.01
159633.SZ,20260831,107016.2658,3.322
159310.SZ,20260831,49898.108,2.878
159825.SZ,20260831,246907.7407,0.753
159713.SZ,20260831,51825.5051,1.285
159973.SZ,20260831,19997.6423,1.919
159532.SZ,20260831,16956.4791,1.678
159606.SZ,20260831,39722.2838,1.377
159931.SZ,20260831,1782.8511,1.882
159126.SZ,20260831,22761.6546,0.946
159243.SZ,20260831,14303.0224,1.269
159108.SZ,20260831,12573.8511,0.995
159118.SZ,20260831,6967.702,0.964
159810.SZ,20260831,5747.5458,1.384
159647.SZ,20260831,101696.1752,0.889
159553.SZ,20260831,1532.6751,1.867
159593.SZ,20260831,185769.604,1.367
159588.SZ,20260831,42928.4857,1.277
159110.SZ,20260831,2262.7093,102.372
159287.SZ,20260831,10956.8753,1.122
159285.SZ,20260831,24848.668,0.773
159898.SZ,20260831,89909.8825,0.495
159131.SZ,20260831,226091.9902,0.994
159981.SZ,20260831,184653.6957,1.63
159115.SZ,20260831,5259.3487,102.187
159003.SZ,20260831,207.5624,100.0
159300.SZ,20260831,37175.8097,5.021
159640.SZ,20260831,5984.5198,0.935
159132.SZ,20260831,12296.3558,0.971
159142.SZ,20260831,117726.0142,1.212
159130.SZ,20260831,19938.9466,0.94
159136.SZ,20260831,10941.4074,1.018
159001.SZ,20260831,3257.0931,100.0
159509.SZ,20260831,662156.4118,2.818
159295.SZ,20260831,8295.8239,1.072
159922.SZ,20260831,279167.6765,3.233
159605.SZ,20260831,407548.6155,0.798
159535.SZ,20260831,2598.1088,1.524
159539.SZ,20260831,5056.5182,1.828
159291.SZ,20260831,1745.7388,1.191
159915.SZ,20260831,1876245.4936,3.456
159615.SZ,20260831,33505.4898,1.141
180501.SZ,20260831,50000.0,3.23
159795.SZ,20260831,2816.9473,0.883
159531.SZ,20260831,103060.8406,1.485
159163.SZ,20260831,26080.7013,0.791
159112.SZ,20260831,22198.783,102.19
159985.SZ,20260831,156072.4066,2.306
159667.SZ,20260831,363905.0718,0.679
159975.SZ,20260831,5193.776,0.757
159139.SZ,20260831,18610.921,1.265
159151.SZ,20260831,18165.1063,0.924
159709.SZ,20260831,2048.406,1.723
159748.SZ,20260831,146969.2128,0.833
159778.SZ,20260831,4025.5382,1.22
159546.SZ,20260831,73492.7822,0.796
159133.SZ,20260831,156841.3345,1.133
159152.SZ,20260831,81855.6093,0.774
159302.SZ,20260831,5029.7609,1.337
159305.SZ,20260831,118564.0302,0.818
159325.SZ,20260831,51646.0528,2.165
159937.SZ,20260831,473812.1977,9.111
159949.SZ,20260831,1547478.5113,1.612
159972.SZ,20260831,6657.591,119.781
159187.SZ,20260831,7517.6266,0.841
159157.SZ,20260831,807275.876,0.865
159137.SZ,20260831,16363.2607,0.96
159277.SZ,20260831,3755.7011,1.0
159128.SZ,20260831,189176.0841,0.726
159616.SZ,20260831,6856.1112,0.808
159639.SZ,20260831,20329.0171,0.956
159551.SZ,20260831,30192.0923,1.272
159127.SZ,20260831,15284.4268,0.972
159143.SZ,20260831,5355.4456,0.966
159169.SZ,20260831,13087.4485,0.996
159541.SZ,20260831,6159.3326,1.542
159100.SZ,20260831,47454.6935,1.086
159148.SZ,20260831,24046.6601,1.007
159156.SZ,20260831,21346.1253,0.875
159680.SZ,20260831,102643.8087,1.698
159996.SZ,20260831,47655.4846,1.447
159150.SZ,20260831,9799.7623,1.596
159041.SZ,20260831,5947.1832,1.043
159049.SZ,20260831,3507.3319,1.05
159086.SZ,20260831,3039.9823,1.078
159165.SZ,20260831,10657.1257,0.881
159172.SZ,20260831,38782.9293,0.849
159016.SZ,20260831,34454.0154,1.024
159703.SZ,20260831,5838.1591,0.909
159788.SZ,20260831,7042.4965,1.229
159122.SZ,20260831,6716.0935,0.887
159260.SZ,20260831,102521.3576,0.873
159120.SZ,20260831,14802.4466,0.748
159725.SZ,20260831,12342.4924,0.781
159740.SZ,20260831,2520712.0448,0.574
180602.SZ,20260831,100000.0,3.801
180607.SZ,20260831,30000.0,5.37
159636.SZ,20260831,2186250.1206,0.522
159641.SZ,20260831,8671.9131,0.994
159597.SZ,20260831,107325.7137,0.8
159552.SZ,20260831,68429.0319,2.311
159309.SZ,20260831,53037.1736,1.439
180203.SZ,20260831,50000.0,7.058
180502.SZ,20260831,50000.0,3.491
159505.SZ,20260831,1910.4786,1.624
159015.SZ,20260831,11035.2934,0.899
159732.SZ,20260831,235844.7904,1.391
159590.SZ,20260831,78186.1746,0.906
159976.SZ,20260831,6388.5872,1.311
159861.SZ,20260831,9711.7535,1.019
159223.SZ,20260831,18084.4755,1.152
159261.SZ,20260831,4981.4904,1.373
159782.SZ,20260831,57019.0267,1.088
159330.SZ,20260831,41980.1009,1.448
159321.SZ,20260831,38190.0397,1.696
159933.SZ,20260831,3637.8943,2.928
159827.SZ,20260831,8671.6463,0.811
159941.SZ,20260831,2253971.0164,1.653
159816.SZ,20260831,9714.7484,113.998
159210.SZ,20260831,3374.9802,0.827
159271.SZ,20260831,24938.6731,0.962
159835.SZ,20260831,36250.4143,0.659
159700.SZ,20260831,13915.9191,101.665
159820.SZ,20260831,135640.847,1.381
159857.SZ,20260831,220951.5725,0.714
159800.SZ,20260831,2673.6802,1.433
159896.SZ,20260831,3805.596,1.309
159212.SZ,20260831,8520.4367,1.462
159353.SZ,20260831,437616.1812,1.244
159333.SZ,20260831,20095.2835,1.38
159717.SZ,20260831,2787.3183,1.047
159663.SZ,20260831,43703.517,1.014
159965.SZ,20260831,2142.6953,1.642
159887.SZ,20260831,57841.595,1.352
159278.SZ,20260831,206254.5853,0.955
159266.SZ,20260831,34371.0088,0.988
159298.SZ,20260831,15928.1082,1.197
159329.SZ,20260831,115918.9188,0.922
159852.SZ,20260831,1402562.3921,0.694
159907.SZ,20260831,17319.7694,1.092
159540.SZ,20260831,12050.5191,1.966
159662.SZ,20260831,8161.3946,0.98
159677.SZ,20260831,2690.4091,1.485
159312.SZ,20260831,3222.4353,1.185
159655.SZ,20260831,216714.3045,2.037
159839.SZ,20260831,257323.5165,0.364
159841.SZ,20260831,1203223.8465,1.001
159770.SZ,20260831,608058.7762,1.01
159389.SZ,20260831,13409.3364,1.883
159229.SZ,20260831,14505.6022,1.225
159301.SZ,20260831,12145.8357,0.963
159125.SZ,20260831,84024.5883,0.716
159773.SZ,20260831,14510.312,1.303
159005.SZ,20260831,117.0456,100.0
159675.SZ,20260831,6384.6691,1.424
159370.SZ,20260831,23231.6009,1.792
159656.SZ,20260831,22823.8451,1.208
159905.SZ,20260831,98894.3951,1.685
159711.SZ,20260831,3046.5157,1.343
159365.SZ,20260831,4616.2398,1.003
159251.SZ,20260831,24378.7744,0.769
159895.SZ,20260831,7524.1864,1.409
159726.SZ,20260831,25191.138,1.37
159511.SZ,20260831,14744.4573,2.377
159520.SZ,20260831,15317.7649,0.928
159129.SZ,20260831,114140.6595,1.103
159845.SZ,20260831,212742.5606,3.233
159715.SZ,20260831,51303.0274,1.185
159361.SZ,20260831,2337209.0279,1.247
159856.SZ,20260831,34737.2474,0.587
159356.SZ,20260831,76112.0647,1.301
159918.SZ,20260831,3056.1264,2.524
159862.SZ,20260831,30750.0623,0.541
159775.SZ,20260831,67564.8961,0.777
159121.SZ,20260831,14448.1127,0.73
159970.SZ,20260831,1046.8704,1.027
159848.SZ,20260831,15531.1239,0.881
159736.SZ,20260831,750439.4457,0.586
159367.SZ,20260831,17207.9029,1.701
159206.SZ,20260831,950395.3365,1.395
159940.SZ,20260831,28305.9983,1.23
516920.SH,20260831,47946.3,1.43
560620.SH,20260831,2636.7,0.95
510880.SH,20260831,574717.57,3.489
511380.SH,20260831,453208.67,13.727
510760.SH,20260831,308650.37,1.355
516700.SH,20260831,17962.2,0.927
563770.SH,20260831,2580.7,1.201
512030.SH,20260831,4324.0,1.111
589200.SH,20260831,2250.7,1.38
513930.SH,20260831,10290.8,1.046
526000.SH,20260831,17614.2,1.223
513620.SH,20260831,5721.6,1.087
510090.SH,20260831,2508.11,2.576
512150.SH,20260831,1807.34,1.906
516720.SH,20260831,1083.78,1.159
515370.SH,20260831,96171.3,0.798
589210.SH,20260831,132093.8,0.696
513900.SH,20260831,8997.8,0.992
560100.SH,20260831,5658.03,1.363
510190.SH,20260831,2365.08,4.342
512750.SH,20260831,4655.49,1.45
512690.SH,20260831,3194935.02,0.419
515580.SH,20260831,30403.14,1.396
516770.SH,20260831,27604.8,1.156
516260.SH,20260831,4388.26,1.38
589850.SH,20260831,71205.7,1.615
520840.SH,20260831,112654.9,0.764
512240.SH,20260831,2168.6,1.155
530180.SH,20260831,5795.2,1.208
513880.SH,20260831,131297.0,2.142
516320.SH,20260831,8758.93,0.923
517950.SH,20260831,4862.32,1.188
588420.SH,20260831,33764.8,1.196
560230.SH,20260831,8388.9,0.748
517050.SH,20260831,34760.5,0.672
511520.SH,20260831,38329.65,118.354
520700.SH,20260831,46107.6,1.622
517770.SH,20260831,19694.78,0.883
560410.SH,20260831,5878.61,0.826
515910.SH,20260831,22750.7,0.685
563560.SH,20260831,5476.9,1.217
563870.SH,20260831,10830.39,0.651
520770.SH,20260831,21337.38,0.943
560130.SH,20260831,6977.62,0.92
512000.SH,20260831,7259523.54,0.528
511660.SH,20260831,762360.0,100.02
588860.SH,20260831,34088.94,0.665
512820.SH,20260831,39100.19,1.453
561310.SH,20260831,10783.31,0.725
510320.SH,20260831,63106.85,1.258
516710.SH,20260831,7427.2,0.759
560500.SH,20260831,29533.9,1.411
563080.SH,20260831,110058.84,1.38
513530.SH,20260831,283093.87,1.614
515350.SH,20260831,1169.92,6.275
513890.SH,20260831,89612.8,0.892
561300.SH,20260831,49396.5,1.079
513400.SH,20260831,274206.2,1.345
560480.SH,20260831,14180.3,0.889
589020.SH,20260831,437643.8,1.224
562000.SH,20260831,59673.79,0.602
563150.SH,20260831,3439.9,1.373
513820.SH,20260831,174566.9,1.255
512580.SH,20260831,56787.17,1.168
512170.SH,20260831,7169782.05,0.339
588520.SH,20260831,1295.7,1.427
510600.SH,20260831,1361.51,3.897
515750.SH,20260831,26414.05,2.076
515080.SH,20260831,708814.89,1.622
561080.SH,20260831,2425.0,1.202
511900.SH,20260831,18244.0,99.999
515230.SH,20260831,798169.09,0.709
512600.SH,20260831,168825.61,0.574
512550.SH,20260831,10790.6,1.822
530580.SH,20260831,5514.9,1.179
589980.SH,20260831,12912.2,1.882
515400.SH,20260831,159563.14,0.89
517380.SH,20260831,302032.63,0.854
563280.SH,20260831,520.66,1.416
588450.SH,20260831,6056.87,2.199
588470.SH,20260831,28390.7,0.847
589330.SH,20260831,17090.2,0.888
589360.SH,20260831,266317.4,0.868
589310.SH,20260831,31349.18,0.836
561250.SH,20260831,8075.22,1.046
512890.SH,20260831,2778011.08,1.192
516780.SH,20260831,240409.97,0.859
512070.SH,20260831,1652247.97,0.806
588300.SH,20260831,151621.05,1.128
512370.SH,20260831,29631.3,1.211
520720.SH,20260831,12194.2,0.743
551520.SH,20260831,21616.16,102.081
513130.SH,20260831,5663134.7,0.574
516650.SH,20260831,523546.48,1.904
560580.SH,20260831,44900.3,1.093
561180.SH,20260831,4960.96,1.314
512640.SH,20260831,2024.09,2.416
530880.SH,20260831,3983.6,1.153
561930.SH,20260831,18726.06,1.577
561780.SH,20260831,1935.58,1.584
512730.SH,20260831,5358.39,1.695
515050.SH,20260831,1719320.54,1.05
513170.SH,20260831,16457.3,1.631
516520.SH,20260831,79376.55,1.064
560150.SH,20260831,68227.93,1.142
562570.SH,20260831,30728.1,1.403
563350.SH,20260831,16999.76,1.416
562700.SH,20260831,10175.0,1.216
516800.SH,20260831,18230.8,0.999
517120.SH,20260831,57696.64,0.753
517900.SH,20260831,39499.35,1.553
563330.SH,20260831,3336.06,4.248
530100.SH,20260831,12069.6,1.172
563380.SH,20260831,87695.0,0.955
563980.SH,20260831,18896.7,0.978
520820.SH,20260831,5868.2,0.934
520530.SH,20260831,23477.6,0.814
516300.SH,20260831,4301.26,3.266
561990.SH,20260831,34064.92,1.034
513190.SH,20260831,99693.6,1.845
561230.SH,20260831,45047.78,1.335
562900.SH,20260831,23870.63,0.713
511260.SH,20260831,16883.65,135.694
512290.SH,20260831,316182.07,1.031
516110.SH,20260831,21062.31,1.111
530380.SH,20260831,13470.5,1.124
589120.SH,20260831,131262.0,0.829
588550.SH,20260831,6329.0,1.373
510060.SH,20260831,3595.92,2.658
511650.SH,20260831,12046.0,100.003
562880.SH,20260831,88939.96,0.736
520660.SH,20260831,216148.55,1.008
513210.SH,20260831,4094.2,1.512
513320.SH,20260831,9101.06,1.081
515220.SH,20260831,1047617.69,1.378
517200.SH,20260831,14478.2,0.594
516790.SH,20260831,18268.22,0.518
517010.SH,20260831,7814.42,1.125
561350.SH,20260831,10070.0,1.265
561320.SH,20260831,3436.9,0.943
515850.SH,20260831,48229.1,1.378
561900.SH,20260831,2633.44,0.985
562590.SH,20260831,907698.9,1.023
520870.SH,20260831,51147.72,1.085
588430.SH,20260831,10045.8,1.24
512620.SH,20260831,142166.6,0.917
516460.SH,20260831,42269.3,1.247
510630.SH,20260831,54736.15,0.809
515550.SH,20260831,2034.57,1.785
515290.SH,20260831,261917.29,1.487
588050.SH,20260831,642724.13,1.725
510160.SH,20260831,18405.74,0.91
588790.SH,20260831,328638.4,0.811
510560.SH,20260831,5231.87,2.003
589090.SH,20260831,18193.1,1.084
563620.SH,20260831,5104.9,1.093
512560.SH,20260831,94312.7,0.72
562010.SH,20260831,1929.87,0.861
510010.SH,20260831,13052.44,1.769
513750.SH,20260831,808783.8,1.556
560220.SH,20260831,6071.7,1.459
561280.SH,20260831,8784.77,1.632
563860.SH,20260831,18284.43,1.311
512770.SH,20260831,9826.78,2.595
516930.SH,20260831,10613.96,0.495
588680.SH,20260831,3236.1,2.657
520830.SH,20260831,108461.9,0.91
517170.SH,20260831,1613.18,1.005
520500.SH,20260831,187830.5,1.418
510040.SH,20260831,2648.0,1.17
511670.SH,20260831,1320.0,100.007
512950.SH,20260831,404255.1,1.523
510370.SH,20260831,8725.81,1.037
517520.SH,20260831,635040.4,2.213
516220.SH,20260831,26017.0,0.93
560380.SH,20260831,14086.1,1.26
511700.SH,20260831,182017.0,100.005
560560.SH,20260831,7019.01,0.658
561800.SH,20260831,20357.72,1.04
513730.SH,20260831,77635.5,1.156
589250.SH,20260831,7510.13,1.277
516840.SH,20260831,13727.7,0.747
159055.SZ,20260831,12129.3952,0.942
159060.SZ,20260831,2748.3423,1.058
159079.SZ,20260831,9180.683,1.01
159721.SZ,20260831,6743.1696,1.053
159572.SZ,20260831,18974.9107,1.466
159335.SZ,20260831,6328.3689,1.532
159337.SZ,20260831,27971.0611,1.82
159339.SZ,20260831,197308.6841,1.233
159542.SZ,20260831,1459.285,1.33
159948.SZ,20260831,117869.772,3.813
159502.SZ,20260831,112332.3019,1.623
159661.SZ,20260831,2720.8213,1.425
159020.SZ,20260831,12756.7082,0.931
159022.SZ,20260831,17763.0967,1.01
159159.SZ,20260831,11831.8582,1.011
159168.SZ,20260831,51445.506,0.899
159562.SZ,20260831,259113.0504,2.409
159141.SZ,20260831,133506.073,1.182
159181.SZ,20260831,12940.5335,0.902
159197.SZ,20260831,4338.829,0.919
159658.SZ,20260831,4439.4877,1.766
520850.SH,20260831,13924.96,0.893
561020.SH,20260831,3102.22,1.019
561810.SH,20260831,7063.84,1.009
561500.SH,20260831,5610.03,0.805
563580.SH,20260831,24364.8,1.142
511120.SH,20260831,11771.06,101.88
510290.SH,20260831,5444.89,2.69
510510.SH,20260831,86703.83,2.585
516500.SH,20260831,20293.72,0.637
517330.SH,20260831,180916.9,0.973
561680.SH,20260831,5816.9,0.998
560160.SH,20260831,11170.6,0.926
589220.SH,20260831,31949.58,1.024
520810.SH,20260831,29836.0,1.045
588400.SH,20260831,136260.06,1.108
515450.SH,20260831,1425833.5,1.407
515030.SH,20260831,149038.4,1.615
515210.SH,20260831,102522.61,1.184
561560.SH,20260831,194462.42,1.258
560110.SH,20260831,35590.35,1.168
510410.SH,20260831,43725.84,2.034
516670.SH,20260831,340526.63,0.617
513350.SH,20260831,84374.6,1.347
561160.SH,20260831,228383.5,0.717
561050.SH,20260831,22825.0,0.894
526070.SH,20260831,5237.7,0.993
561450.SH,20260831,8312.43,0.969
512800.SH,20260831,1197747.99,0.829
512360.SH,20260831,2733.77,1.8
512520.SH,20260831,4505.64,1.479
588180.SH,20260831,73135.37,1.1
561980.SH,20260831,839555.0,0.699
588120.SH,20260831,90762.2,0.923
563200.SH,20260831,5345.88,1.546
560570.SH,20260831,115854.12,1.003
589960.SH,20260831,17331.6,0.862
513800.SH,20260831,103704.44,1.892
510580.SH,20260831,114696.83,4.188
517100.SH,20260831,14360.21,1.019
513390.SH,20260831,214437.91,2.426
588260.SH,20260831,4674.6,2.582
516230.SH,20260831,74492.1,0.77
512140.SH,20260831,14404.9,0.91
510140.SH,20260831,7423.05,1.046
561730.SH,20260831,12674.81,1.015
520780.SH,20260831,3946.0,0.816
560390.SH,20260831,203525.8,0.867
515640.SH,20260831,1705.0,0.966
589320.SH,20260831,11405.3,0.868
511850.SH,20260831,89019.0,100.005
513590.SH,20260831,13051.89,0.766
560680.SH,20260831,33672.56,0.731
513100.SH,20260831,946511.06,2.223
513520.SH,20260831,107688.72,2.274
512910.SH,20260831,13112.88,1.323
515090.SH,20260831,1180.17,1.379
511580.SH,20260831,7010.48,109.656
588290.SH,20260831,472169.1,1.167
561330.SH,20260831,180539.21,0.993
563220.SH,20260831,655101.37,1.274
588070.SH,20260831,4043.7,2.239
517300.SH,20260831,100243.45,0.953
560490.SH,20260831,10548.2,0.986
561460.SH,20260831,90352.0,0.823
561620.SH,20260831,3872.7,1.062
551580.SH,20260831,10702.68,102.221
515790.SH,20260831,599949.4,0.834
512930.SH,20260831,487652.13,0.63
561880.SH,20260831,8238.9,1.275
588230.SH,20260831,77693.9,1.818
513380.SH,20260831,1778278.49,0.528
560720.SH,20260831,9954.8,0.987
517130.SH,20260831,18865.4,0.964
560460.SH,20260831,28953.7,0.894
520710.SH,20260831,9702.9,0.931
589410.SH,20260831,55456.56,0.852
517230.SH,20260831,16854.58,0.987
515960.SH,20260831,23999.19,0.832
520520.SH,20260831,5260.6,0.945
510770.SH,20260831,2161.07,0.918
560520.SH,20260831,5175.1,1.1
513560.SH,20260831,53138.6,1.131
515100.SH,20260831,373369.15,1.413
517090.SH,20260831,5407.5,1.605
510850.SH,20260831,4729.89,3.607
588900.SH,20260831,35278.3,1.871
562340.SH,20260831,814.43,1.451
563750.SH,20260831,34223.7,1.116
512660.SH,20260831,624208.0,1.142
516830.SH,20260831,8967.69,1.036
516010.SH,20260831,247469.3,1.091
516630.SH,20260831,47815.6,1.682
520600.SH,20260831,23586.8,1.007
517160.SH,20260831,182677.75,0.958
588320.SH,20260831,8082.46,1.739
530800.SH,20260831,1820.18,1.213
512390.SH,20260831,1268.2,1.237
562520.SH,20260831,2656.8,1.39
512710.SH,20260831,1170765.84,0.627
561570.SH,20260831,7314.7,1.421
510950.SH,20260831,11002.08,1.001
512760.SH,20260831,955344.55,1.119
518660.SH,20260831,95865.27,9.162
530000.SH,20260831,94602.94,1.394
561380.SH,20260831,633853.4,0.734
588990.SH,20260831,19774.54,3.735
563360.SH,20260831,3170898.74,1.291
588010.SH,20260831,91792.58,1.073
515300.SH,20260831,335467.52,1.307
513310.SH,20260831,242442.7,4.816
513650.SH,20260831,436373.4,2.043
512080.SH,20260831,80018.61,1.306
510680.SH,20260831,2052.47,3.203
562890.SH,20260831,27055.1,1.381
561010.SH,20260831,29435.6,0.885
560770.SH,20260831,165163.3,0.973
588140.SH,20260831,21775.1,1.226
512010.SH,20260831,4034369.49,0.376
511880.SH,20260831,11042206.0,100.751
512900.SH,20260831,747140.6,1.093
512650.SH,20260831,3294.16,1.353
588780.SH,20260831,101590.2,1.014
588820.SH,20260831,15140.0,1.952
588250.SH,20260831,26767.5,1.033
588810.SH,20260831,68132.4,2.563
588880.SH,20260831,10836.8,1.808
560900.SH,20260831,21096.91,0.912
512430.SH,20260831,2872.0,0.909
515480.SH,20260831,2334.07,1.065
512410.SH,20260831,4107.17,1.104
561400.SH,20260831,4451.9,1.03
515180.SH,20260831,1288863.7,1.468
588460.SH,20260831,64351.4,2.078
518600.SH,20260831,81241.63,9.514
516610.SH,20260831,23397.48,0.43
561950.SH,20260831,7215.6,1.41
562970.SH,20260831,36544.8,0.976
515150.SH,20260831,39770.32,1.583
563670.SH,20260831,18098.7,0.688
516900.SH,20260831,28172.9,0.49
588280.SH,20260831,37612.1,1.209
563880.SH,20260831,157399.64,1.264
518860.SH,20260831,46515.98,9.153
560350.SH,20260831,84353.21,1.269
589270.SH,20260831,2451.66,1.149
513240.SH,20260831,10949.6,1.05
520960.SH,20260831,5060.34,0.916
560930.SH,20260831,21102.4,0.878
560830.SH,20260831,70651.9,0.894
560910.SH,20260831,19572.1,0.742
526030.SH,20260831,15346.5,0.896
560730.SH,20260831,8683.63,1.049
560870.SH,20260831,9335.19,0.951
515040.SH,20260831,5131.96,1.087
563500.SH,20260831,76595.87,0.635
530050.SH,20260831,13181.3,1.196
513000.SH,20260831,100241.14,2.289
560550.SH,20260831,12359.74,0.963
511950.SH,20260831,3222.0,99.998
512870.SH,20260831,2241.06,1.471
516970.SH,20260831,118154.25,1.115
516270.SH,20260831,29390.9,0.568
560990.SH,20260831,1618.71,1.144
513660.SH,20260831,181400.02,1.507
510570.SH,20260831,3306.06,1.252
516130.SH,20260831,158189.0,0.687
516590.SH,20260831,5201.5,1.094
513010.SH,20260831,4424330.7,0.6
589770.SH,20260831,15856.92,1.613
515060.SH,20260831,104747.81,0.587
515330.SH,20260831,617970.95,1.347
588360.SH,20260831,21628.18,1.19
520630.SH,20260831,59461.0,0.662
589150.SH,20260831,80543.72,1.218
510650.SH,20260831,1195.25,2.931
588200.SH,20260831,4242418.43,1.194
560980.SH,20260831,34502.2,0.637
512670.SH,20260831,219465.26,0.78
517110.SH,20260831,133909.85,0.786
513780.SH,20260831,188915.7,1.679
512990.SH,20260831,9901.54,2.056
588730.SH,20260831,72339.63,1.517
510390.SH,20260831,13655.0,5.316
515800.SH,20260831,394393.72,1.295
562310.SH,20260831,44257.23,1.062
516100.SH,20260831,113775.97,1.069
562580.SH,20260831,3922.33,1.082
513630.SH,20260831,752435.9,1.586
561600.SH,20260831,28854.8,0.754
518850.SH,20260831,188137.87,9.228
513080.SH,20260831,65991.6,1.787
510500.SH,20260831,540256.86,7.967
515130.SH,20260831,9446.32,1.551
560660.SH,20260831,12993.8,1.111
513120.SH,20260831,1885213.54,1.291
513090.SH,20260831,979048.8,1.894
510300.SH,20260831,2350398.77,4.685
516510.SH,20260831,151589.0,1.723
563520.SH,20260831,44506.5,1.204
589990.SH,20260831,10209.0,1.669
510270.SH,20260831,1683.21,1.565
515630.SH,20260831,92121.77,1.288
516120.SH,20260831,501958.2,0.911
588890.SH,20260831,277743.0,1.352
510810.SH,20260831,596409.37,0.846
511800.SH,20260831,16728.0,100.005
513220.SH,20260831,52110.94,0.945
588410.SH,20260831,11325.0,1.211
588530.SH,20260831,22503.33,0.945
512020.SH,20260831,110601.27,1.3
511090.SH,20260831,27966.81,118.444
588870.SH,20260831,78255.2,1.706
511820.SH,20260831,6067.0,100.0
588000.SH,20260831,5054066.82,1.777
515160.SH,20260831,24395.51,1.633
510530.SH,20260831,4747.94,8.954
516550.SH,20260831,26041.44,0.712
561000.SH,20260831,5242.0,1.326
588950.SH,20260831,67172.97,1.759
513990.SH,20260831,4300.0,1.118
512250.SH,20260831,11810.01,1.211
516750.SH,20260831,13916.73,0.588
562930.SH,20260831,173443.7,0.723
562320.SH,20260831,5529.55,1.352
511990.SH,20260831,8697187.0,100.0
588390.SH,20260831,16193.59,1.188
560690.SH,20260831,2038.9,2.201
560360.SH,20260831,22434.5,1.256
511810.SH,20260831,36953.0,100.003
560970.SH,20260831,6913.8,0.97
589160.SH,20260831,27829.6,1.305
589560.SH,20260831,25335.5,0.966
510130.SH,20260831,3148.51,7.428
515760.SH,20260831,9538.81,1.377
516350.SH,20260831,139841.53,1.669
561870.SH,20260831,9076.5,1.189
563780.SH,20260831,24802.71,1.238
563550.SH,20260831,7355.9,1.269
510350.SH,20260831,67601.47,4.932
515700.SH,20260831,67951.02,2.163
512970.SH,20260831,498.76,1.506
512190.SH,20260831,20081.84,2.94
516020.SH,20260831,347932.62,0.887
518890.SH,20260831,37405.48,9.146
588960.SH,20260831,14257.98,1.125
560780.SH,20260831,1295548.8,1.068
520750.SH,20260831,13438.4,0.922
561470.SH,20260831,4293.6,1.049
518800.SH,20260831,374927.92,9.574
516890.SH,20260831,3331.14,0.787
516530.SH,20260831,1780.23,1.019
589660.SH,20260831,25753.0,1.606
562810.SH,20260831,5295.1,1.178
516360.SH,20260831,5655.18,1.041
589380.SH,20260831,9569.43,1.452
589000.SH,20260831,104350.78,1.594
589520.SH,20260831,82810.46,0.609
159360.SZ,20260831,131018.4526,1.322
159843.SZ,20260831,60895.5141,0.537
159798.SZ,20260831,17324.539,0.863
159530.SZ,20260831,1273661.3169,1.343
159559.SZ,20260831,195157.6622,1.213
159147.SZ,20260831,208740.9552,0.838
159166.SZ,20260831,55681.6059,0.868
159098.SZ,20260831,12389.1589,1.009
159185.SZ,20260831,19409.9035,1.131
159095.SZ,20260831,22546.8139,0.975
159198.SZ,20260831,8534.4347,1.275
159032.SZ,20260831,25384.5019,0.919
159010.SZ,20260831,20009.7611,0.911
159057.SZ,20260831,2871.5334,1.012
159023.SZ,20260831,4177.7943,1.084
159011.SZ,20260831,2850.5168,1.078
159066.SZ,20260831,21073.3027,0.927
159145.SZ,20260831,6858.1845,0.865
159253.SZ,20260831,53180.4979,0.987
159824.SZ,20260831,8213.507,1.082
159070.SZ,20260831,10436.6883,0.942
158010.SZ,20260831,23221.3319,0.978
159096.SZ,20260831,24363.1305,1.0
159847.SZ,20260831,384482.5354,0.407
159082.SZ,20260831,8253.1212,1.024
159077.SZ,20260831,3424.2574,0.937
159091.SZ,20260831,2737.4196,1.091
180301.SZ,20260831,95362.9628,2.149
159357.SZ,20260831,121983.3841,1.293
159327.SZ,20260831,287557.4091,1.162
159939.SZ,20260831,78165.6106,1.129
159889.SZ,20260831,2740.0796,0.895
159741.SZ,20260831,137179.6712,0.576
159056.SZ,20260831,6493.4358,1.025
159076.SZ,20260831,25237.3015,0.843
159183.SZ,20260831,4638.7793,0.859
159026.SZ,20260831,4551.3446,0.942
159063.SZ,20260831,5048.6647,1.079
159093.SZ,20260831,2868.147,1.062
159173.SZ,20260831,5045.5388,0.911
159191.SZ,20260831,6910.4851,0.92
159923.SZ,20260831,1228.5812,2.166
159997.SZ,20260831,69630.6634,2.151
159072.SZ,20260831,4028.5157,1.158
159170.SZ,20260831,39463.8357,0.844
159012.SZ,20260831,11688.1148,0.896
159029.SZ,20260831,29312.7717,0.95
159021.SZ,20260831,9190.7712,1.018
159565.SZ,20260831,13762.7231,1.316
159755.SZ,20260831,797864.6746,0.935
159146.SZ,20260831,72194.0849,1.002
159155.SZ,20260831,60051.3298,0.839
159175.SZ,20260831,48327.0382,0.891
159176.SZ,20260831,2130.3341,1.01
159189.SZ,20260831,11008.3187,0.906
159105.SZ,20260831,18227.2984,0.939
159716.SZ,20260831,5566.6732,1.114
159318.SZ,20260831,1360.1647,1.319
159322.SZ,20260831,11441.1691,1.783
159935.SZ,20260831,2657.2956,2.508
159828.SZ,20260831,465243.9464,0.423
159609.SZ,20260831,30790.3414,0.486
159556.SZ,20260831,1555.6089,1.241
159061.SZ,20260831,21524.023,0.92
159067.SZ,20260831,2090.8737,1.01
159085.SZ,20260831,3453.5454,1.043
158017.SZ,20260831,14759.4582,1.039
159859.SZ,20260831,1023344.0054,0.392
158003.SZ,20260831,12465.4396,0.991
159195.SZ,20260831,7649.0164,0.919
159013.SZ,20260831,3957.8881,1.023
159031.SZ,20260831,52502.8624,0.996
159051.SZ,20260831,8811.7894,1.031
159062.SZ,20260831,11420.1256,0.845
159078.SZ,20260831,17226.246,0.948
158019.SZ,20260831,28228.1913,0.965
159053.SZ,20260831,16119.8132,0.928
159040.SZ,20260831,3248.1087,1.075
159071.SZ,20260831,11991.1738,0.816
159045.SZ,20260831,16733.0213,0.828
159039.SZ,20260831,100446.1422,0.84
159958.SZ,20260831,23851.1448,2.088
159735.SZ,20260831,62756.1371,0.661
159720.SZ,20260831,4581.2357,0.713
159625.SZ,20260831,201531.3777,1.196
159571.SZ,20260831,1798.1814,1.461
159567.SZ,20260831,1039072.9726,0.7
159190.SZ,20260831,7406.9299,0.838
159046.SZ,20260831,48597.6854,0.913
159293.SZ,20260831,2315.9397,1.08
159149.SZ,20260831,5351.5298,0.848
159179.SZ,20260831,10290.3568,0.822
159042.SZ,20260831,9880.1105,1.009
159630.SZ,20260831,1511.3744,1.366
159326.SZ,20260831,1193326.5525,1.67
159804.SZ,20260831,1589.9676,1.657
159581.SZ,20260831,127022.5708,1.093
159863.SZ,20260831,29472.9352,0.561
159792.SZ,20260831,6518985.5237,0.573
159665.SZ,20260831,24857.686,2.466
159653.SZ,20260831,5297.2068,1.191
159373.SZ,20260831,14255.7494,1.728
159396.SZ,20260831,8972.7129,103.407
159575.SZ,20260831,1141.0425,1.426
159998.SZ,20260831,158385.5354,1.001
159745.SZ,20260831,140268.8265,0.538
159608.SZ,20260831,341761.0066,1.111
159528.SZ,20260831,732.0773,1.262
159701.SZ,20260831,570.5601,1.277
159368.SZ,20260831,98057.9682,0.658
159379.SZ,20260831,15882.1471,1.366
159992.SZ,20260831,1922578.1217,0.848
159780.SZ,20260831,356404.8583,1.088
159783.SZ,20260831,525685.9442,1.092
159980.SZ,20260831,293382.4777,2.166
159791.SZ,20260831,3108.3347,1.108
159527.SZ,20260831,45630.135,0.73
159573.SZ,20260831,7945.6297,1.47
159991.SZ,20260831,10266.3172,0.813
159944.SZ,20260831,3160.8342,1.546
159752.SZ,20260831,40995.8917,0.587
159618.SZ,20260831,7613.1407,0.656
159576.SZ,20260831,3750.9612,1.547
159801.SZ,20260831,452612.0172,1.157
159398.SZ,20260831,8812.231,102.53
159712.SZ,20260831,8477.8813,1.242
159691.SZ,20260831,376230.1386,1.219
159563.SZ,20260831,2736.0773,1.814
159930.SZ,20260831,55039.815,1.805
159547.SZ,20260831,126928.6075,1.22
159617.SZ,20260831,3041.8382,1.373
159592.SZ,20260831,59231.046,1.349
159925.SZ,20260831,63302.0856,4.764
159386.SZ,20260831,6086.9559,1.288
159635.SZ,20260831,13684.698,0.997
159632.SZ,20260831,498272.064,2.455
180103.SZ,20260831,50000.0,1.75
159628.SZ,20260831,32328.325,1.415
159557.SZ,20260831,13489.4955,1.455
159892.SZ,20260831,540026.6022,0.796
159649.SZ,20260831,3871.1877,110.289
159645.SZ,20260831,7354.074,0.614
159338.SZ,20260831,2135908.6664,1.223
159352.SZ,20260831,2688010.1746,1.273
159525.SZ,20260831,45624.3741,1.112
159858.SZ,20260831,102209.8318,0.685
159697.SZ,20260831,102302.2006,1.35
159399.SZ,20260831,441519.4835,1.017
159642.SZ,20260831,2243.9923,0.94
159561.SZ,20260831,132349.9489,1.386
159586.SZ,20260831,25952.5923,1.069
180102.SZ,20260831,70000.0,1.07
159934.SZ,20260831,390170.8998,9.541
159215.SZ,20260831,95558.2803,1.312
159959.SZ,20260831,182689.178,1.655
159731.SZ,20260831,74137.5802,0.975
159695.SZ,20260831,85543.6258,0.964
508009.SH,20260831,100000.0,5.87
508020.SH,20260831,100000.0,5.116
508058.SH,20260831,71333.5136,3.917
508601.SH,20260831,100000.0,3.007
508091.SH,20260831,40000.0,5.448
508078.SH,20260831,80000.0,2.022
508039.SH,20260831,100000.0,3.617
508069.SH,20260831,50000.0,5.524
508099.SH,20260831,90000.0,1.323
508097.SH,20260831,40000.0,2.201
508001.SH,20260831,50000.0,4.722
508021.SH,20260831,58878.863,3.421
508602.SH,20260831,100000.0,6.464
508015.SH,20260831,20000.0,5.47
508022.SH,20260831,50000.0,2.638
508033.SH,20260831,30000.0,6.29
508090.SH,20260831,40000.0,3.347
508603.SH,20260831,200000.0,3.914
508028.SH,20260831,80000.0,9.714
508006.SH,20260831,50000.0,3.505
508093.SH,20260831,30000.0,8.264
508011.SH,20260831,40000.0,3.396
508048.SH,20260831,40000.0,3.12
508029.SH,20260831,30000.0,2.684
508600.SH,20260831,100000.0,3.608
508098.SH,20260831,50000.0,3.379
508031.SH,20260831,100000.0,3.849
508017.SH,20260831,40000.0,3.709
508008.SH,20260831,50000.0,7.454
508092.SH,20260831,40000.0,3.04
508060.SH,20260831,80000.0,3.808
508027.SH,20260831,90000.0,2.556
508082.SH,20260831,100000.0,3.893
508059.SH,20260831,50000.0,8.1
508010.SH,20260831,40000.0,2.446
508030.SH,20260831,20000.0,6.609
508084.SH,20260831,40000.0,3.825
508089.SH,20260831,30000.0,4.23
508003.SH,20260831,50000.0,3.4
508080.SH,20260831,40000.0,2.798
508066.SH,20260831,40000.0,5.468
508036.SH,20260831,100000.0,7.682
508085.SH,20260831,50000.0,3.441
508005.SH,20260831,80000.0,4.038
508055.SH,20260831,50000.0,3.312
508002.SH,20260831,100000.0,2.708
508016.SH,20260831,50000.0,4.255
508087.SH,20260831,20000.0,10.758
508019.SH,20260831,60000.0,1.372
508000.SH,20260831,96032.6121,1.946
508018.SH,20260831,100000.0,5.73
508012.SH,20260831,30000.0,1.906
508088.SH,20260831,61926.2981,3.546
508050.SH,20260831,30000.0,6.385
508068.SH,20260831,72421.8009,3.978
508077.SH,20260831,94780.3412,2.684
508007.SH,20260831,40000.0,8.056
508026.SH,20260831,40000.0,3.811
508056.SH,20260831,193826.8684,2.384
508086.SH,20260831,100000.0,4.291
508096.SH,20260831,60088.0354,9.159
516950.SH,20260831,11582.1,1.035
561130.SH,20260831,8393.52,1.042
560950.SH,20260831,1548.3,1.402
560070.SH,20260831,8336.23,1.202
561750.SH,20260831,6149.6,1.167
516620.SH,20260831,33626.75,0.878
589550.SH,20260831,2529.55,1.329
561220.SH,20260831,4605.3,1.848
589580.SH,20260831,1435.48,1.579
516560.SH,20260831,20725.8,0.758
560810.SH,20260831,18111.6,1.291
561910.SH,20260831,467307.66,0.712
510720.SH,20260831,166276.6,1.095
560590.SH,20260831,2871.0,1.481
563900.SH,20260831,46896.57,1.183
513700.SH,20260831,79484.6,0.636
513070.SH,20260831,133676.08,1.089
561550.SH,20260831,130348.96,1.435
589180.SH,20260831,13581.8,1.757
560510.SH,20260831,253102.69,1.194
589600.SH,20260831,22153.5,1.597
515530.SH,20260831,1224.27,4.413
516910.SH,20260831,6664.18,1.187
515920.SH,20260831,6440.57,1.222
520880.SH,20260831,439561.8,0.457
520550.SH,20260831,114952.4,1.1
530680.SH,20260831,10889.19,1.177
517030.SH,20260831,8404.03,1.142
562530.SH,20260831,17914.4,1.269
520990.SH,20260831,345147.05,1.012
511220.SH,20260831,531188.14,10.406
588310.SH,20260831,3183.75,1.169
562030.SH,20260831,13997.39,0.515
561200.SH,20260831,3147.05,1.469
515720.SH,20260831,44261.1,0.718
520620.SH,20260831,28940.9,0.807
515890.SH,20260831,37744.39,1.51
516090.SH,20260831,165484.48,0.486
512050.SH,20260831,1644199.22,1.219
515600.SH,20260831,103779.74,1.685
510990.SH,20260831,3894.86,1.066
513180.SH,20260831,6954675.95,0.582
513040.SH,20260831,681934.13,0.924
589890.SH,20260831,8498.7,1.585
511010.SH,20260831,4974.63,141.114
511860.SH,20260831,4460.0,100.002
513200.SH,20260831,89328.21,1.068
562380.SH,20260831,7412.89,1.279
510550.SH,20260831,2374.33,2.048
520940.SH,20260831,2229.7,1.007
561770.SH,20260831,3755.0,1.251
517180.SH,20260831,8949.63,1.521
516810.SH,20260831,52547.89,0.775
513330.SH,20260831,6963748.0,0.372
510590.SH,20260831,11638.61,8.686
513020.SH,20260831,228714.54,0.951
588670.SH,20260831,3979.2,1.781
563990.SH,20260831,29557.3,1.268
562300.SH,20260831,5549.5,0.655
560800.SH,20260831,29395.11,1.18
560260.SH,20260831,171666.47,0.862
520570.SH,20260831,350187.6,0.739
589170.SH,20260831,14190.9,1.107
512700.SH,20260831,71758.1,1.527
588370.SH,20260831,7327.2,1.785
513140.SH,20260831,7836.8,1.73
561590.SH,20260831,10149.96,1.531
510380.SH,20260831,146180.24,1.393
510800.SH,20260831,17457.6,1.407
517390.SH,20260831,13111.26,1.953
512200.SH,20260831,305734.79,1.221
515980.SH,20260831,619412.9,1.044
517000.SH,20260831,12279.3,1.009
513500.SH,20260831,1021363.86,2.712
512680.SH,20260831,311773.01,1.17
513550.SH,20260831,168399.2,1.127
510200.SH,20260831,14488.55,1.201
589860.SH,20260831,17022.4,1.59
588270.SH,20260831,30141.0,1.705
515650.SH,20260831,304518.4,1.075
563010.SH,20260831,9418.93,2.18
563050.SH,20260831,13420.84,1.354
562050.SH,20260831,9946.8,0.912
516380.SH,20260831,8344.93,0.87
520980.SH,20260831,316938.7,0.871
510660.SH,20260831,5237.97,2.462
530080.SH,20260831,2891.7,1.242
588760.SH,20260831,242553.2,0.767
515880.SH,20260831,6272377.4,0.672
516150.SH,20260831,383507.7,1.76
517800.SH,20260831,21353.97,0.994
588220.SH,20260831,362069.79,1.82
512630.SH,20260831,164642.6,1.114
520790.SH,20260831,57407.5,0.826
560450.SH,20260831,24906.9,0.93
589420.SH,20260831,35848.15,0.782
520740.SH,20260831,4601.26,0.917
515590.SH,20260831,3611.37,1.937
588350.SH,20260831,65254.6,1.696
561920.SH,20260831,6469.2,0.658
515190.SH,20260831,29346.61,1.681
516960.SH,20260831,1605.11,0.867
513150.SH,20260831,10055.98,0.963
562850.SH,20260831,18598.15,1.276
512090.SH,20260831,33159.23,2.011
516390.SH,20260831,18426.1,0.863
516580.SH,20260831,14512.41,0.577
516310.SH,20260831,158845.85,1.37
560120.SH,20260831,58268.9,1.227
520970.SH,20260831,125035.8,0.899
520670.SH,20260831,21392.81,0.772
512130.SH,20260831,1489.5,1.182
562360.SH,20260831,29347.4,1.052
562860.SH,20260831,33289.5,0.652
560750.SH,20260831,7855.48,1.34
515000.SH,20260831,315457.93,1.293
516980.SH,20260831,5551.6,1.082
560610.SH,20260831,525198.84,1.194
513980.SH,20260831,1676720.4,0.607
560020.SH,20260831,13356.2,1.15
588920.SH,20260831,31687.6,1.148
516880.SH,20260831,91594.41,0.712
513860.SH,20260831,275447.06,0.61
513260.SH,20260831,473524.3,1.121
512460.SH,20260831,29782.3,0.831
520950.SH,20260831,32542.1,0.853
520650.SH,20260831,248275.5,0.597
512100.SH,20260831,654721.76,3.149
512880.SH,20260831,5671429.15,1.105
561170.SH,20260831,54203.27,1.133
561100.SH,20260831,58674.69,1.654
511920.SH,20260831,3176.0,99.999
563060.SH,20260831,18852.7,1.099
563700.SH,20260831,36915.0,1.087
510180.SH,20260831,441805.77,3.991
589780.SH,20260831,6921.5,1.238
551000.SH,20260831,7990.41,102.01
589050.SH,20260831,4696.8,1.378
510020.SH,20260831,3584.8,3.934
589680.SH,20260831,136494.37,1.547
511960.SH,20260831,2561.0,99.998
562870.SH,20260831,59450.52,0.937
513290.SH,20260831,104607.21,1.768
510910.SH,20260831,15079.6,0.996
560420.SH,20260831,13078.02,0.935
560210.SH,20260831,51952.2,0.84
561660.SH,20260831,6971.0,0.899
515730.SH,20260831,3989.2,0.851
517660.SH,20260831,3988.07,1.272
511070.SH,20260831,29213.1,102.91
563000.SH,20260831,153845.11,1.129
563760.SH,20260831,69791.32,1.188
530530.SH,20260831,13446.0,1.165
563680.SH,20260831,10495.9,1.212
588710.SH,20260831,1135288.5,1.041
517990.SH,20260831,4798.79,0.901
561360.SH,20260831,135214.8,1.508
589010.SH,20260831,93279.3,1.436
588840.SH,20260831,5823.6,1.557
588040.SH,20260831,12588.9,1.71
510100.SH,20260831,95360.68,2.993
560860.SH,20260831,531723.3,1.655
515250.SH,20260831,34294.45,0.944
520510.SH,20260831,24172.8,0.943
516060.SH,20260831,29523.74,0.592
511100.SH,20260831,11020.05,110.484
511160.SH,20260831,2194.09,102.035
515320.SH,20260831,8930.9,1.564
516570.SH,20260831,112635.76,1.066
561120.SH,20260831,2815.99,1.274
513850.SH,20260831,124389.26,1.837
563600.SH,20260831,6948.3,1.05
563320.SH,20260831,22589.2,0.855
511970.SH,20260831,4100.0,99.999
512400.SH,20260831,1415303.9,1.953
562910.SH,20260831,29622.73,0.827
589060.SH,20260831,7713.79,1.668
513600.SH,20260831,60982.95,2.776
511910.SH,20260831,780.0,100.002
526010.SH,20260831,3745.8,1.024
512380.SH,20260831,7580.56,1.617
515170.SH,20260831,862525.79,0.463
510150.SH,20260831,284317.86,0.495
560820.SH,20260831,4092.6,1.206
563830.SH,20260831,13789.6,1.185
588940.SH,20260831,288284.0,0.871
518880.SH,20260831,1166294.08,9.135
512960.SH,20260831,385545.73,1.473
588150.SH,20260831,38393.26,1.196
560700.SH,20260831,45003.69,1.232
563210.SH,20260831,11606.7,2.077
588750.SH,20260831,323222.8,2.391
563800.SH,20260831,905897.81,1.222
563570.SH,20260831,10737.4,0.75
520690.SH,20260831,62345.4,0.739
588690.SH,20260831,5163.6,1.227
516600.SH,20260831,11033.21,0.61
513910.SH,20260831,196627.6,1.585
520930.SH,20260831,16073.3,0.976
589390.SH,20260831,133981.05,0.777
589110.SH,20260831,54341.3,0.939
512810.SH,20260831,99158.35,0.663
588240.SH,20260831,11963.3,1.677
512510.SH,20260831,43342.98,2.392
563630.SH,20260831,3594.71,1.279
513230.SH,20260831,32842.27,0.86
561060.SH,20260831,4906.5,1.184
561370.SH,20260831,3235.6,1.448
520560.SH,20260831,60741.9,0.826
510360.SH,20260831,178138.12,1.791
560880.SH,20260831,20123.2,1.541
563890.SH,20260831,2233.6,1.083
588720.SH,20260831,10974.18,1.716
588930.SH,20260831,61732.9,1.588
510310.SH,20260831,1146934.4,4.546
518680.SH,20260831,77256.95,9.563
512720.SH,20260831,37045.34,1.204
560090.SH,20260831,230886.5,1.187
517850.SH,20260831,3818.52,1.289
517550.SH,20260831,8041.74,0.662
560280.SH,20260831,148875.2,1.519
562350.SH,20260831,13341.09,1.089
510670.SH,20260831,17799.3,1.003
520590.SH,20260831,19623.5,0.788
563850.SH,20260831,11788.17,0.956
563960.SH,20260831,36001.2,0.967
589230.SH,20260831,24605.3,0.879
513030.SH,20260831,101677.9,1.915
562960.SH,20260831,123839.1,1.129
563660.SH,20260831,6308.52,1.255
589100.SH,20260831,89344.25,0.925
563300.SH,20260831,497117.4,1.453
512060.SH,20260831,1092.8,1.206
516860.SH,20260831,116752.2,1.099
562560.SH,20260831,2276.55,2.306
560170.SH,20260831,37449.55,1.266
589800.SH,20260831,109998.82,1.607
563390.SH,20260831,214484.4,1.236
511180.SH,20260831,99505.97,12.592
516000.SH,20260831,42985.5,0.978
516250.SH,20260831,6687.8,0.946
512480.SH,20260831,1911800.72,1.058
562060.SH,20260831,506979.26,0.615
513110.SH,20260831,220143.5,2.485
511600.SH,20260831,7696.0,99.999
515990.SH,20260831,5335.02,1.545
513770.SH,20260831,1446313.79,0.352
562950.SH,20260831,102525.83,1.598
563020.SH,20260831,1088991.0,1.186
511150.SH,20260831,11153.09,102.246
551550.SH,20260831,17834.82,101.779
563230.SH,20260831,334323.7,1.107
551030.SH,20260831,18334.0,101.94
516050.SH,20260831,16222.8,1.396
515120.SH,20260831,1727599.36,0.635
551060.SH,20260831,5740.1,101.966
520610.SH,20260831,40896.3,0.947
560470.SH,20260831,30534.0,0.931
588480.SH,20260831,24171.7,0.903
560670.SH,20260831,4297.4,1.069
560920.SH,20260831,4437.33,0.974
551800.SH,20260831,11602.14,101.115
563510.SH,20260831,28853.7,1.009
560370.SH,20260831,21008.4,0.913
589260.SH,20260831,6415.6,1.279
520730.SH,20260831,11839.44,0.763
515260.SH,20260831,88856.84,0.865
511200.SH,20260831,23830.75,103.281
510050.SH,20260831,679386.68,3.041
511620.SH,20260831,43166.0,100.005
516760.SH,20260831,30221.51,0.59
512040.SH,20260831,443171.59,1.224
588100.SH,20260831,20174.62,0.89
513050.SH,20260831,3434543.27,1.078
516200.SH,20260831,44560.4,1.055
561760.SH,20260831,15619.5,1.388
563180.SH,20260831,10042.0,1.187
516070.SH,20260831,29164.6,0.569
517880.SH,20260831,4933.71,0.745
562080.SH,20260831,58275.72,0.63
588170.SH,20260831,4370744.7,1.007
512980.SH,20260831,505192.44,0.841
588330.SH,20260831,116973.78,1.107
588030.SH,20260831,228583.81,1.822
589070.SH,20260831,197729.3,1.1
589820.SH,20260831,12972.02,1.256
562070.SH,20260831,55254.2,1.057
560790.SH,20260831,22545.59,0.847
588020.SH,20260831,214737.3,0.877
520860.SH,20260831,33919.5,0.793
560180.SH,20260831,1560.3,1.198
530300.SH,20260831,3364.3,1.249
551510.SH,20260831,14221.61,102.389
551560.SH,20260831,17165.88,101.95
560270.SH,20260831,16593.9,0.939
589190.SH,20260831,331956.2,0.65
516180.SH,20260831,14998.7,0.689
561960.SH,20260831,5738.52,1.305
551300.SH,20260831,5095.75,102.222
551500.SH,20260831,12822.0,102.238
513300.SH,20260831,533317.1,2.694
562600.SH,20260831,45393.74,0.784
563690.SH,20260831,3488.2,1.029
513720.SH,20260831,24885.9,0.652
589030.SH,20260831,85607.7,1.175
512260.SH,20260831,2049.77,1.931
588060.SH,20260831,718314.0,1.068
563790.SH,20260831,119544.7,0.836
512180.SH,20260831,4804.8,1.705
515900.SH,20260831,222724.65,1.666
517360.SH,20260831,2508.3,0.953
562550.SH,20260831,152741.93,1.125
588660.SH,20260831,3834.4,1.818
513280.SH,20260831,36411.45,1.123
560400.SH,20260831,17349.3,1.001
512450.SH,20260831,10836.7,0.915
511270.SH,20260831,8966.75,121.228
588380.SH,20260831,267577.0,1.111
588090.SH,20260831,298807.28,1.73
561790.SH,20260831,5693.4,1.273
588190.SH,20260831,133361.83,1.813
562510.SH,20260831,111509.5,0.574
516160.SH,20260831,151464.2,2.452
588700.SH,20260831,45283.62,0.994
562390.SH,20260831,7942.9,0.87
560060.SH,20260831,7609.0,0.919
515840.SH,20260831,3342.64,1.033
515460.SH,20260831,27609.1,0.927
516370.SH,20260831,29640.8,0.914
560320.SH,20260831,11833.2,0.937
588510.SH,20260831,32317.5,0.864
515680.SH,20260831,109926.47,1.694
515770.SH,20260831,3972.73,1.41
517350.SH,20260831,4904.2,0.925
517080.SH,20260831,17316.6,1.002
560300.SH,20260831,2680.34,2.289
513920.SH,20260831,260823.1,1.574
560250.SH,20260831,14983.3,1.006
589950.SH,20260831,35787.3,1.364
520910.SH,20260831,75144.5,0.634
526050.SH,20260831,5363.0,1.104
510210.SH,20260831,1462119.26,1.017
511930.SH,20260831,1849.0,99.997
511980.SH,20260831,2411.0,100.079
515310.SH,20260831,32161.12,1.39
511060.SH,20260831,2143.63,108.704
588800.SH,20260831,169987.7,1.805
510980.SH,20260831,60579.8,1.417
513870.SH,20260831,137667.1,2.061
563530.SH,20260831,157074.8,1.113
560290.SH,20260831,36869.4,0.852
560310.SH,20260831,18512.2,0.756
510030.SH,20260831,14772.98,1.074
515860.SH,20260831,10187.89,2.145
516820.SH,20260831,457241.52,0.349
588210.SH,20260831,24075.4,1.837
561430.SH,20260831,3722.32,1.063
561420.SH,20260831,101423.7,1.108
589400.SH,20260831,29978.52,0.782
512120.SH,20260831,77724.19,0.459
560850.SH,20260831,7016.4,1.384
588110.SH,20260831,100903.2,0.642
589720.SH,20260831,486282.3,0.899
512330.SH,20260831,35518.8,1.91
515360.SH,20260831,3727.93,6.796
588850.SH,20260831,7877.9,1.863
589080.SH,20260831,17306.1,1.583
562990.SH,20260831,37675.6,0.966
589130.SH,20260831,332678.0,1.423
563590.SH,20260831,6194.44,0.983
520680.SH,20260831,6936.9,0.81
561890.SH,20260831,4111.26,1.023
589290.SH,20260831,13584.89,0.814
520900.SH,20260831,153167.5,1.016
516190.SH,20260831,11381.85,1.013
589500.SH,20260831,8006.4,1.614
560630.SH,20260831,15539.4,1.105
511020.SH,20260831,3827.75,118.086
561700.SH,20260831,35231.36,1.098
516080.SH,20260831,524555.48,0.678
515110.SH,20260831,21429.5,1.667
561510.SH,20260831,6420.6,0.938
515020.SH,20260831,38884.53,1.774
515010.SH,20260831,205777.16,1.272
563650.SH,20260831,14090.9,1.292
512530.SH,20260831,9450.2,1.661
562800.SH,20260831,568124.5,0.963
511030.SH,20260831,40274.07,108.294
180106.SZ,20260831,40000.0,2.563
159819.SZ,20260831,1209322.9669,1.78
159757.SZ,20260831,24793.1891,0.78
159363.SZ,20260831,562016.9924,1.246
159257.SZ,20260831,14941.6949,0.863
159903.SZ,20260831,44215.4507,1.712
159519.SZ,20260831,5815.7854,1.809
159028.SZ,20260831,12544.9016,0.76
159050.SZ,20260831,66270.3612,0.857
159831.SZ,20260831,23765.6243,9.216
159555.SZ,20260831,3746.2705,1.8
159182.SZ,20260831,3648.5663,0.936
159036.SZ,20260831,28974.0164,0.948
159037.SZ,20260831,7024.9832,1.006
159059.SZ,20260831,5683.0063,1.013
158000.SZ,20260831,15492.5835,1.029
159027.SZ,20260831,11247.2283,0.924
159153.SZ,20260831,9122.5988,1.208
159171.SZ,20260831,21453.2934,0.826
159192.SZ,20260831,1798.7065,0.97
159393.SZ,20260831,9514.6342,4.971
159201.SZ,20260831,1375627.5939,1.195
159217.SZ,20260831,595515.7596,1.176
159964.SZ,20260831,16948.1881,2.258
159087.SZ,20260831,3599.215,1.067
159073.SZ,20260831,7517.3864,1.065
159075.SZ,20260831,17719.7165,0.931
158012.SZ,20260831,28382.5566,0.969
159030.SZ,20260831,37146.8176,0.9
159570.SZ,20260831,1609359.7142,1.448
159954.SZ,20260831,18910.5083,0.926
159849.SZ,20260831,15637.2396,0.5
159688.SZ,20260831,133827.848,0.757
159957.SZ,20260831,117878.456,2.262
159290.SZ,20260831,4510.0396,1.164
159830.SZ,20260831,34851.4066,9.545
159103.SZ,20260831,31240.6771,0.679
159299.SZ,20260831,67347.2981,0.719
159116.SZ,20260831,11390.2743,102.375
159106.SZ,20260831,3957.9488,1.055
159107.SZ,20260831,77482.3006,0.762
159388.SZ,20260831,88473.6984,1.02
159912.SZ,20260831,6844.8991,1.93
159728.SZ,20260831,4741.0129,0.794
159670.SZ,20260831,5570.6921,0.875
159995.SZ,20260831,2417112.6012,1.168
159797.SZ,20260831,39498.9247,0.679
159568.SZ,20260831,35485.7901,1.128
159043.SZ,20260831,9277.0695,0.995
159199.SZ,20260831,6615.4938,0.913
159035.SZ,20260831,60685.9726,0.842
159038.SZ,20260831,20202.6939,0.967
159068.SZ,20260831,6633.657,1.022
159083.SZ,20260831,18937.0472,1.0
159058.SZ,20260831,9233.1247,0.998
158008.SZ,20260831,25041.3126,0.977
158001.SZ,20260831,19739.2624,1.004
159052.SZ,20260831,19392.6092,0.842
159873.SZ,20260831,47192.0,0.528
159707.SZ,20260831,114554.8214,0.477
159377.SZ,20260831,12312.9399,0.995
159657.SZ,20260831,16451.4819,0.59
159216.SZ,20260831,1404.825,1.47
159961.SZ,20260831,9924.5196,2.211
159851.SZ,20260831,1009990.4148,0.638
159232.SZ,20260831,213094.8566,1.216
159236.SZ,20260831,3872.2161,1.215
159336.SZ,20260831,30690.509,1.236
159178.SZ,20260831,8643.2994,1.058
159033.SZ,20260831,11132.3473,1.022
159017.SZ,20260831,15125.6813,0.94
159099.SZ,20260831,10961.0546,1.007
159188.SZ,20260831,6660.1882,0.945
159018.SZ,20260831,2590.4203,0.925
159161.SZ,20260831,6833.126,0.94
159069.SZ,20260831,4077.044,1.007
159928.SZ,20260831,2305262.904,0.666
159869.SZ,20260831,808708.2127,1.099
159237.SZ,20260831,4333.4226,0.856
159221.SZ,20260831,113101.3233,1.188
159719.SZ,20260831,2519.5986,1.614
159952.SZ,20260831,543948.4929,2.097
159870.SZ,20260831,1677610.7019,0.831
159537.SZ,20260831,15028.5204,0.917
159239.SZ,20260831,8878.0753,0.767
159238.SZ,20260831,5501.6186,1.311
159205.SZ,20260831,58105.6064,1.69
159906.SZ,20260831,14163.9725,1.719
159601.SZ,20260831,139598.8073,1.127
159235.SZ,20260831,189272.9545,1.24
159838.SZ,20260831,22576.3462,0.581
159529.SZ,20260831,81153.6791,1.299
180801.SZ,20260831,10000.0,11.518
159672.SZ,20260831,12988.7409,0.631
159207.SZ,20260831,222248.3345,1.148
159213.SZ,20260831,49173.7566,1.174
159971.SZ,20260831,173402.0288,1.201
159651.SZ,20260831,965.8448,108.063
159387.SZ,20260831,145118.9648,0.727
180101.SZ,20260831,142113.0866,1.575
159929.SZ,20260831,165170.4203,1.32
159245.SZ,20260831,7111.3296,0.782
159262.SZ,20260831,559622.0485,0.851
159263.SZ,20260831,612110.5126,1.16
159671.SZ,20260831,89355.1737,1.364
159220.SZ,20260831,51356.9526,0.585
159916.SZ,20260831,4256.6039,5.175
159880.SZ,20260831,127010.3036,0.996
159706.SZ,20260831,4038.68,0.926
159763.SZ,20260831,8970.7747,0.733
159233.SZ,20260831,62362.3418,1.212
159994.SZ,20260831,392500.3358,1.287
159787.SZ,20260831,13102.1633,0.598
159518.SZ,20260831,165632.5369,1.268
159140.SZ,20260831,50193.6834,1.27
159138.SZ,20260831,29526.7924,0.908
159842.SZ,20260831,909225.0631,1.052
159602.SZ,20260831,40254.2944,1.091
159501.SZ,20260831,677298.6575,2.1
159248.SZ,20260831,13609.5652,1.781
159966.SZ,20260831,64199.9521,0.535
159974.SZ,20260831,4043.2422,1.805
159566.SZ,20260831,269873.9776,1.832
159685.SZ,20260831,1944.0067,1.496
159392.SZ,20260831,18628.55,0.949
159218.SZ,20260831,205061.639,1.357
159908.SZ,20260831,31722.9029,3.222
159743.SZ,20260831,10994.11,1.41
159369.SZ,20260831,38875.3492,1.38
159226.SZ,20260831,8409.484,1.286
159806.SZ,20260831,86708.9446,0.707
159623.SZ,20260831,309027.1695,0.978
159867.SZ,20260831,160364.3594,0.559
159219.SZ,20260831,838.8018,1.368
159241.SZ,20260831,134307.4265,1.044
159967.SZ,20260831,736110.5811,0.787
159888.SZ,20260831,6944.6068,1.036
159560.SZ,20260831,19641.646,2.322
159247.SZ,20260831,45798.4966,1.032
159135.SZ,20260831,61846.6376,0.792
159730.SZ,20260831,4257.134,1.026
159269.SZ,20260831,187631.1712,0.854
512500.SH,20260831,184560.88,4.507
560010.SH,20260831,185862.17,3.23
560080.SH,20260831,225976.5,0.957
516330.SH,20260831,847.13,1.593
516210.SH,20260831,7753.1,1.411
562920.SH,20260831,9306.9,0.956
515950.SH,20260831,53020.06,0.94
560050.SH,20260831,217243.44,1.101
561580.SH,20260831,193087.07,1.275
588130.SH,20260831,45408.26,1.013
588500.SH,20260831,4664.7,2.627
588830.SH,20260831,61384.79,1.22
560530.SH,20260831,399162.37,1.224
588160.SH,20260831,84399.6,1.101
515390.SH,20260831,192668.3,1.369
520920.SH,20260831,1887901.9,0.685
515970.SH,20260831,59508.8,0.846
563930.SH,20260831,2859.2,1.075
560710.SH,20260831,171858.0,0.912
513360.SH,20260831,61771.39,0.476
516730.SH,20260831,22738.08,1.003
588910.SH,20260831,10004.91,1.513
515710.SH,20260831,232459.98,0.495
561260.SH,20260831,2409.52,1.26
551900.SH,20260831,13893.17,101.824
589700.SH,20260831,3029.1,2.222
563090.SH,20260831,5584.8,1.431
510170.SH,20260831,33491.48,1.443
516290.SH,20260831,73919.69,0.518
520580.SH,20260831,29098.39,0.947
511190.SH,20260831,14765.43,102.754
512570.SH,20260831,404780.61,1.111
513690.SH,20260831,314997.99,1.156
530280.SH,20260831,2993.4,1.211
589900.SH,20260831,17390.82,1.595
510710.SH,20260831,10371.89,4.339
511690.SH,20260831,60473.0,100.002
513060.SH,20260831,858539.33,0.574
515070.SH,20260831,753294.04,1.126
515560.SH,20260831,19288.33,1.013
515200.SH,20260831,3794.32,2.526
562500.SH,20260831,1845868.73,0.973
513810.SH,20260831,4199.2,1.777
511130.SH,20260831,19398.97,108.02
517400.SH,20260831,97679.2,1.749
513970.SH,20260831,140704.1,0.812
511770.SH,20260831,4038.0,100.002
513830.SH,20260831,5381.1,1.216
511110.SH,20260831,31989.96,103.198
588770.SH,20260831,31159.71,1.874
560330.SH,20260831,1713.0,1.25
510900.SH,20260831,322102.19,1.047
511830.SH,20260831,3136.0,100.0
560030.SH,20260831,2343.2,1.318
510230.SH,20260831,67480.8,1.332
515380.SH,20260831,66249.98,5.438
520760.SH,20260831,12846.6,0.976
589280.SH,20260831,14906.9,0.944
530060.SH,20260831,89119.3,1.008
561410.SH,20260831,20561.33,0.965
589460.SH,20260831,21463.09,0.984
561030.SH,20260831,18655.0,0.88
589350.SH,20260831,21828.15,0.787
561390.SH,20260831,8812.81,1.009
512420.SH,20260831,7523.89,0.968
512940.SH,20260831,214470.5,0.869
516440.SH,20260831,13962.66,0.947
561630.SH,20260831,4089.8,1.053
561490.SH,20260831,8963.13,1.035
589300.SH,20260831,4158.25,1.74
510330.SH,20260831,840714.98,4.884
511360.SH,20260831,73641.46,113.867
589630.SH,20260831,34325.8,0.792
562330.SH,20260831,1201.89,1.257
513950.SH,20260831,240911.9,1.252
512160.SH,20260831,12177.78,1.54
588080.SH,20260831,2470062.81,1.72
513580.SH,20260831,606011.8,0.579
513160.SH,20260831,318918.93,0.967
588980.SH,20260831,1192.0,1.671
516850.SH,20260831,13923.7,0.902
560190.SH,20260831,2683.4,1.013
512220.SH,20260831,20996.76,3.904
561190.SH,20260831,19331.8,0.963
589880.SH,20260831,45499.6,1.568
563030.SH,20260831,12716.9,1.609
562660.SH,20260831,34687.4,1.912
561090.SH,20260831,21297.4,1.238
516640.SH,20260831,129048.28,1.473
562820.SH,20260831,41640.8,0.989
520890.SH,20260831,8050.8,1.333
515810.SH,20260831,26390.88,1.726
515660.SH,20260831,43359.42,5.866
516660.SH,20260831,15468.9,0.981
158023.SZ,20260831,35008.0789,
158013.SZ,20260831,20934.5203,
561690.SH,20260831,43138.0633,
