symbol,name,best_band,top1000_years,n_snap_top1000,band_1001_1800_years,n_snap_1001_1800,delisted,in_project
000058.SZ,深赛格,1001_1800,,0,2014-2026,140,,N
002516.SZ,旷达科技,1001_1800,,0,2014-2026,140,,N
601069.SH,西部黄金,1001_1800,,0,2015-2026,135,,N
002726.SZ,ST龙大,1001_1800,,0,2014-2025,129,,N
603609.SH,禾丰股份,1001_1800,,0,2015-2025,126,,N
603636.SH,南威软件,1001_1800,,0,2015-2025,126,,N
603299.SH,苏盐井神,1001_1800,,0,2016-2026,123,,N
000885.SZ,城发环境,1001_1800,,0,2014-2026,119,,N
300263.SZ,隆华科技,1001_1800,,0,2014-2024,119,,N
601015.SH,陕西黑猫,1001_1800,,0,2015-2025,114,,N
603989.SH,艾华集团,1001_1800,,0,2015-2025,114,,N
002677.SZ,浙江美大,1001_1800,,0,2014-2024,113,,N
300366.SZ,ST创意,1001_1800,,0,2014-2025,113,,N
603919.SH,金徽酒,1001_1800,,0,2017-2026,111,,N
002060.SZ,广东建工,1001_1800,,0,2014-2026,110,,N
300109.SZ,新开源,1001_1800,,0,2016-2025,108,,N
000011.SZ,深物业A,1001_1800,,0,2014-2023,107,,N
300191.SZ,潜能恒信,1001_1800,,0,2014-2023,107,,N
601700.SH,风范股份,1001_1800,,0,2014-2023,107,,N
300276.SZ,三丰智能,1001_1800,,0,2015-2026,105,,N
002158.SZ,汉钟精机,1001_1800,,0,2014-2026,104,,N
300378.SZ,鼎捷数智,1001_1800,,0,2014-2026,104,,N
600217.SH,中再资环,1001_1800,,0,2014-2026,104,,N
300177.SZ,中海达,1001_1800,,0,2014-2023,101,,N
300219.SZ,鸿利智汇,1001_1800,,0,2014-2023,101,,N
300328.SZ,宜安科技,1001_1800,,0,2014-2023,101,,N
000791.SZ,甘肃能源,1001_1800,,0,2018-2026,99,,N
002911.SZ,佛燃能源,1001_1800,,0,2018-2026,99,,N
601949.SH,中国出版,1001_1800,,0,2018-2026,99,,N
603103.SH,横店影视,1001_1800,,0,2018-2026,99,,N
603533.SH,掌阅科技,1001_1800,,0,2018-2026,99,,N
603730.SH,岱美股份,1001_1800,,0,2017-2026,99,,N
300527.SZ,ST应急,1001_1800,,0,2017-2025,98,,N
002782.SZ,可立克,1001_1800,,0,2016-2024,96,,N
600876.SH,凯盛新能,1001_1800,,0,2016-2024,96,,N
300307.SZ,慈星股份,1001_1800,,0,2014-2022,95,,N
300311.SZ,任子行,1001_1800,,0,2014-2022,95,,N
600800.SH,渤海化学,1001_1800,,0,2014-2022,95,,N
002929.SZ,润建股份,1001_1800,,0,2018-2026,93,,N
300386.SZ,飞天诚信,1001_1800,,0,2014-2022,93,,N
300634.SZ,彩讯股份,1001_1800,,0,2018-2026,93,,N
600929.SH,雪天盐业,1001_1800,,0,2018-2026,93,,N
601619.SH,嘉泽新能,1001_1800,,0,2018-2026,93,,N
603013.SH,亚普股份,1001_1800,,0,2018-2026,93,,N
603508.SH,思维列控,1001_1800,,0,2016-2026,93,,N
603693.SH,江苏新能,1001_1800,,0,2018-2026,93,,N
603733.SH,仙鹤股份,1001_1800,,0,2018-2026,93,,N
300080.SZ,易成新能,1001_1800,,0,2014-2026,92,,N
002746.SZ,仙坛股份,1001_1800,,0,2017-2024,90,,N
300439.SZ,美康生物,1001_1800,,0,2015-2023,90,,N
300349.SZ,金卡智能,1001_1800,,0,2014-2022,89,,N
000567.SZ,海德股份,1001_1800,,0,2019-2026,87,,N
002913.SZ,奥士康,1001_1800,,0,2019-2026,87,,N
603337.SH,杰克科技,1001_1800,,0,2017-2026,87,,N
000019.SZ,深粮控股,1001_1800,,0,2019-2026,84,,N
000557.SZ,西部创业,1001_1800,,0,2019-2026,84,,N
300485.SZ,赛升药业,1001_1800,,0,2015-2023,84,,N
300755.SZ,华致酒行,1001_1800,,0,2019-2026,84,,N
603466.SH,风语筑,1001_1800,,0,2018-2025,84,,N
603801.SH,志邦家居,1001_1800,,0,2018-2025,84,,N
603959.SH,ST百利,1001_1800,,0,2016-2023,84,,N
000544.SZ,中原环保,1001_1800,,0,2014-2025,83,,N
002166.SZ,莱茵生物,1001_1800,,0,2014-2021,83,,N
002519.SZ,银河电子,1001_1800,,0,2014-2021,83,,N
002695.SZ,煌上煌,1001_1800,,0,2014-2023,83,,N
300198.SZ,*ST纳川,1001_1800,,0,2014-2021,83,,N
300206.SZ,理邦仪器,1001_1800,,0,2014-2024,83,,N
300209.SZ,行云科技,1001_1800,,0,2014-2021,83,,N
600318.SH,新力金融,1001_1800,,0,2014-2021,83,,N
000889.SZ,中嘉博创,1001_1800,,0,2014-2021,81,,N
002243.SZ,力合科创,1001_1800,,0,2019-2026,81,,N
300428.SZ,立中集团,1001_1800,,0,2019-2026,81,,N
300768.SZ,迪普科技,1001_1800,,0,2019-2026,81,,N
601882.SH,海天精工,1001_1800,,0,2017-2026,81,,N
603915.SH,国茂股份,1001_1800,,0,2019-2026,81,,N
601038.SH,一拖股份,1001_1800,,0,2014-2026,80,,N
601595.SH,上海电影,1001_1800,,0,2017-2026,80,,N
002034.SZ,旺能环境,1001_1800,,0,2019-2025,78,,N
002246.SZ,北化股份,1001_1800,,0,2014-2026,78,,N
002741.SZ,光华科技,1001_1800,,0,2016-2024,78,,N
300248.SZ,新开普,1001_1800,,0,2015-2021,78,,N
300429.SZ,强力新材,1001_1800,,0,2016-2022,78,,N
603566.SH,普莱柯,1001_1800,,0,2015-2025,78,,N
603595.SH,ST东尼,1001_1800,,0,2018-2024,78,,N
002016.SZ,世荣兆业,1001_1800,,0,2014-2021,77,,N
002712.SZ,思美传媒,1001_1800,,0,2014-2021,77,,N
300021.SZ,大禹节水,1001_1800,,0,2014-2021,77,,N
300066.SZ,三川智慧,1001_1800,,0,2014-2022,77,,N
300204.SZ,舒泰神,1001_1800,,0,2014-2023,77,,N
300213.SZ,佳讯飞鸿,1001_1800,,0,2014-2021,77,,N
600313.SH,农发种业,1001_1800,,0,2014-2025,77,,N
601789.SH,宁波建工,1001_1800,,0,2014-2021,77,,N
002840.SZ,华统股份,1001_1800,,0,2018-2026,75,,N
300455.SZ,航天智装,1001_1800,,0,2020-2026,75,,N
300579.SZ,数字认证,1001_1800,,0,2020-2026,75,,N
603093.SH,南华期货,1001_1800,,0,2020-2026,75,,N
603530.SH,神马电力,1001_1800,,0,2020-2026,75,,N
002792.SZ,通宇通讯,1001_1800,,0,2016-2022,72,,N
002918.SZ,蒙娜丽莎,1001_1800,,0,2018-2024,72,,N
300388.SZ,节能国祯,1001_1800,,0,2016-2022,72,,N
300596.SZ,利安隆,1001_1800,,0,2019-2025,72,,N
603105.SH,芯能科技,1001_1800,,0,2018-2024,72,,N
603313.SH,梦百合,1001_1800,,0,2017-2023,72,,N
603666.SH,亿嘉和,1001_1800,,0,2018-2024,72,,N
603896.SH,寿仙谷,1001_1800,,0,2018-2024,72,,N
000639.SZ,ST西王,1001_1800,,0,2014-2022,71,,N
002235.SZ,安妮股份,1001_1800,,0,2014-2020,71,,N
002346.SZ,柘中股份,1001_1800,,0,2014-2020,71,,N
300262.SZ,*ST巴安(退),1001_1800,,0,2014-2020,71,20240819,N
600283.SH,钱江水利,1001_1800,,0,2014-2020,71,,N
603936.SH,博敏电子,1001_1800,,0,2016-2024,70,,N
002101.SZ,广东鸿图,1001_1800,,0,2018-2026,69,,N
002978.SZ,安宁股份,1001_1800,,0,2020-2026,69,,N
002987.SZ,京北方,1001_1800,,0,2020-2026,69,,N
300855.SZ,图南股份,1001_1800,,0,2020-2026,69,,N
603055.SH,台华新材,1001_1800,,0,2018-2026,69,,N
000796.SZ,凯撒旅业,1001_1800,,0,2016-2022,66,,N
002538.SZ,ST司特,1001_1800,,0,2015-2020,66,,N
002724.SZ,海洋王,1001_1800,,0,2015-2024,66,,N
002759.SZ,ST天际,1001_1800,,0,2017-2023,66,,N
002959.SZ,小熊电器,1001_1800,,0,2020-2025,66,,N
300091.SZ,*ST金灵,1001_1800,,0,2018-2023,66,,N
300441.SZ,鲍斯股份,1001_1800,,0,2017-2022,66,,N
300520.SZ,科大国创,1001_1800,,0,2016-2022,66,,N
300531.SZ,优博讯,1001_1800,,0,2017-2022,66,,N
300856.SZ,科思股份,1001_1800,,0,2020-2026,66,,N
601330.SH,绿色动力,1001_1800,,0,2018-2024,66,,N
603363.SH,傲农生物,1001_1800,,0,2018-2024,66,,N
603387.SH,基蛋生物,1001_1800,,0,2018-2023,66,,N
603808.SH,歌力思,1001_1800,,0,2015-2022,66,,N
002582.SZ,好想你,1001_1800,,0,2014-2022,65,,N
002650.SZ,ST加加,1001_1800,,0,2014-2020,65,,N
300064.SZ,金刚退(退),1001_1800,,0,2014-2020,65,20220627,N
300256.SZ,星星科技,1001_1800,,0,2014-2021,65,,N
600738.SH,丽尚国潮,1001_1800,,0,2014-2022,65,,N
002228.SZ,合兴包装,1001_1800,,0,2014-2022,63,,N
002993.SZ,奥海科技,1001_1800,,0,2021-2026,63,,N
003006.SZ,百亚股份,1001_1800,,0,2021-2026,63,,N
603100.SH,川仪股份,1001_1800,,0,2015-2026,63,,N
001896.SZ,豫能控股,1001_1800,,0,2014-2026,62,,N
300127.SZ,银河磁体,1001_1800,,0,2014-2026,62,,N
000038.SZ,大通退(退),1001_1800,,0,2016-2021,60,20230712,N
002543.SZ,万和电气,1001_1800,,0,2014-2026,60,,N
002751.SZ,易尚退(退),1001_1800,,0,2015-2020,60,20230713,N
002991.SZ,甘源食品,1001_1800,,0,2020-2025,60,,N
003012.SZ,东鹏控股,1001_1800,,0,2021-2026,60,,N
300194.SZ,福安药业,1001_1800,,0,2017-2022,60,,N
300424.SZ,航新科技,1001_1800,,0,2015-2020,60,,N
300470.SZ,中密控股,1001_1800,,0,2021-2026,60,,N
300477.SZ,ST合纵,1001_1800,,0,2018-2023,60,,N
600136.SH,ST明诚,1001_1800,,0,2016-2021,60,,N
603258.SH,电魂网络,1001_1800,,0,2017-2023,60,,N
603626.SH,科森科技,1001_1800,,0,2017-2022,60,,N
605009.SH,豪悦护理,1001_1800,,0,2021-2026,60,,N
605168.SH,三人行,1001_1800,,0,2020-2025,60,,N
605222.SH,起帆电缆,1001_1800,,0,2020-2025,60,,N
002033.SZ,丽江股份,1001_1800,,0,2014-2019,59,,N
002321.SZ,华英农业,1001_1800,,0,2014-2019,59,,N
002554.SZ,惠博普,1001_1800,,0,2014-2019,59,,N
002584.SZ,西陇科学,1001_1800,,0,2014-2019,59,,N
300050.SZ,世纪鼎利,1001_1800,,0,2014-2019,59,,N
300231.SZ,银信科技,1001_1800,,0,2014-2019,59,,N
300318.SZ,博晖创新,1001_1800,,0,2014-2023,59,,N
300358.SZ,楚天科技,1001_1800,,0,2014-2024,59,,N
002755.SZ,奥赛康,1001_1800,,0,2019-2026,57,,N
002961.SZ,瑞达期货,1001_1800,,0,2020-2026,57,,N
003039.SZ,顺控发展,1001_1800,,0,2021-2026,57,,N
301015.SZ,百洋医药,1001_1800,,0,2021-2026,57,,N
301031.SZ,中熔电气,1001_1800,,0,2021-2026,57,,N
301039.SZ,中集车辆,1001_1800,,0,2021-2026,57,,N
600173.SH,卧龙新能,1001_1800,,0,2014-2019,57,,N
601900.SH,南方传媒,1001_1800,,0,2017-2026,57,,N
603033.SH,三维股份,1001_1800,,0,2021-2026,57,,N
603126.SH,中材节能,1001_1800,,0,2014-2019,57,,N
603171.SH,税友股份,1001_1800,,0,2021-2026,57,,N
603220.SH,中贝通信,1001_1800,,0,2019-2026,57,,N
603327.SH,福蓉科技,1001_1800,,0,2019-2026,57,,N
688586.SH,江航装备,1001_1800,,0,2021-2026,57,,N
002639.SZ,雪人集团,1001_1800,,0,2014-2026,56,,N
300299.SZ,富春股份,1001_1800,,0,2014-2021,56,,N
002068.SZ,黑猫股份,1001_1800,,0,2018-2026,54,,N
002435.SZ,ST长康(退),1001_1800,,0,2019-2023,54,20240815,N
002562.SZ,兄弟科技,1001_1800,,0,2017-2022,54,,N
002590.SZ,万安科技,1001_1800,,0,2016-2020,54,,N
002619.SZ,*ST艾格(退),1001_1800,,0,2016-2021,54,20220428,N
002769.SZ,普路通,1001_1800,,0,2015-2020,54,,N
002822.SZ,ST中装,1001_1800,,0,2017-2021,54,,N
002930.SZ,宏川智慧,1001_1800,,0,2018-2023,54,,N
002950.SZ,奥美医疗,1001_1800,,0,2019-2024,54,,N
002990.SZ,盛视科技,1001_1800,,0,2020-2025,54,,N
003009.SZ,中天火箭,1001_1800,,0,2021-2025,54,,N
300506.SZ,名家汇,1001_1800,,0,2016-2021,54,,N
300662.SZ,科锐国际,1001_1800,,0,2019-2024,54,,N
601116.SH,三江购物,1001_1800,,0,2017-2021,54,,N
603359.SH,*ST东珠,1001_1800,,0,2018-2022,54,,N
603383.SH,顶点软件,1001_1800,,0,2019-2026,54,,N
603439.SH,三力制药,1001_1800,,0,2020-2025,54,,N
603579.SH,荣泰健康,1001_1800,,0,2017-2021,54,,N
603777.SH,来伊份,1001_1800,,0,2017-2021,54,,N
603898.SH,好莱客,1001_1800,,0,2015-2020,54,,N
688389.SH,普门科技,1001_1800,,0,2021-2025,54,,N
002071.SZ,长城退(退),1001_1800,,0,2014-2019,53,20210507,N
002388.SZ,新亚制程,1001_1800,,0,2014-2019,53,,N
002401.SZ,中远海科,1001_1800,,0,2014-2019,53,,N
002565.SZ,顺灏股份,1001_1800,,0,2014-2021,53,,N
002586.SZ,围海股份,1001_1800,,0,2014-2019,53,,N
002711.SZ,欧浦退(退),1001_1800,,0,2014-2019,53,20210715,N
300048.SZ,合康新能,1001_1800,,0,2014-2019,53,,N
300172.SZ,中电环保,1001_1800,,0,2014-2019,53,,N
300190.SZ,维尔利,1001_1800,,0,2014-2022,53,,N
300245.SZ,ST天玑,1001_1800,,0,2014-2019,53,,N
300365.SZ,恒华科技,1001_1800,,0,2014-2022,53,,N
600658.SH,电子城,1001_1800,,0,2014-2020,53,,N
603227.SH,雪峰科技,1001_1800,,0,2015-2026,52,,N
002838.SZ,道恩股份,1001_1800,,0,2020-2026,51,,N
300772.SZ,运达股份,1001_1800,,0,2022-2026,51,,N
301047.SZ,义翘神州,1001_1800,,0,2022-2026,51,,N
301087.SZ,可孚医疗,1001_1800,,0,2022-2026,51,,N
301155.SZ,海力风电,1001_1800,,0,2022-2026,51,,N
301177.SZ,迪阿股份,1001_1800,,0,2022-2026,51,,N
601702.SH,华峰铝业,1001_1800,,0,2022-2026,51,,N
605123.SH,派克新材,1001_1800,,0,2022-2026,51,,N
605507.SH,国邦医药,1001_1800,,0,2022-2026,51,,N
688128.SH,中国电研,1001_1800,,0,2022-2026,51,,N
688686.SH,奥普特,1001_1800,,0,2022-2026,51,,N
300337.SZ,银邦股份,1001_1800,,0,2014-2026,50,,N
000838.SZ,*ST发展,1001_1800,,0,2016-2020,48,,N
002141.SZ,贤丰控股,1001_1800,,0,2016-2020,48,,N
002852.SZ,道道全,1001_1800,,0,2017-2021,48,,N
300173.SZ,ST福能,1001_1800,,0,2015-2019,48,,N
300278.SZ,华昌达,1001_1800,,0,2016-2020,48,,N
300423.SZ,昇辉科技,1001_1800,,0,2019-2023,48,,N
300426.SZ,华智数媒,1001_1800,,0,2015-2019,48,,N
300448.SZ,浩云科技,1001_1800,,0,2015-2022,48,,N
300465.SZ,高伟达,1001_1800,,0,2015-2019,48,,N
300467.SZ,迅游科技,1001_1800,,0,2016-2020,48,,N
300533.SZ,冰川网络,1001_1800,,0,2017-2021,48,,N
300664.SZ,鹏鹞环保,1001_1800,,0,2018-2022,48,,N
300740.SZ,水羊股份,1001_1800,,0,2019-2023,48,,N
300894.SZ,火星人,1001_1800,,0,2021-2025,48,,N
600090.SH,退济堂(退),1001_1800,,0,2014-2020,48,20220707,N
600715.SH,文投控股,1001_1800,,0,2018-2022,48,,N
601279.SH,英利汽车,1001_1800,,0,2021-2025,48,,N
601366.SH,利群股份,1001_1800,,0,2017-2021,48,,N
601500.SH,通用股份,1001_1800,,0,2017-2026,48,,N
603010.SH,万盛股份,1001_1800,,0,2017-2024,48,,N
603012.SH,创力集团,1001_1800,,0,2015-2021,48,,N
603180.SH,金牌家居,1001_1800,,0,2018-2022,48,,N
603212.SH,赛伍技术,1001_1800,,0,2020-2024,48,,N
603421.SH,鼎信通讯,1001_1800,,0,2017-2021,48,,N
603429.SH,*ST集友,1001_1800,,0,2019-2023,48,,N
603587.SH,地素时尚,1001_1800,,0,2018-2022,48,,N
603618.SH,杭电股份,1001_1800,,0,2016-2020,48,,N
603711.SH,香飘飘,1001_1800,,0,2018-2022,48,,N
603727.SH,博迈科,1001_1800,,0,2017-2021,48,,N
603803.SH,瑞斯康达,1001_1800,,0,2017-2021,48,,N
603839.SH,安正时尚,1001_1800,,0,2017-2021,48,,N
688268.SH,华特气体,1001_1800,,0,2021-2025,48,,N
002096.SZ,易普力,1001_1800,,0,2014-2026,47,,N
002231.SZ,*ST奥维,1001_1800,,0,2014-2018,47,20260327,N
002331.SZ,皖通科技,1001_1800,,0,2014-2018,47,,N
002406.SZ,远东传动,1001_1800,,0,2014-2018,47,,N
002457.SZ,青龙管业,1001_1800,,0,2014-2018,47,,N
002476.SZ,新叶股份,1001_1800,,0,2014-2018,47,,N
002494.SZ,华斯股份,1001_1800,,0,2014-2018,47,,N
002499.SZ,科林退(退),1001_1800,,0,2014-2018,47,20230418,N
002524.SZ,光正眼科,1001_1800,,0,2014-2018,47,,N
002535.SZ,林州重机,1001_1800,,0,2014-2018,47,,N
002579.SZ,中京电子,1001_1800,,0,2014-2018,47,,N
002684.SZ,猛狮退(退),1001_1800,,0,2014-2018,47,20220627,N
300051.SZ,琏升科技,1001_1800,,0,2014-2018,47,,N
300074.SZ,华平股份,1001_1800,,0,2014-2018,47,,N
300304.SZ,云意电气,1001_1800,,0,2014-2019,47,,N
300312.SZ,邦讯退(退),1001_1800,,0,2014-2018,47,20220704,N
300356.SZ,光一退(退),1001_1800,,0,2014-2018,47,20230713,N
300360.SZ,炬华科技,1001_1800,,0,2014-2026,47,,N
300382.SZ,斯莱克,1001_1800,,0,2014-2024,47,,N
600735.SH,ST新华锦,1001_1800,,0,2014-2018,47,,N
603123.SH,翠微股份,1001_1800,,0,2014-2025,47,,N
002201.SZ,九鼎新材,1001_1800,,0,2020-2024,46,,N
300653.SZ,正海生物,1001_1800,,0,2020-2024,46,,N
301175.SZ,中科环保,1001_1800,,0,2022-2026,45,,N
301207.SZ,华兰疫苗,1001_1800,,0,2022-2026,45,,N
301219.SZ,腾远钴业,1001_1800,,0,2022-2026,45,,N
301238.SZ,瑞泰新材,1001_1800,,0,2022-2026,45,,N
301268.SZ,铭利达,1001_1800,,0,2022-2026,45,,N
603166.SH,福达股份,1001_1800,,0,2015-2026,45,,N
603297.SH,永新光学,1001_1800,,0,2022-2026,45,,N
605296.SH,神农集团,1001_1800,,0,2021-2026,45,,N
688776.SH,国光电气,1001_1800,,0,2022-2026,45,,N
688789.SH,宏华数科,1001_1800,,0,2022-2026,45,,N
688798.SH,艾为电子,1001_1800,,0,2022-2026,45,,N
002616.SZ,长青集团,1001_1800,,0,2014-2022,44,,N
000711.SZ,京蓝科技,1001_1800,,0,2017-2021,42,,N
001308.SZ,康冠科技,1001_1800,,0,2022-2026,42,,N
002338.SZ,奥普光电,1001_1800,,0,2014-2026,42,,N
002685.SZ,华东重机,1001_1800,,0,2018-2021,42,,N
002752.SZ,昇兴股份,1001_1800,,0,2015-2019,42,,N
002907.SZ,华森制药,1001_1800,,0,2018-2021,42,,N
003040.SZ,楚天龙,1001_1800,,0,2021-2025,42,,N
300350.SZ,华鹏飞,1001_1800,,0,2015-2019,42,,N
300440.SZ,运达科技,1001_1800,,0,2015-2019,42,,N
300447.SZ,全信股份,1001_1800,,0,2016-2019,42,,N
300471.SZ,厚普股份,1001_1800,,0,2015-2019,42,,N
300510.SZ,金冠股份,1001_1800,,0,2019-2022,42,,N
300639.SZ,凯普生物,1001_1800,,0,2020-2024,42,,N
300860.SZ,锋尚文化,1001_1800,,0,2021-2024,42,,N
300973.SZ,立高食品,1001_1800,,0,2021-2025,42,,N
301069.SZ,凯盛新材,1001_1800,,0,2022-2025,42,,N
301090.SZ,华润材料,1001_1800,,0,2022-2025,42,,N
600381.SH,*ST春天,1001_1800,,0,2015-2019,42,,N
600975.SH,新五丰,1001_1800,,0,2019-2026,42,,N
601827.SH,三峰环境,1001_1800,,0,2020-2025,42,,N
603053.SH,成都燃气,1001_1800,,0,2020-2023,42,,N
603060.SH,国检集团,1001_1800,,0,2020-2023,42,,N
603081.SH,大丰实业,1001_1800,,0,2017-2021,42,,N
603187.SH,海容冷链,1001_1800,,0,2021-2024,42,,N
603208.SH,江山欧派,1001_1800,,0,2020-2024,42,,N
603367.SH,辰欣药业,1001_1800,,0,2018-2021,42,,N
603398.SH,*ST沐邦,1001_1800,,0,2016-2025,42,,N
603980.SH,吉华集团,1001_1800,,0,2017-2021,42,,N
603999.SH,读者传媒,1001_1800,,0,2016-2019,42,,N
605365.SH,立达信,1001_1800,,0,2021-2025,42,,N
688526.SH,科前生物,1001_1800,,0,2021-2025,42,,N
688575.SH,亚辉龙,1001_1800,,0,2022-2026,42,,N
688739.SH,成大生物,1001_1800,,0,2022-2026,42,,N
000010.SZ,*ST美丽,1001_1800,,0,2014-2018,41,,N
000757.SZ,浩物股份,1001_1800,,0,2014-2018,41,,N
002198.SZ,ST嘉应,1001_1800,,0,2014-2018,41,,N
002259.SZ,升达林业,1001_1800,,0,2014-2018,41,,N
002452.SZ,长高电气,1001_1800,,0,2014-2018,41,,N
002559.SZ,亚威股份,1001_1800,,0,2014-2018,41,,N
002575.SZ,群兴玩具,1001_1800,,0,2014-2018,41,,N
002660.SZ,茂硕电源,1001_1800,,0,2014-2018,41,,N
300030.SZ,阳普医疗,1001_1800,,0,2014-2018,41,,N
300071.SZ,福石控股,1001_1800,,0,2014-2018,41,,N
300076.SZ,*ST宁视,1001_1800,,0,2014-2018,41,,N
300084.SZ,海默科技,1001_1800,,0,2014-2018,41,,N
300086.SZ,康芝药业,1001_1800,,0,2014-2018,41,,N
300129.SZ,泰胜风能,1001_1800,,0,2014-2025,41,,N
300165.SZ,天瑞仪器,1001_1800,,0,2014-2018,41,,N
300175.SZ,朗源股份,1001_1800,,0,2014-2018,41,,N
300227.SZ,光韵达,1001_1800,,0,2014-2018,41,,N
300380.SZ,安硕信息,1001_1800,,0,2014-2018,41,,N
600101.SH,明星电力,1001_1800,,0,2014-2018,41,,N
600209.SH,退罗顿(退),1001_1800,,0,2014-2018,41,20220622,N
600336.SH,澳柯玛,1001_1800,,0,2014-2018,41,,N
600865.SH,百大集团,1001_1800,,0,2014-2018,41,,N
603003.SH,退龙宇(退),1001_1800,,0,2014-2019,41,20250703,N
001236.SZ,弘业期货,1001_1800,,0,2023-2026,39,,N
300416.SZ,苏试试验,1001_1800,,0,2023-2026,39,,N
300820.SZ,英杰电气,1001_1800,,0,2023-2026,39,,N
301327.SZ,华宝新能,1001_1800,,0,2023-2026,39,,N
301363.SZ,美好医疗,1001_1800,,0,2023-2026,39,,N
600843.SH,上工申贝,1001_1800,,0,2014-2018,39,,N
601022.SH,宁波远洋,1001_1800,,0,2023-2026,39,,N
603057.SH,紫燕食品,1001_1800,,0,2023-2026,39,,N
603132.SH,金徽股份,1001_1800,,0,2022-2026,39,,N
605333.SH,沪光股份,1001_1800,,0,2023-2026,39,,N
688091.SH,上海谊众,1001_1800,,0,2023-2026,39,,N
688177.SH,百奥泰,1001_1800,,0,2021-2026,39,,N
688190.SH,云路股份,1001_1800,,0,2023-2026,39,,N
688232.SH,新点软件,1001_1800,,0,2023-2026,39,,N
688326.SH,经纬恒润,1001_1800,,0,2023-2026,39,,N
000892.SZ,欢瑞世纪,1001_1800,,0,2014-2020,38,,N
002483.SZ,润邦股份,1001_1800,,0,2014-2018,38,,N
002641.SZ,公元股份,1001_1800,,0,2014-2023,38,,N
000756.SZ,新华制药,1001_1800,,0,2023-2026,36,,N
001258.SZ,立新能源,1001_1800,,0,2022-2025,36,,N
001323.SZ,慕思股份,1001_1800,,0,2022-2025,36,,N
002356.SZ,鹏飞绿能,1001_1800,,0,2015-2019,36,,N
002781.SZ,奇信退(退),1001_1800,,0,2016-2019,36,20230705,N
300221.SZ,银禧科技,1001_1800,,0,2016-2019,36,,N
300403.SZ,汉宇集团,1001_1800,,0,2015-2018,36,,N
300410.SZ,正业科技,1001_1800,,0,2017-2020,36,,N
300494.SZ,盛天网络,1001_1800,,0,2016-2019,36,,N
300511.SZ,雪榕生物,1001_1800,,0,2016-2019,36,,N
300512.SZ,中亚股份,1001_1800,,0,2016-2019,36,,N
300518.SZ,新迅达,1001_1800,,0,2016-2019,36,,N
300590.SZ,移为通信,1001_1800,,0,2020-2023,36,,N
300673.SZ,佩蒂股份,1001_1800,,0,2019-2022,36,,N
300696.SZ,爱乐达,1001_1800,,0,2021-2024,36,,N
300785.SZ,值得买,1001_1800,,0,2019-2022,36,,N
300788.SZ,中信出版,1001_1800,,0,2019-2022,36,,N
300815.SZ,玉禾田,1001_1800,,0,2020-2023,36,,N
301180.SZ,万祥科技,1001_1800,,0,2022-2025,36,,N
601599.SH,浙文影业,1001_1800,,0,2016-2019,36,,N
601968.SH,宝钢包装,1001_1800,,0,2015-2018,36,,N
603058.SH,永吉股份,1001_1800,,0,2017-2020,36,,N
603116.SH,红蜻蜓,1001_1800,,0,2015-2018,36,,N
603339.SH,四方科技,1001_1800,,0,2016-2019,36,,N
603357.SH,设计总院,1001_1800,,0,2018-2021,36,,N
603557.SH,*ST起步,1001_1800,,0,2018-2021,36,,N
603590.SH,康辰药业,1001_1800,,0,2019-2022,36,,N
603600.SH,永艺股份,1001_1800,,0,2015-2018,36,,N
603603.SH,退博天(退),1001_1800,,0,2017-2020,36,20240425,N
603610.SH,麒盛科技,1001_1800,,0,2020-2023,36,,N
603848.SH,好太太,1001_1800,,0,2018-2021,36,,N
603861.SH,白云电器,1001_1800,,0,2016-2019,36,,N
603900.SH,莱绅通灵,1001_1800,,0,2017-2020,36,,N
603916.SH,苏博特,1001_1800,,0,2020-2023,36,,N
603995.SH,甬金股份,1001_1800,,0,2022-2025,36,,N
603996.SH,退中新(退),1001_1800,,0,2016-2019,36,20220524,N
605199.SH,ST葫芦娃,1001_1800,,0,2020-2023,36,,N
605338.SH,巴比食品,1001_1800,,0,2021-2024,36,,N
688198.SH,佰仁医疗,1001_1800,,0,2021-2024,36,,N
688315.SH,诺禾致源,1001_1800,,0,2022-2025,36,,N
688508.SH,芯朋微,1001_1800,,0,2021-2024,36,,N
000014.SZ,沙河股份,1001_1800,,0,2014-2017,35,,N
000523.SZ,红棉股份,1001_1800,,0,2014-2017,35,,N
000863.SZ,三湘印象,1001_1800,,0,2014-2018,35,,N
002227.SZ,*ST特迅,1001_1800,,0,2014-2017,35,,N
002441.SZ,众业达,1001_1800,,0,2014-2017,35,,N
002528.SZ,*ST英飞,1001_1800,,0,2014-2017,35,,N
002621.SZ,*ST美吉(退),1001_1800,,0,2014-2021,35,20240805,N
300187.SZ,永清环保,1001_1800,,0,2014-2017,35,,N
300193.SZ,佳士科技,1001_1800,,0,2014-2017,35,,N
300195.SZ,长荣股份,1001_1800,,0,2014-2017,35,,N
300217.SZ,东方电热,1001_1800,,0,2014-2017,35,,N
300246.SZ,宝莱特,1001_1800,,0,2014-2017,35,,N
300314.SZ,戴维医疗,1001_1800,,0,2014-2017,35,,N
300351.SZ,永贵电器,1001_1800,,0,2014-2017,35,,N
300362.SZ,天翔退(退),1001_1800,,0,2014-2019,35,20210830,N
300381.SZ,溢多利,1001_1800,,0,2014-2018,35,,N
600077.SH,*ST宋都(退),1001_1800,,0,2014-2017,35,20230725,N
600218.SH,全柴动力,1001_1800,,0,2014-2017,35,,N
600257.SH,大湖股份,1001_1800,,0,2014-2017,35,,N
601199.SH,江南水务,1001_1800,,0,2014-2017,35,,N
688209.SH,英集芯,1001_1800,,0,2023-2026,35,,N
001287.SZ,中电港,1001_1800,,0,2023-2026,33,,N
001337.SZ,四川黄金,1001_1800,,0,2023-2026,33,,N
002077.SZ,大港股份,1001_1800,,0,2023-2026,33,,N
002162.SZ,悦心健康,1001_1800,,0,2014-2017,33,,N
002546.SZ,新联电子,1001_1800,,0,2014-2017,33,,N
301153.SZ,中科江南,1001_1800,,0,2023-2026,33,,N
301216.SZ,万凯新材,1001_1800,,0,2022-2026,33,,N
301262.SZ,海看股份,1001_1800,,0,2023-2026,33,,N
301291.SZ,明阳电气,1001_1800,,0,2023-2026,33,,N
301293.SZ,三博脑科,1001_1800,,0,2023-2026,33,,N
301381.SZ,赛维时代,1001_1800,,0,2023-2026,33,,N
603099.SH,长白山,1001_1800,,0,2015-2026,33,,N
603162.SH,海通发展,1001_1800,,0,2023-2026,33,,N
603887.SH,城地香江,1001_1800,,0,2020-2026,33,,N
688351.SH,微电生理,1001_1800,,0,2023-2026,33,,N
688439.SH,振华风光,1001_1800,,0,2023-2026,33,,N
002549.SZ,凯美特气,1001_1800,,0,2014-2026,32,,N
300081.SZ,ST恒信,1001_1800,,0,2014-2021,32,,N
002656.SZ,摩登大道,1001_1800,,0,2014-2020,31,,N
000971.SZ,*ST高升(退),1001_1800,,0,2016-2019,30,20240724,N
002196.SZ,方正电机,1001_1800,,0,2016-2019,30,,N
002485.SZ,ST雪发,1001_1800,,0,2018-2020,30,,N
002703.SZ,浙江世宝,1001_1800,,0,2016-2019,30,,N
002772.SZ,众兴菌业,1001_1800,,0,2016-2019,30,,N
002783.SZ,凯龙股份,1001_1800,,0,2016-2018,30,,N
002788.SZ,鹭燕医药,1001_1800,,0,2016-2019,30,,N
002801.SZ,微光股份,1001_1800,,0,2016-2019,30,,N
002803.SZ,吉宏股份,1001_1800,,0,2020-2023,30,,N
002880.SZ,卫光生物,1001_1800,,0,2020-2022,30,,N
002955.SZ,鸿合科技,1001_1800,,0,2019-2022,30,,N
002970.SZ,锐明技术,1001_1800,,0,2020-2022,30,,N
003032.SZ,传智教育,1001_1800,,0,2021-2023,30,,N
300097.SZ,智云股份,1001_1800,,0,2017-2019,30,,N
300160.SZ,秀强股份,1001_1800,,0,2016-2019,30,,N
300242.SZ,佳云科技,1001_1800,,0,2017-2019,30,,N
300384.SZ,三联虹普,1001_1800,,0,2015-2017,30,,N
300399.SZ,天利科技,1001_1800,,0,2015-2017,30,,N
300419.SZ,ST浩丰,1001_1800,,0,2016-2018,30,,N
300449.SZ,汉邦高科,1001_1800,,0,2015-2018,30,,N
300484.SZ,蓝海华腾,1001_1800,,0,2016-2019,30,,N
300504.SZ,天邑股份,1001_1800,,0,2018-2021,30,,N
300528.SZ,幸福蓝海,1001_1800,,0,2017-2019,30,,N
300552.SZ,万集科技,1001_1800,,0,2020-2022,30,,N
300571.SZ,平治信息,1001_1800,,0,2019-2021,30,,N
300791.SZ,仙乐健康,1001_1800,,0,2020-2023,30,,N
300829.SZ,金丹科技,1001_1800,,0,2020-2023,30,,N
300842.SZ,帝科股份,1001_1800,,0,2020-2023,30,,N
300846.SZ,首都在线,1001_1800,,0,2020-2023,30,,N
300900.SZ,广联航空,1001_1800,,0,2021-2023,30,,N
301080.SZ,百普赛斯,1001_1800,,0,2022-2024,30,,N
301089.SZ,拓新药业,1001_1800,,0,2022-2024,30,,N
301239.SZ,普瑞眼科,1001_1800,,0,2023-2025,30,,N
301325.SZ,曼恩斯特,1001_1800,,0,2023-2026,30,,N
301376.SZ,致欧科技,1001_1800,,0,2023-2026,30,,N
600603.SH,广汇物流,1001_1800,,0,2019-2021,30,,N
600610.SH,中毅达,1001_1800,,0,2022-2024,30,,N
600734.SH,*ST实达,1001_1800,,0,2017-2020,30,,N
603071.SH,物产环能,1001_1800,,0,2022-2024,30,,N
603416.SH,信捷电气,1001_1800,,0,2021-2023,30,,N
603458.SH,勘设股份,1001_1800,,0,2018-2020,30,,N
603648.SH,畅联股份,1001_1800,,0,2018-2020,30,,N
603669.SH,灵康药业,1001_1800,,0,2015-2018,30,,N
603676.SH,卫信康,1001_1800,,0,2018-2021,30,,N
603779.SH,威龙股份,1001_1800,,0,2016-2019,30,,N
603800.SH,洪田股份,1001_1800,,0,2016-2018,30,,N
603843.SH,*ST正平,1001_1800,,0,2017-2019,30,,N
603869.SH,ST智知,1001_1800,,0,2019-2022,30,,N
603956.SH,威派格,1001_1800,,0,2019-2022,30,,N
605007.SH,五洲特纸,1001_1800,,0,2021-2023,30,,N
605008.SH,长鸿高科,1001_1800,,0,2021-2023,30,,N
605388.SH,均瑶健康,1001_1800,,0,2021-2023,30,,N
688085.SH,三友医疗,1001_1800,,0,2021-2023,30,,N
688133.SH,泰坦科技,1001_1800,,0,2021-2024,30,,N
688399.SH,硕世生物,1001_1800,,0,2021-2023,30,,N
001270.SZ,铖昌科技,1001_1800,,0,2022-2025,29,,N
002184.SZ,海得控制,1001_1800,,0,2014-2017,29,,N
002381.SZ,双箭股份,1001_1800,,0,2014-2017,29,,N
002454.SZ,松芝股份,1001_1800,,0,2014-2017,29,,N
002520.SZ,日发精机,1001_1800,,0,2014-2017,29,,N
002529.SZ,海源复材,1001_1800,,0,2014-2017,29,,N
002645.SZ,华宏科技,1001_1800,,0,2014-2024,29,,N
002689.SZ,ST远智,1001_1800,,0,2014-2017,29,,N
002766.SZ,索菱股份,1001_1800,,0,2017-2019,29,,N
300041.SZ,回天新材,1001_1800,,0,2014-2017,29,,N
300254.SZ,仟源医药,1001_1800,,0,2014-2017,29,,N
300293.SZ,蓝英装备,1001_1800,,0,2014-2017,29,,N
300334.SZ,津膜科技,1001_1800,,0,2014-2017,29,,N
600080.SH,ST金花,1001_1800,,0,2014-2017,29,,N
600081.SH,东风科技,1001_1800,,0,2014-2017,29,,N
600560.SH,金自天正,1001_1800,,0,2014-2017,29,,N
600716.SH,凤凰股份,1001_1800,,0,2014-2017,29,,N
601218.SH,吉鑫科技,1001_1800,,0,2014-2017,29,,N
300415.SZ,伊之密,1001_1800,,0,2024-2026,28,,N
300872.SZ,天阳科技,1001_1800,,0,2021-2026,28,,N
688356.SH,键凯科技,1001_1800,,0,2022-2024,28,,N
000922.SZ,佳电股份,1001_1800,,0,2014-2017,27,,N
002713.SZ,东易日盛,1001_1800,,0,2014-2017,27,,N
300446.SZ,航天智造,1001_1800,,0,2024-2026,27,,N
300678.SZ,中科信息,1001_1800,,0,2024-2026,27,,N
301339.SZ,通行宝,1001_1800,,0,2024-2026,27,,N
301371.SZ,敷尔佳,1001_1800,,0,2024-2026,27,,N
301487.SZ,盟固利,1001_1800,,0,2024-2026,27,,N
301510.SZ,固高科技,1001_1800,,0,2024-2026,27,,N
601033.SH,永兴股份,1001_1800,,0,2024-2026,27,,N
601083.SH,锦江航运,1001_1800,,0,2024-2026,27,,N
601096.SH,宏盛华源,1001_1800,,0,2024-2026,27,,N
603168.SH,莎普爱思,1001_1800,,0,2014-2017,27,,N
605011.SH,杭州热电,1001_1800,,0,2024-2026,27,,N
605099.SH,共创草坪,1001_1800,,0,2021-2026,27,,N
605118.SH,力鼎光电,1001_1800,,0,2020-2026,27,,N
688352.SH,颀中科技,1001_1800,,0,2024-2026,27,,N
688658.SH,悦康药业,1001_1800,,0,2024-2026,27,,N
688332.SH,中科蓝讯,1001_1800,,0,2024-2026,25,,N
000056.SZ,*ST皇庭,1001_1800,,0,2018-2020,24,,N
000558.SZ,天府文旅,1001_1800,,0,2017-2019,24,,N
001311.SZ,多利科技,1001_1800,,0,2023-2025,24,,N
001322.SZ,箭牌家居,1001_1800,,0,2023-2025,24,,N
002337.SZ,赛象科技,1001_1800,,0,2015-2017,24,,N
002370.SZ,亚太药业,1001_1800,,0,2018-2020,24,,N
002377.SZ,国创高新,1001_1800,,0,2018-2020,24,,N
002592.SZ,ST八菱,1001_1800,,0,2015-2017,24,,N
002667.SZ,*ST威领,1001_1800,,0,2016-2018,24,,N
002762.SZ,金发拉比,1001_1800,,0,2016-2018,24,,N
002786.SZ,银宝山新,1001_1800,,0,2016-2018,24,,N
002933.SZ,新兴装备,1001_1800,,0,2019-2021,24,,N
002951.SZ,金时科技,1001_1800,,0,2019-2021,24,,N
002969.SZ,嘉美包装,1001_1800,,0,2020-2022,24,,N
002973.SZ,侨银股份,1001_1800,,0,2020-2022,24,,N
002977.SZ,*ST天箭,1001_1800,,0,2020-2022,24,,N
300061.SZ,旗天科技,1001_1800,,0,2018-2020,24,,N
300063.SZ,天龙集团,1001_1800,,0,2016-2018,24,,N
300261.SZ,雅本化学,1001_1800,,0,2023-2025,24,,N
300389.SZ,艾比森,1001_1800,,0,2015-2017,24,,N
300436.SZ,广生堂,1001_1800,,0,2015-2017,24,,N
300444.SZ,双杰电气,1001_1800,,0,2015-2017,24,,N
300507.SZ,苏奥传感,1001_1800,,0,2016-2018,24,,N
300508.SZ,维宏股份,1001_1800,,0,2016-2018,24,,N
300559.SZ,佳发教育,1001_1800,,0,2019-2021,24,,N
300625.SZ,三雄极光,1001_1800,,0,2017-2019,24,,N
300771.SZ,智莱科技,1001_1800,,0,2019-2021,24,,N
300800.SZ,力合科技,1001_1800,,0,2020-2022,24,,N
300805.SZ,电声股份,1001_1800,,0,2020-2022,24,,N
300867.SZ,圣元环保,1001_1800,,0,2021-2023,24,,N
300887.SZ,谱尼测试,1001_1800,,0,2022-2024,24,,N
300942.SZ,易瑞生物,1001_1800,,0,2021-2023,24,,N
300981.SZ,中红医疗,1001_1800,,0,2021-2023,24,,N
301060.SZ,兰卫医学,1001_1800,,0,2022-2024,24,,N
301367.SZ,瑞迈特,1001_1800,,0,2023-2025,24,,N
301500.SZ,飞南资源,1001_1800,,0,2024-2026,24,,N
600828.SH,茂业商业,1001_1800,,0,2017-2019,24,,N
600955.SH,维远股份,1001_1800,,0,2022-2024,24,,N
601368.SH,绿城水务,1001_1800,,0,2015-2017,24,,N
601686.SH,友发集团,1001_1800,,0,2021-2023,24,,N
603096.SH,新经典,1001_1800,,0,2018-2020,24,,N
603117.SH,万林物流,1001_1800,,0,2015-2017,24,,N
603170.SH,宝立食品,1001_1800,,0,2022-2024,24,,N
603281.SH,江瀚新材,1001_1800,,0,2023-2025,24,,N
603303.SH,得邦照明,1001_1800,,0,2017-2019,24,,N
603378.SH,*ST亚士,1001_1800,,0,2020-2022,24,,N
603385.SH,惠达卫浴,1001_1800,,0,2017-2019,24,,N
603396.SH,金辰股份,1001_1800,,0,2022-2024,24,,N
603815.SH,交建股份,1001_1800,,0,2020-2022,24,,N
603818.SH,曲美家居,1001_1800,,0,2015-2017,24,,N
603958.SH,哈森股份,1001_1800,,0,2016-2018,24,,N
605136.SH,丽人丽妆,1001_1800,,0,2021-2023,24,,N
605369.SH,拱东医疗,1001_1800,,0,2022-2024,24,,N
688020.SH,方邦股份,1001_1800,,0,2020-2022,24,,N
688161.SH,威高骨科,1001_1800,,0,2022-2024,24,,N
688261.SH,东微半导,1001_1800,,0,2023-2025,24,,N
688277.SH,天智航,1001_1800,,0,2021-2023,24,,N
000736.SZ,中交发展,1001_1800,,0,2023-2025,23,,N
000906.SZ,浙商中拓,1001_1800,,0,2014-2016,23,,N
002297.SZ,博云新材,1001_1800,,0,2014-2016,23,,N
002469.SZ,三维化学,1001_1800,,0,2014-2016,23,,N
002526.SZ,山东矿机,1001_1800,,0,2014-2016,23,,N
002644.SZ,佛慈制药,1001_1800,,0,2014-2017,23,,N
300057.SZ,万顺新材,1001_1800,,0,2014-2016,23,,N
300105.SZ,龙源技术,1001_1800,,0,2014-2016,23,,N
300150.SZ,世纪瑞尔,1001_1800,,0,2014-2016,23,,N
300272.SZ,开能健康,1001_1800,,0,2014-2016,23,,N
300289.SZ,利德曼,1001_1800,,0,2014-2016,23,,N
600222.SH,太龙药业,1001_1800,,0,2014-2016,23,,N
600371.SH,万向德农,1001_1800,,0,2014-2016,23,,N
600781.SH,退辅仁(退),1001_1800,,0,2014-2019,23,20230628,N
002776.SZ,*ST柏龙(退),1001_1800,,0,2017-2020,22,20240125,N
002116.SZ,中国海诚,1001_1800,,0,2014-2016,21,,N
002391.SZ,长青股份,1001_1800,,0,2014-2016,21,,N
300492.SZ,华图山鼎,1001_1800,,0,2024-2026,21,,N
300580.SZ,贝斯特,1001_1800,,0,2024-2026,21,,N
300641.SZ,正丹股份,1001_1800,,0,2024-2026,21,,N
300913.SZ,兆龙互连,1001_1800,,0,2024-2026,21,,N
300926.SZ,博俊科技,1001_1800,,0,2024-2026,21,,N
301565.SZ,中仑新材,1001_1800,,0,2024-2026,21,,N
301589.SZ,诺瓦星云,1001_1800,,0,2024-2026,21,,N
600698.SH,湖南天雁,1001_1800,,0,2014-2016,21,,N
600982.SH,宁波能源,1001_1800,,0,2014-2016,21,,N
603219.SH,富佳股份,1001_1800,,0,2024-2026,21,,N
603496.SH,恒为科技,1001_1800,,0,2024-2026,21,,N
603992.SH,松霖科技,1001_1800,,0,2020-2026,21,,N
605116.SH,奥锐特,1001_1800,,0,2024-2026,21,,N
688443.SH,智翔金泰,1001_1800,,0,2024-2026,21,,N
688522.SH,纳睿雷达,1001_1800,,0,2024-2026,21,,N
688523.SH,航天环宇,1001_1800,,0,2024-2026,21,,N
688612.SH,威迈斯,1001_1800,,0,2024-2026,21,,N
688631.SH,莱斯信息,1001_1800,,0,2024-2026,21,,N
002323.SZ,*ST雅博,1001_1800,,0,2016-2018,19,,N
001338.SZ,永顺泰,1001_1800,,0,2023-2024,18,,N
001376.SZ,百通能源,1001_1800,,0,2024-2025,18,,N
002059.SZ,云南旅游,1001_1800,,0,2017-2018,18,,N
002113.SZ,*ST天润(退),1001_1800,,0,2017-2019,18,20230811,N
002188.SZ,中天服务,1001_1800,,0,2016-2017,18,,N
002763.SZ,汇洁股份,1001_1800,,0,2015-2017,18,,N
002771.SZ,真视通,1001_1800,,0,2016-2017,18,,N
002790.SZ,瑞尔特,1001_1800,,0,2016-2018,18,,N
002793.SZ,罗欣药业,1001_1800,,0,2020-2022,18,,N
002796.SZ,世嘉科技,1001_1800,,0,2019-2021,18,,N
002802.SZ,洪汇新材,1001_1800,,0,2016-2018,18,,N
002869.SZ,金溢科技,1001_1800,,0,2020-2021,18,,N
002872.SZ,ST天圣,1001_1800,,0,2017-2019,18,,N
002962.SZ,五方光电,1001_1800,,0,2020-2021,18,,N
002982.SZ,湘佳股份,1001_1800,,0,2020-2022,18,,N
002989.SZ,中天精装,1001_1800,,0,2020-2022,18,,N
300018.SZ,中元股份,1001_1800,,0,2016-2017,18,,N
300107.SZ,建新股份,1001_1800,,0,2019-2020,18,,N
300473.SZ,德尔股份,1001_1800,,0,2016-2017,18,,N
300522.SZ,世名科技,1001_1800,,0,2016-2018,18,,N
300603.SZ,立昂技术,1001_1800,,0,2020-2021,18,,N
300793.SZ,佳禾智能,1001_1800,,0,2020-2021,18,,N
300798.SZ,锦鸡股份,1001_1800,,0,2020-2021,18,,N
301246.SZ,宏源药业,1001_1800,,0,2023-2025,18,,N
301508.SZ,中机认检,1001_1800,,0,2024-2026,18,,N
301558.SZ,三态股份,1001_1800,,0,2024-2025,18,,N
600613.SH,神奇制药,1001_1800,,0,2015-2017,18,,N
600792.SH,云煤能源,1001_1800,,0,2015-2016,18,,N
600935.SH,华塑股份,1001_1800,,0,2022-2023,18,,N
601188.SH,龙江交通,1001_1800,,0,2015-2016,18,,N
603020.SH,爱普股份,1001_1800,,0,2015-2017,18,,N
603032.SH,德新科技,1001_1800,,0,2022-2024,18,,N
603165.SH,荣晟环保,1001_1800,,0,2018-2019,18,,N
603277.SH,银都股份,1001_1800,,0,2018-2019,18,,N
603318.SH,水发燃气,1001_1800,,0,2019-2020,18,,N
603551.SH,奥普科技,1001_1800,,0,2020-2021,18,,N
603680.SH,今创集团,1001_1800,,0,2018-2020,18,,N
603758.SH,秦安股份,1001_1800,,0,2017-2019,18,,N
603789.SH,ST星农,1001_1800,,0,2015-2017,18,,N
603817.SH,海峡环保,1001_1800,,0,2017-2019,18,,N
605339.SH,南侨食品,1001_1800,,0,2021-2023,18,,N
688030.SH,山石网科,1001_1800,,0,2020-2022,18,,N
688046.SH,药康生物,1001_1800,,0,2023-2024,18,,N
688173.SH,希荻微,1001_1800,,0,2023-2024,18,,N
688239.SH,航宇科技,1001_1800,,0,2023-2024,18,,N
688365.SH,光云科技,1001_1800,,0,2021-2022,18,,N
688499.SH,利元亨,1001_1800,,0,2022-2024,18,,N
688699.SH,明微电子,1001_1800,,0,2022-2023,18,,N
688733.SH,壹石通,1001_1800,,0,2022-2024,18,,N
688788.SH,科思科技,1001_1800,,0,2021-2023,18,,N
000606.SZ,顺利退(退),1001_1800,,0,2014-2016,17,20230706,N
000663.SZ,永安林业,1001_1800,,0,2014-2016,17,,N
002165.SZ,红宝丽,1001_1800,,0,2014-2016,17,,N
002394.SZ,联发股份,1001_1800,,0,2014-2016,17,,N
002398.SZ,垒知集团,1001_1800,,0,2014-2016,17,,N
002566.SZ,益盛药业,1001_1800,,0,2014-2016,17,,N
002693.SZ,双成药业,1001_1800,,0,2014-2016,17,,N
002700.SZ,万憬能源,1001_1800,,0,2014-2016,17,,N
300025.SZ,华星创业,1001_1800,,0,2014-2016,17,,N
300067.SZ,安诺其,1001_1800,,0,2014-2016,17,,N
300082.SZ,奥克股份,1001_1800,,0,2014-2016,17,,N
300103.SZ,达刚控股,1001_1800,,0,2014-2016,17,,N
300200.SZ,高盟新材,1001_1800,,0,2014-2016,17,,N
300259.SZ,新天科技,1001_1800,,0,2014-2016,17,,N
300301.SZ,ST长方,1001_1800,,0,2014-2016,17,,N
300331.SZ,苏大维格,1001_1800,,0,2014-2016,17,,N
300335.SZ,迪森股份,1001_1800,,0,2014-2016,17,,N
300370.SZ,安控科技,1001_1800,,0,2014-2016,17,,N
600368.SH,五洲交通,1001_1800,,0,2014-2016,17,,N
600778.SH,友好集团,1001_1800,,0,2014-2016,17,,N
600791.SH,京能置业,1001_1800,,0,2014-2016,17,,N
600833.SH,第一医药,1001_1800,,0,2014-2016,17,,N
601798.SH,蓝科高新,1001_1800,,0,2014-2016,17,,N
300831.SZ,ST派瑞,1001_1800,,0,2021-2022,16,,N
301215.SZ,中汽股份,1001_1800,,0,2025-2026,16,,N
601089.SH,福元医药,1001_1800,,0,2025-2026,16,,N
002613.SZ,北玻股份,1001_1800,,0,2014-2016,15,,N
002881.SZ,美格智能,1001_1800,,0,2025-2026,15,,N
002892.SZ,科力尔,1001_1800,,0,2025-2026,15,,N
002897.SZ,意华股份,1001_1800,,0,2025-2026,15,,N
300234.SZ,开尔新材,1001_1800,,0,2014-2016,15,,N
300493.SZ,润欣科技,1001_1800,,0,2025-2026,15,,N
300925.SZ,法本信息,1001_1800,,0,2025-2026,15,,N
301061.SZ,匠心家居,1001_1800,,0,2025-2026,15,,N
301091.SZ,深城交,1001_1800,,0,2025-2026,15,,N
301109.SZ,军信股份,1001_1800,,0,2025-2026,15,,N
301522.SZ,上大股份,1001_1800,,0,2025-2026,15,,N
301551.SZ,无线传媒,1001_1800,,0,2025-2026,15,,N
301556.SZ,托普云农,1001_1800,,0,2025-2026,15,,N
301571.SZ,国科天成,1001_1800,,0,2025-2026,15,,N
301592.SZ,六九一二,1001_1800,,0,2025-2026,15,,N
301600.SZ,慧翰股份,1001_1800,,0,2025-2026,15,,N
301602.SZ,超研股份,1001_1800,,0,2025-2026,15,,N
301622.SZ,英思特,1001_1800,,0,2025-2026,15,,N
301631.SZ,壹连科技,1001_1800,,0,2025-2026,15,,N
603072.SH,天和磁材,1001_1800,,0,2025-2026,15,,N
603193.SH,润本股份,1001_1800,,0,2025-2026,15,,N
603194.SH,中力股份,1001_1800,,0,2025-2026,15,,N
603395.SH,红四方,1001_1800,,0,2025-2026,15,,N
605555.SH,德昌股份,1001_1800,,0,2025-2026,15,,N
688003.SH,天准科技,1001_1800,,0,2025-2026,15,,N
688031.SH,星环科技,1001_1800,,0,2023-2026,15,,N
688165.SH,埃夫特,1001_1800,,0,2025-2026,15,,N
688252.SH,天德钰,1001_1800,,0,2025-2026,15,,N
688306.SH,均普智能,1001_1800,,0,2025-2026,15,,N
688543.SH,国科军工,1001_1800,,0,2025-2026,15,,N
688584.SH,上海合晶,1001_1800,,0,2025-2026,15,,N
688698.SH,伟创电气,1001_1800,,0,2025-2026,15,,N
301004.SZ,嘉益股份,1001_1800,,0,2025-2026,14,,N
600242.SH,退中昌(退),1001_1800,,0,2019-2020,14,20230629,N
601313.SH,,1001_1800,,0,2015-2016,13,,N
001356.SZ,富岭股份,1001_1800,,0,2025-2026,12,,N
002090.SZ,金智科技,1001_1800,,0,2016-2017,12,,N
002175.SZ,*ST东智,1001_1800,,0,2017-2018,12,,N
002478.SZ,常宝股份,1001_1800,,0,2019-2020,12,,N
002504.SZ,*ST弘高(退),1001_1800,,0,2016-2017,12,20230821,N
002731.SZ,*ST萃华,1001_1800,,0,2015-2016,12,,N
002742.SZ,冀衡医药,1001_1800,,0,2018-2019,12,,N
002750.SZ,龙津退(退),1001_1800,,0,2016-2017,12,20250627,N
002932.SZ,*ST明德,1001_1800,,0,2023-2024,12,,N
300519.SZ,新光药业,1001_1800,,0,2016-2017,12,,N
301206.SZ,三元生物,1001_1800,,0,2022-2023,12,,N
301348.SZ,蓝箭电子,1001_1800,,0,2024-2025,12,,N
301559.SZ,中集环科,1001_1800,,0,2024-2025,12,,N
600370.SH,*ST三房,1001_1800,,0,2022-2023,12,,N
601113.SH,华鼎股份,1001_1800,,0,2018-2019,12,,N
603075.SH,热威股份,1001_1800,,0,2024-2025,12,,N
603235.SH,天新药业,1001_1800,,0,2022-2023,12,,N
603309.SH,维力医疗,1001_1800,,0,2016-2017,12,,N
603390.SH,通达电气,1001_1800,,0,2020-2021,12,,N
603408.SH,建霖家居,1001_1800,,0,2020-2021,12,,N
603511.SH,爱慕股份,1001_1800,,0,2021-2022,12,,N
603969.SH,银龙股份,1001_1800,,0,2015-2016,12,,N
603976.SH,正川股份,1001_1800,,0,2021-2022,12,,N
605368.SH,蓝天燃气,1001_1800,,0,2024-2025,12,,N
605577.SH,龙版传媒,1001_1800,,0,2024-2025,12,,N
688055.SH,龙腾光电,1001_1800,,0,2021-2022,12,,N
688086.SH,退紫晶(退),1001_1800,,0,2021-2022,12,20230707,N
688095.SH,福昕软件,1001_1800,,0,2021-2022,12,,N
688098.SH,申联生物,1001_1800,,0,2020-2021,12,,N
688108.SH,赛诺医疗,1001_1800,,0,2020-2021,12,,N
688148.SH,芳源股份,1001_1800,,0,2022-2023,12,,N
688152.SH,麒麟信安,1001_1800,,0,2023-2024,12,,N
688238.SH,和元生物,1001_1800,,0,2023-2024,12,,N
688330.SH,宏力达,1001_1800,,0,2022-2023,12,,N
688381.SH,帝奥微,1001_1800,,0,2023-2024,12,,N
688505.SH,复旦张江,1001_1800,,0,2021-2022,12,,N
000026.SZ,飞亚达,1001_1800,,0,2014-2015,11,,N
002199.SZ,东晶电子,1001_1800,,0,2014-2015,11,,N
002264.SZ,新华都,1001_1800,,0,2014-2015,11,,N
002272.SZ,川润股份,1001_1800,,0,2014-2015,11,,N
002278.SZ,神开股份,1001_1800,,0,2014-2015,11,,N
002286.SZ,保龄宝,1001_1800,,0,2014-2015,11,,N
002360.SZ,ST同德,1001_1800,,0,2014-2015,11,,N
002492.SZ,恒基达鑫,1001_1800,,0,2014-2015,11,,N
002514.SZ,*ST宝馨,1001_1800,,0,2014-2015,11,,N
002587.SZ,奥拓电子,1001_1800,,0,2014-2015,11,,N
002598.SZ,ST章鼓,1001_1800,,0,2014-2015,11,,N
002629.SZ,仁智股份,1001_1800,,0,2014-2015,11,,N
002679.SZ,福建金森,1001_1800,,0,2014-2015,11,,N
002688.SZ,金河生物,1001_1800,,0,2014-2015,11,,N
002694.SZ,*ST顾地,1001_1800,,0,2014-2015,11,,N
002708.SZ,光洋股份,1001_1800,,0,2014-2015,11,,N
002719.SZ,ST麦趣,1001_1800,,0,2014-2015,11,,N
002722.SZ,物产金轮,1001_1800,,0,2014-2015,11,,N
002725.SZ,跃岭股份,1001_1800,,0,2014-2015,11,,N
300154.SZ,瑞凌股份,1001_1800,,0,2014-2015,11,,N
300161.SZ,华中数控,1001_1800,,0,2014-2015,11,,N
300169.SZ,天晟新材,1001_1800,,0,2014-2015,11,,N
300239.SZ,东宝生物,1001_1800,,0,2014-2015,11,,N
300241.SZ,瑞丰光电,1001_1800,,0,2014-2015,11,,N
300270.SZ,中威电子,1001_1800,,0,2014-2015,11,,N
300275.SZ,梅安森,1001_1800,,0,2014-2015,11,,N
300286.SZ,安科瑞,1001_1800,,0,2014-2015,11,,N
300372.SZ,欣泰退(退),1001_1800,,0,2014-2015,11,20170828,N
300375.SZ,鹏翎股份,1001_1800,,0,2014-2015,11,,N
600182.SH,S佳通,1001_1800,,0,2014-2015,11,,N
600615.SH,鑫源智造,1001_1800,,0,2014-2015,11,,N
600695.SH,退绿庭(退),1001_1800,,0,2014-2015,11,20220614,N
600714.SH,金瑞矿业,1001_1800,,0,2014-2015,11,,N
600822.SH,上海物贸,1001_1800,,0,2014-2015,11,,N
600891.SH,退秋林(退),1001_1800,,0,2014-2015,11,20210512,N
601996.SH,丰林集团,1001_1800,,0,2014-2015,11,,N
300917.SZ,特发服务,1001_1800,,0,2025-2026,10,,N
002300.SZ,太阳电缆,1001_1800,,0,2014-2015,9,,N
002412.SZ,汉森制药,1001_1800,,0,2014-2015,9,,N
002715.SZ,登云股份,1001_1800,,0,2014-2015,9,,N
002882.SZ,金龙羽,1001_1800,,0,2025-2026,9,,N
002896.SZ,中大力德,1001_1800,,0,2025-2026,9,,N
002965.SZ,祥鑫科技,1001_1800,,0,2025-2026,9,,N
300341.SZ,麦克奥迪,1001_1800,,0,2025-2026,9,,N
300385.SZ,ST雪浪,1001_1800,,0,2014-2015,9,,N
300387.SZ,富邦科技,1001_1800,,0,2014-2015,9,,N
300809.SZ,华辰装备,1001_1800,,0,2025-2026,9,,N
301000.SZ,肇民科技,1001_1800,,0,2025-2026,9,,N
301127.SZ,武汉天源,1001_1800,,0,2025-2026,9,,N
301263.SZ,泰恩康,1001_1800,,0,2025-2026,9,,N
301275.SZ,汉朔科技,1001_1800,,0,2025-2026,9,,N
301345.SZ,涛涛车业,1001_1800,,0,2025-2026,9,,N
301658.SZ,首航新能,1001_1800,,0,2025-2026,9,,N
301665.SZ,泰禾股份,1001_1800,,0,2025-2026,9,,N
301678.SZ,新恒汇,1001_1800,,0,2025-2026,9,,N
603014.SH,威高血净,1001_1800,,0,2025-2026,9,,N
603202.SH,天有为,1001_1800,,0,2025-2026,9,,N
603809.SH,豪能股份,1001_1800,,0,2025-2026,9,,N
605198.SH,安德利,1001_1800,,0,2025-2026,9,,N
688068.SH,热景生物,1001_1800,,0,2025-2026,9,,N
688182.SH,灿勤科技,1001_1800,,0,2025-2026,9,,N
688552.SH,航天南湖,1001_1800,,0,2025-2026,9,,N
688591.SH,泰凌微,1001_1800,,0,2025-2026,9,,N
688726.SH,拉普拉斯,1001_1800,,0,2025-2026,9,,N
301101.SZ,明月镜片,1001_1800,,0,2026-2026,8,,N
002866.SZ,传艺科技,1001_1800,,0,2023-2024,7,,N
688486.SH,龙迅股份,1001_1800,,0,2026-2026,7,,N
002380.SZ,科远智慧,1001_1800,,0,2016-2017,6,,N
301286.SZ,侨源股份,1001_1800,,0,2023-2024,6,,N
603262.SH,技源集团,1001_1800,,0,2025-2026,6,,N
000590.SZ,古汉医药,1001_1800,,0,2014-2015,5,,N
000635.SZ,英力特,1001_1800,,0,2014-2015,5,,N
000716.SZ,黑芝麻,1001_1800,,0,2014-2015,5,,N
002014.SZ,永新股份,1001_1800,,0,2014-2015,5,,N
002213.SZ,大为股份,1001_1800,,0,2014-2015,5,,N
002350.SZ,北京科锐,1001_1800,,0,2014-2015,5,,N
002473.SZ,圣莱退(退),1001_1800,,0,2014-2015,5,20220622,N
002623.SZ,亚玛顿,1001_1800,,0,2014-2015,5,,N
002637.SZ,赞宇科技,1001_1800,,0,2014-2015,5,,N
002661.SZ,克明食品,1001_1800,,0,2014-2015,5,,N
002674.SZ,兴业科技,1001_1800,,0,2014-2015,5,,N
002686.SZ,亿利达,1001_1800,,0,2014-2015,5,,N
002691.SZ,*ST冀凯,1001_1800,,0,2014-2015,5,,N
002692.SZ,远程股份,1001_1800,,0,2014-2015,5,,N
002718.SZ,友邦吊顶,1001_1800,,0,2014-2015,5,,N
002723.SZ,小崧股份,1001_1800,,0,2014-2015,5,,N
300106.SZ,西部牧业,1001_1800,,0,2014-2015,5,,N
300167.SZ,ST迪威迅,1001_1800,,0,2014-2015,5,,N
300196.SZ,长海股份,1001_1800,,0,2014-2015,5,,N
300240.SZ,飞力达,1001_1800,,0,2014-2015,5,,N
300306.SZ,远方信息,1001_1800,,0,2014-2015,5,,N
300371.SZ,汇中股份,1001_1800,,0,2014-2015,5,,N
600706.SH,曲江文旅,1001_1800,,0,2014-2015,5,,N
001382.SZ,新亚电缆,1001_1800,,0,2026-2026,4,,N
002827.SZ,高争民爆,1001_1800,,0,2026-2026,4,,N
000534.SZ,万泽股份,1001_1800,,0,2026-2026,3,,N
001233.SZ,海安集团,1001_1800,,0,2026-2026,3,,N
001359.SZ,平安电工,1001_1800,,0,2026-2026,3,,N
001369.SZ,双欣材料,1001_1800,,0,2026-2026,3,,N
002211.SZ,ST宏达,1001_1800,,0,2014-2015,3,,N
002330.SZ,得利斯,1001_1800,,0,2014-2015,3,,N
002922.SZ,伊戈尔,1001_1800,,0,2026-2026,3,,N
003010.SZ,若羽臣,1001_1800,,0,2026-2026,3,,N
300153.SZ,科泰电源,1001_1800,,0,2026-2026,3,,N
300680.SZ,隆盛科技,1001_1800,,0,2026-2026,3,,N
300969.SZ,恒帅股份,1001_1800,,0,2026-2026,3,,N
300990.SZ,同飞股份,1001_1800,,0,2026-2026,3,,N
301005.SZ,超捷股份,1001_1800,,0,2026-2026,3,,N
301196.SZ,唯科科技,1001_1800,,0,2026-2026,3,,N
301225.SZ,恒勃股份,1001_1800,,0,2026-2026,3,,N
301389.SZ,隆扬电子,1001_1800,,0,2026-2026,3,,N
301413.SZ,安培龙,1001_1800,,0,2026-2026,3,,N
301421.SZ,波长光电,1001_1800,,0,2026-2026,3,,N
301488.SZ,豪恩汽电,1001_1800,,0,2026-2026,3,,N
301563.SZ,云汉芯城,1001_1800,,0,2026-2026,3,,N
301584.SZ,建发致新,1001_1800,,0,2026-2026,3,,N
301632.SZ,广东建科,1001_1800,,0,2026-2026,3,,N
301662.SZ,宏工科技,1001_1800,,0,2026-2026,3,,N
601026.SH,道生天合,1001_1800,,0,2026-2026,3,,N
603248.SH,锡华科技,1001_1800,,0,2026-2026,3,,N
603319.SH,美湖股份,1001_1800,,0,2026-2026,3,,N
603376.SH,大明电子,1001_1800,,0,2026-2026,3,,N
603402.SH,陕西旅游,1001_1800,,0,2026-2026,3,,N
603406.SH,天富龙,1001_1800,,0,2026-2026,3,,N
603418.SH,友升股份,1001_1800,,0,2026-2026,3,,N
603950.SH,长源东谷,1001_1800,,0,2026-2026,3,,N
688353.SH,华盛锂电,1001_1800,,0,2026-2026,3,,N
688593.SH,新相微,1001_1800,,0,2026-2026,3,,N
688691.SH,灿芯股份,1001_1800,,0,2026-2026,3,,N
000526.SZ,学大教育,1001_1800,,0,2014-2014,2,,N
000622.SZ,恒立退(退),1001_1800,,0,2014-2014,2,20250716,N
002361.SZ,神剑股份,1001_1800,,0,2014-2014,2,,N
002417.SZ,深南退(退),1001_1800,,0,2014-2014,2,20230710,N
002620.SZ,*ST瑞和,1001_1800,,0,2014-2014,2,,N
002702.SZ,海欣食品,1001_1800,,0,2014-2014,2,,N
300022.SZ,吉峰科技,1001_1800,,0,2014-2014,2,,N
300099.SZ,尤洛卡,1001_1800,,0,2014-2014,2,,N
600097.SH,开创国际,1001_1800,,0,2014-2014,2,,N
600678.SH,ST金顶,1001_1800,,0,2014-2014,2,,N
600722.SH,金牛化工,1001_1800,,0,2014-2014,2,,N
600890.SH,退中房(退),1001_1800,,0,2014-2014,2,20220621,N
688001.SH,华兴源创,1001_1800,,0,2020-2026,69,,Y
002515.SZ,金字火腿,1001_1800,,0,2016-2022,66,,Y
300660.SZ,江苏雷利,1001_1800,,0,2017-2026,51,,Y
002125.SZ,湘潭电化,1001_1800,,0,2023-2026,39,,Y
605020.SH,永和股份,1001_1800,,0,2023-2026,39,,Y
688206.SH,概伦电子,1001_1800,,0,2023-2026,39,,Y
688337.SH,普源精电,1001_1800,,0,2023-2026,36,,Y
688383.SH,新益昌,1001_1800,,0,2022-2025,36,,Y
002655.SZ,共达电声,1001_1800,,0,2014-2018,35,,Y
002975.SZ,博杰股份,1001_1800,,0,2020-2023,30,,Y
300516.SZ,久之洋,1001_1800,,0,2016-2019,30,,Y
300576.SZ,容大感光,1001_1800,,0,2024-2026,27,,Y
605599.SH,菜百股份,1001_1800,,0,2024-2026,27,,Y
688515.SH,裕太微-U,1001_1800,,0,2024-2026,27,,Y
001269.SZ,欧晶科技,1001_1800,,0,2023-2025,24,,Y
603687.SH,大胜达,1001_1800,,0,2019-2021,24,,Y
603938.SH,三孚股份,1001_1800,,0,2022-2024,24,,Y
002980.SZ,华盛昌,1001_1800,,0,2020-2022,18,,Y
603773.SH,沃格光电,1001_1800,,0,2018-2020,18,,Y
688222.SH,成都先导,1001_1800,,0,2021-2022,18,,Y
688233.SH,神工股份,1001_1800,,0,2022-2023,18,,Y
603002.SH,宏昌电子,1001_1800,,0,2014-2016,17,,Y
301458.SZ,钧崴电子,1001_1800,,0,2025-2026,15,,Y
000880.SZ,潍柴重机,1001_1800,,0,2025-2026,9,,Y
688275.SH,万润新能,1001_1800,,0,2023-2024,6,,Y
301489.SZ,思泉新材,1001_1800,,0,2026-2026,3,,Y
688605.SH,先锋精科,1001_1800,,0,2026-2026,3,,Y
