to_combo,direction,1w_n,1w_mean,1w_median,1w_std,1w_win,1w_p25,1w_p75,2w_n,2w_mean,2w_median,2w_std,2w_win,2w_p25,2w_p75,1m_n,1m_mean,1m_median,1m_std,1m_win,1m_p25,1m_p75,2m_n,2m_mean,2m_median,2m_std,2m_win,2m_p25,2m_p75,events
无无无,升级,82371,0.004765563592408602,0.0008410428931875,0.06323092646734696,0.5039759138531765,-0.02771427899637375,0.031944233174458256,82119,0.007524193481730998,0.0,0.09013403756077551,0.49852043984948674,-0.041567412242822704,0.0457798932406835,81482,0.018259978871375128,0.0018382352941177,0.13836845029029254,0.5058663263051962,-0.060046189376443376,0.07303752418830245,80497,0.03857263040882093,0.006423944827586,0.2115765762218694,0.518305030001118,-0.0808356039963669,0.1133333333333332,82627
无无无,换挡,1408,0.007461795241903501,0.00214357112070935,0.06665883080061555,0.5213068181818182,-0.029759983864461426,0.0351771139502544,1406,0.011777051313692902,0.0008032820084178,0.09147081902708802,0.5049786628733998,-0.04050722955075932,0.04990432648825888,1405,0.030915265697679693,0.0037911927675706,0.1568653862027186,0.5124555160142349,-0.0596693026599567,0.0957324106113033,1399,0.05604459346934738,0.0195121951219512,0.2237248209507522,0.5553967119370979,-0.06817897094058135,0.12786175433581098,1409
无无无,降级,85393,0.004438864441578537,0.0,0.06544478705464706,0.494021758223742,-0.0294840294840295,0.0318396226415094,85153,0.009125327519898072,0.0011641443538998,0.09478756096484656,0.5041513510974364,-0.0419023136246787,0.048128342245989,84573,0.019670048727497787,0.0028943560057885,0.14825029409119037,0.5103520035945278,-0.0615716067581357,0.0762997974341659,83330,0.039546342512643495,0.0036315206763223,0.2262444350149801,0.5097563902556103,-0.0852111777650848,0.11499588324670976,85650
无无正,升级,14317,0.003765676326200071,-0.0004585052728105,0.08133816952350353,0.4936788433331005,-0.0398852971845672,0.0416666666666667,14307,0.007870484580078588,0.0,0.12221799502366562,0.49793807227231424,-0.056560750018839395,0.0595619319189445,14244,0.022328756798567898,-0.0022321873442949502,0.18495148524261754,0.4905925301881494,-0.07891372349470335,0.08600031387319522,14111,0.04435440236653059,-0.0021913805697588,0.26215442607002076,0.49337396357451635,-0.1026119402985076,0.1323328785811732,14327
无无正,换挡,711,0.007474088682674509,0.0,0.0786862420483429,0.4936708860759494,-0.0352424967411947,0.04451306594902055,711,0.006333311419207576,-0.0006410256410255,0.11509348232537549,0.49507735583684953,-0.054923334691234504,0.054330799061128754,710,0.010660704631501615,-0.008892122466190248,0.17311813705201756,0.47183098591549294,-0.0854842890688184,0.08933003214522076,709,0.028032575204997984,-0.0201196302338226,0.24899594183132184,0.45698166431593795,-0.1169354838709676,0.1073728171459575,712
无无正,降级,19286,0.004457324049348439,-0.0017953842186693,0.08426959543795738,0.48568910090220885,-0.044395558942642875,0.04487330241991917,19277,0.010616545487988896,-0.0012437810945272,0.12808794285814207,0.49276339679410697,-0.0595497458242556,0.0658965607771067,19214,0.023317665203938253,-0.0042724821335491,0.1935653078310816,0.485271156448423,-0.08554783435421408,0.09710517799352743,19144,0.04867232714731919,-0.002341024095285,0.2777782182331596,0.4934705390722942,-0.11118505408617363,0.14252900536474455,19297
无无负,升级,6128,0.006981085618667901,0.0018527767622832998,0.07828752601993194,0.5102806788511749,-0.031630277387383374,0.038821478292746674,6123,0.01629473625470621,0.0075528700906346,0.09995337014596767,0.5356851216723828,-0.0393643396616239,0.058605678667389347,6037,0.029521453396456444,0.0129779837775203,0.14213487469003097,0.5472917011760808,-0.0568499534016775,0.0956696878147032,5741,0.053158185314827244,0.0238532110091742,0.21391006719473696,0.5664518376589445,-0.0741379310344827,0.146551724137931,6131
无无负,换挡,367,0.005601798891973431,0.0072289156626503,0.07366415799474636,0.5449591280653951,-0.024663121506043703,0.038190469188189996,367,0.01752341007968419,0.0068285280728375,0.10846066982788674,0.5367847411444142,-0.033252775626965256,0.0628510363711525,366,0.028912845833779077,0.017317350889562398,0.14302898930026176,0.5491803278688525,-0.060672284707222954,0.10770430827392022,357,0.053069519799579565,0.0329593267882188,0.1881534962370389,0.5686274509803921,-0.078719723183391,0.1533586818757919,367
无无负,降级,4583,0.006936480344762473,0.0034682080924854,0.0727331067285988,0.5195286929958542,-0.030980066445182648,0.039980172695174246,4570,0.015144676149750656,0.010127767743661701,0.09767250198703702,0.5522975929978118,-0.03976698324971707,0.0641667774446232,4516,0.020952357896643663,0.0070921985815601,0.14474212854911947,0.524800708591674,-0.06325778129642307,0.08969633579502725,4323,0.03509821141072723,0.0090791180285343,0.2125556218425339,0.5244043488318297,-0.08657176565295165,0.11665731686278485,4589
无正无,升级,7435,0.00800520736884645,0.0007451564828615,0.0692991268146126,0.5034297242770679,-0.030901059270883602,0.03823308933768395,7417,0.013166440520299529,0.0018387181507748,0.09896497138444012,0.5089658891735203,-0.0422450211225106,0.053384912959381,7394,0.024618988328732508,0.00134431911516405,0.16201137401352894,0.5044630781714904,-0.06119646672044822,0.0806736583240317,7327,0.03355122822184121,-0.0053333333333331,0.2254175290519676,0.4850552750102361,-0.09574948586365295,0.1057488573370496,7459
无正无,换挡,613,0.00801432829249989,0.0021231422505307,0.058968577417804646,0.5220228384991843,-0.0246636771300448,0.0330788804071247,613,0.01551806432027177,0.0052092689060534,0.0887208759580258,0.5367047308319739,-0.0350877192982456,0.0533898305084745,613,0.03303684345791987,0.0151827071538859,0.13897082254883344,0.566068515497553,-0.0572755417956656,0.0991525423728814,599,0.0669088279696423,0.0197740112994349,0.24896453320531997,0.5609348914858097,-0.07151386234800519,0.1389905645030097,614
无正无,降级,13614,0.0033710038961847558,-0.0036546558880194997,0.06610607805473398,0.4624651094461584,-0.032694976984767275,0.0307271885762512,13558,0.008286843400373773,-0.00137409841018095,0.09440356183750373,0.4893789644490338,-0.04534193006220767,0.047152102517869623,13516,0.024013978850108513,0.0027235733282066,0.15430613118354716,0.5099141757916543,-0.060170866368933526,0.08019163474724544,13390,0.03968633216893835,-0.0022446817831344498,0.24175369521759496,0.4929798356982823,-0.09484651746452062,0.1190396542202965,13649
无正正,升级,11699,0.006292444918207743,-0.00164338537387,0.09004302086999587,0.4855970595777417,-0.0453124580259304,0.0457540296023438,11694,0.01153615260162731,-0.0034649181857395,0.13180452000299966,0.4835813237557722,-0.061352458198268046,0.06690467402194167,11677,0.023031148117366083,-0.0055594162612926,0.2042930068231886,0.479147041192087,-0.0892473118279568,0.0955315870570105,11636,0.0354043528299869,-0.016572986865209,0.285596670496999,0.46132691646613955,-0.12490018903016872,0.12281449328152817,11701
无正正,换挡,284,0.002545083370576279,-0.0019310958555810499,0.0802430513099512,0.4753521126760563,-0.04040253848740175,0.036177094143338195,283,0.010542104264087079,-0.0007955449482895,0.1180085540279249,0.4840989399293286,-0.05493496097658585,0.0547137375200278,282,0.01040455944198544,-0.0143404722776614,0.1685149728490553,0.45390070921985815,-0.0929156896569534,0.08034365409472487,281,0.028025776376855504,-0.0090763481046449,0.2439103845278901,0.47330960854092524,-0.1176531405460061,0.1385121249486232,284
无正正,降级,18602,0.008042064461869882,-0.002907570004746,0.09340814065341983,0.48059348457155143,-0.0458232390006801,0.0485487519604798,18596,0.016199479481070946,-0.00061003543173605,0.13613288648368638,0.4956442245644225,-0.06441078269125837,0.07281733268552112,18568,0.027502239964229444,-0.0031195774671442,0.2032398230494349,0.4883132270573029,-0.08659217877094966,0.10847448649332958,18516,0.04539335776238394,-0.0124103503381403,0.2912123771780158,0.472402246705552,-0.12429218118018916,0.14371257485029926,18612
无正负,升级,23,0.019205059476012674,0.0085034013605442,0.0471404683177076,0.6086956521739131,-0.010731878039479899,0.059733983361295595,23,0.04097467514190136,0.0376847290640394,0.06847979930789753,0.782608695652174,0.01317316945760025,0.06094233947515976,23,0.03978623953469017,0.0315236427320491,0.10983740373657844,0.6521739130434783,-0.0277170106302701,0.09150185017402601,19,0.05534395241701625,0.0450953045095305,0.11266887550428896,0.7368421052631579,0.0051549169977517986,0.1478202763242103,23
无正负,换挡,4,0.005264315020805925,0.013262445107613801,0.07198182358238583,0.5,-0.02554332006858291,0.04407008019700263,4,-0.022643128901968977,-0.0094063557907163,0.09097845192026857,0.5,-0.05573904064622626,0.023689555953540973,4,-0.020386539650225573,-0.03297750309693145,0.05867757391327457,0.25,-0.06462405091171242,0.011260008164555399,3,-0.06893282090009197,-0.0339750849377123,0.06872930222532957,0.0,-0.09104458018734735,-0.02934219363164675,4
无正负,降级,55,0.01059852406276606,0.007830626450116,0.05158416930404273,0.6909090909090909,-0.0219180713633963,0.0404043604085746,55,0.018661504664320445,0.0211764705882353,0.0577209982325692,0.6,-0.01178817135919515,0.0494600844763192,55,0.0006723037054759307,0.0151515151515151,0.07442880609207747,0.5636363636363636,-0.036331984462948844,0.0412300813530751,31,0.027082942629363744,0.0144817073170731,0.13908617458156008,0.5161290322580645,-0.0528951020515624,0.10305137643861635,55
无负无,升级,11374,0.008095878566881182,0.0044314016407749,0.062448377733417916,0.5378934411816424,-0.0248811365987027,0.0353135956369302,11364,0.012593468313232286,0.00441649335459095,0.09170529021720816,0.5272791270679338,-0.0368104363968471,0.051804009888023576,11362,0.030456286450036358,0.01361847323751215,0.15021454408071203,0.5575602886815701,-0.0483416243856032,0.08583190143395422,11184,0.04924991771301218,0.021062521269090348,0.22401645247979735,0.5648247496423462,-0.06326291929985356,0.1182348439599819,11376
无负无,换挡,804,0.007178261378917008,0.0025873610925157,0.06551039528145426,0.5236318407960199,-0.025697834010268775,0.0353357162881973,803,0.00375122794383461,0.0,0.09190028443766624,0.49937733499377335,-0.04422294328432725,0.04739261276942215,801,0.017633758432514097,0.0079491255961843,0.13076730971469377,0.5205992509363296,-0.0513513513513514,0.0762790697674418,788,0.03817201883214688,0.020606208577929247,0.16812741441780857,0.5761421319796954,-0.06303274536154294,0.12115909242131875,805
无负无,降级,8192,0.002539118455709302,0.00083373299692075,0.06215873196296019,0.50390625,-0.029653203877047174,0.032376078765481625,8182,0.009933115083357971,0.00233535781914,0.08899410546229415,0.5107553165485211,-0.039700206176256574,0.04871981433850948,8174,0.020057999805315602,0.00601450042299585,0.13221355434161972,0.5220210423293369,-0.055255147151698825,0.07632005035197785,8068,0.04223299959811047,0.0160974532146641,0.20874164553308125,0.5508180466038671,-0.06958538962926303,0.1160771462402123,8202
无负正,升级,619,-0.001136375411343707,-0.0014285714285714,0.0897761790229747,0.4862681744749596,-0.0440680947550924,0.0411384382402961,619,-0.004746144722009066,-0.0072222222222223,0.13501264466861396,0.47334410339256866,-0.07351039734626905,0.07031066635942845,619,0.016574420731279595,-0.0051413881748072,0.17142077012749932,0.4781906300484653,-0.07869861854200855,0.09218357471632585,606,0.03168386952774828,-8.98525519849e-05,0.23833297949148416,0.49834983498349833,-0.10864427368811236,0.1148645411591055,619
无负正,换挡,57,-0.009771102364264112,-0.0064477130767681,0.0656234697643956,0.45614035087719296,-0.049938800489596,0.0163850486431131,56,-0.014222827757472604,-0.015604370967809148,0.13305714911267807,0.42857142857142855,-0.07370455112388666,0.041166521601519276,56,-0.027435556113897284,-0.0503741967828413,0.15727058148748427,0.42857142857142855,-0.10419476105616195,0.06959250487604325,55,0.004083815615346184,-0.0263866654717668,0.19985029772413984,0.45454545454545453,-0.12007468387859666,0.06366958148487731,57
无负正,降级,758,0.0054433725354517655,0.0019045755937582998,0.10619134033256569,0.5092348284960422,-0.04709570024817902,0.05119377101514285,758,0.007430946983216165,0.008751026834611101,0.14567507265212154,0.5369393139841688,-0.06655441779001313,0.08051920438437575,758,0.01264895484285449,-0.0046955121015625,0.18272960631260673,0.48284960422163586,-0.09286260702330638,0.1033922218132744,748,0.029861892765276135,-0.017079475020945548,0.2916651935895365,0.45454545454545453,-0.1200155086848634,0.11198161968152082,758
无负负,升级,5426,0.010862412764542657,0.0044740011409496,0.06979538561708723,0.5307777368227055,-0.02698795389591405,0.040919222547796376,5425,0.018921807603378457,0.0080695220360025,0.10114700348535265,0.5421198156682028,-0.0382022471910112,0.0627476882430646,5422,0.04872488822605297,0.0295559663071184,0.14737581505325362,0.6099225378089266,-0.04076455849307515,0.10887849967083965,5243,0.06793444944447986,0.0409556313993173,0.22573807661786421,0.6234979973297731,-0.04686831087935455,0.1446650563059233,5426
无负负,换挡,213,0.019338657887458505,0.0163461538461537,0.08424405243178862,0.5821596244131455,-0.0267087276550997,0.0549544419134397,213,0.026648346192787935,0.0156657963446475,0.11543096093329924,0.5774647887323944,-0.040843214756258,0.0769230769230766,213,0.030477228154097907,0.0249221183800623,0.15328085714118161,0.5586854460093896,-0.0521928234867705,0.1024890190336751,200,0.041106957517722344,0.0315016098186835,0.16132799244385654,0.57,-0.06492676819647378,0.13052568250112606,213
无负负,降级,3718,0.0013071728912513003,0.0009435792313753,0.06985347425963781,0.5026896180742335,-0.03380355322813053,0.0353602437691347,3718,0.015675074798415522,0.01045920847919075,0.09244124145132017,0.5540613232920926,-0.03759313364934075,0.06050530692210575,3716,0.025988939335071133,0.01504735358645835,0.1298708823004184,0.5597416576964478,-0.05306269188387505,0.09128282462272998,3576,0.03737016159336083,0.016352843752712003,0.17869539791261113,0.5441834451901566,-0.07089013632718509,0.11650596314154057,3721
正无无,升级,63117,0.006273960583247245,0.0,0.06634885156416889,0.498138377933045,-0.0275111964171466,0.0303030303030302,62961,0.010940989959843366,0.0031645569620253,0.0929684481457906,0.519051476310732,-0.0386965376782078,0.0476481368356751,62424,0.023782898890133273,0.0070796460176991,0.14819155111830723,0.5285787517621428,-0.057026253865334296,0.07989042538985407,61522,0.04413001153800521,0.0092348086415435,0.22258712052545435,0.5258281590325412,-0.07929725016604827,0.11971391942678507,63249
正无无,换挡,846,0.00610527131884738,0.0007740037812851,0.05970023428863942,0.5035460992907801,-0.026830615690658248,0.03423539001107835,846,0.009707025396742073,0.006238554426201,0.08648806197528026,0.549645390070922,-0.03695571678831562,0.045373518858477874,845,0.017280833976383133,0.0030211480362538,0.14410444377383927,0.5124260355029586,-0.0587071240105541,0.0736589271417131,818,0.04129676982009891,0.0080986629525785,0.20269241658437212,0.5281173594132029,-0.0620879665085552,0.11357597039005415,846
正无无,降级,4121,0.0022209730420791585,-0.0050107372942018,0.0664141686512818,0.4528027177869449,-0.0324947589098532,0.0288725939505041,4111,0.009542160730709933,0.0012995451591941,0.0906822629354999,0.5071758696180978,-0.04023673297241675,0.046964341112854247,4104,0.01615616554864506,0.0034547861374536,0.13716919088903873,0.5129142300194932,-0.06330463944549153,0.07781186205504087,4048,0.03522426582514004,0.0,0.2134776112378863,0.49728260869565216,-0.09017639600313845,0.1149724414270967,4133
正无正,升级,8075,0.005167915888187625,0.0,0.0805455866771742,0.49808049535603716,-0.03916712952300945,0.03948118618465135,8064,0.013097024591122195,0.0031875930243780498,0.11740091019291433,0.5146329365079365,-0.05384348624111623,0.06434304397329438,7987,0.028737176314684646,0.0053720652606448,0.17642241607785106,0.5170902716914987,-0.07754544155268994,0.1043410424759235,7931,0.0702394154444385,0.0158608339728829,0.2784467496842811,0.5394023452275879,-0.09154179319370176,0.16560127336810165,8086
正无正,换挡,369,0.009000797669025652,0.0007326007326007,0.08877194936497697,0.5013550135501355,-0.0385128472826401,0.0443037974683544,367,0.01614301262649041,0.001254705144291,0.13180793289395262,0.5040871934604905,-0.045952556313833354,0.058365068799581005,366,0.02801161373490578,-0.00062068758090835,0.19387874268112953,0.4918032786885246,-0.0732622580600468,0.08856148429998928,364,0.06792216050635545,0.0154019054430283,0.2854261959011286,0.521978021978022,-0.11309660019614255,0.1500159369962501,369
正无正,降级,1091,0.0038940579159034497,-0.0012987012987011,0.07967532442131074,0.4912923923006416,-0.04170789502384465,0.041350656312374945,1089,0.018812203886277093,0.0063694267515923,0.12079499271757535,0.527089072543618,-0.0458681509999999,0.0684192787327266,1084,0.04007495289453353,0.0119192900193578,0.187474908773182,0.5341328413284133,-0.07074852470220218,0.12037354600383518,1076,0.06435239035846933,0.01136818919497555,0.26882716214825036,0.5278810408921933,-0.10098233017971657,0.17324879428208378,1091
正无负,升级,2083,0.012304022021723515,0.0,0.09216674150333588,0.49639942390782527,-0.03495738465537225,0.039400747134122505,2081,0.018518797762443508,0.0106524633821571,0.09731538034911842,0.5598270062469967,-0.0379746835443038,0.0610997963340123,2074,0.03799179577984392,0.019116449333721752,0.1529777728021956,0.5602700096432015,-0.054828299591493476,0.10882897654461425,2006,0.04697249992300775,0.016155940391386202,0.21101667222737489,0.53938185443669,-0.0748844663088849,0.13410094004356296,2083
正无负,换挡,17,0.06644520707915505,0.064139941690962,0.09456833859091637,0.7647058823529411,0.0041249263406009,0.084870848708487,17,0.05795545768941437,0.0506776664702415,0.1181840904302209,0.7647058823529411,0.0161380077907624,0.0764790764790765,17,0.06906216104416572,0.0331890331890332,0.18262948315544406,0.7058823529411765,-0.0126336248785228,0.1154708520179372,16,0.037961037723949285,-0.0039989689405382,0.3066087124105266,0.4375,-0.12055156557396474,0.1312992496446339,17
正无负,降级,61,0.004515749932140596,0.0015128593040847,0.07895201162178939,0.5245901639344263,-0.0483612682822676,0.0503211991434688,61,0.035757485222119606,0.0246791707798617,0.13010378115430865,0.5901639344262295,-0.0358974358974359,0.0695915279878971,61,0.027847640555215925,0.0186170212765959,0.14017624139616844,0.5573770491803278,-0.0632218844984802,0.1033145275035258,60,0.038924349112637174,0.02324582983608765,0.17468704035162347,0.5666666666666667,-0.045749580828293654,0.08889804502512508,61
正正无,升级,26088,0.008431654799220163,-0.0015686361354711,0.07708728564591348,0.48294234897270777,-0.031849029985038746,0.034209056621095225,25996,0.013350213638047436,0.00165044100742545,0.10730459654411864,0.50715494691491,-0.0420712535417251,0.049910452791241997,25896,0.023974109450498323,0.00308827197628865,0.1582347842414226,0.5111986407167131,-0.062047629846050396,0.07959463414512202,25611,0.0422089907982051,0.003922757872784,0.24073130224923756,0.5093904962711335,-0.09078218458672965,0.12128675742574264,26135
正正无,换挡,303,0.01020544715855952,0.000466309162975,0.07822329086158039,0.504950495049505,-0.03078753686370035,0.03981287287068555,299,0.014082984710988417,0.0063829787234042,0.08974721036459621,0.5284280936454849,-0.035874197811177594,0.049267605459555844,299,0.03605005543959072,0.0203703703703705,0.15725109148884886,0.5785953177257525,-0.05957581643969605,0.10314393719853415,298,0.06478587027695747,0.021528754422814052,0.23480418868967456,0.540268456375839,-0.08522014296386524,0.15037772559543777,303
正正无,降级,1191,-0.00415327515828726,-0.0096834264432031,0.08258257944782893,0.42233417296389586,-0.04955933805601505,0.0288540317678462,1177,0.00525269624977578,-0.0098268600842302,0.1125627053529503,0.44519966015293116,-0.0563230605738575,0.0466856735566643,1175,0.023391383743734152,-0.0041436464088397,0.18579431124967302,0.4808510638297872,-0.0736476608187134,0.07666511574237775,1167,0.053679853708505,-0.006072874493927,0.2857259782094207,0.4824335904027421,-0.09616365167300366,0.11441940965691395,1191
正正正,升级,30505,0.009953556405170287,-0.0013131976362442,0.10121619332635845,0.48936239960662187,-0.0452488687782804,0.0491735537190083,30486,0.020044090134707617,0.0011750391200293,0.1432910591095483,0.5037394213737453,-0.059212341030951826,0.07311006077350155,30419,0.03258732541371194,0.0008375209380235,0.20732595322049077,0.5016272724284164,-0.08483916915266454,0.10981320507856115,30317,0.05548117834693049,-0.0032563158501441,0.2974390305907835,0.49249595936273377,-0.1164062499999999,0.1515151515151516,30528
正正负,升级,205,0.02692723547374054,0.0095923261390886,0.09446275323871914,0.5463414634146342,-0.0306925498426021,0.0554631170271771,205,0.02547939291382997,0.0182868629581152,0.08779440830937438,0.5853658536585366,-0.0215384615384616,0.0598892803220934,205,0.02691281173265012,0.0281690140845072,0.11693392322951884,0.5902439024390244,-0.048268625393494,0.1008522727272727,174,0.0561420466835299,0.048439290474965604,0.16172792745118944,0.6206896551724138,-0.04851503982879553,0.14655710984179482,205
正正负,换挡,1,-0.0250737463126843,-0.0250737463126843,,0.0,-0.0250737463126843,-0.0250737463126843,1,-0.0663716814159292,-0.0663716814159292,,0.0,-0.0663716814159292,-0.0663716814159292,1,-0.0958702064896755,-0.0958702064896755,,0.0,-0.0958702064896755,-0.0958702064896755,1,-0.0884955752212389,-0.0884955752212389,,0.0,-0.0884955752212389,-0.0884955752212389,1
正正负,降级,14,0.004141323816006021,0.01028209256525595,0.04343806368743092,0.6428571428571429,-0.01474266118529555,0.026170524974417228,14,0.021307322802056067,0.02486773792774325,0.05275419750730165,0.5714285714285714,-0.018652859883333976,0.055935425919594696,14,0.0065186714438211215,0.0212992856412428,0.07531771687974696,0.5714285714285714,-0.026870670624952277,0.0420105648272512,11,0.015290119771150882,0.0349854227405248,0.10613900713672653,0.6363636363636364,-0.03902243276044305,0.08366743712574845,14
正负无,升级,1257,0.010122866806799769,0.0063897763578273,0.06325028758074927,0.5568814638027049,-0.0228310502283106,0.0395791583166331,1257,0.02359859798304615,0.0157756354075371,0.09707707097428006,0.6062052505966588,-0.0289256198347108,0.0651147263389579,1257,0.050145469856854266,0.0352272727272726,0.14183902005058546,0.6459824980111376,-0.0285714285714284,0.1140142517814726,1251,0.06020988037908032,0.0407816482582839,0.18428826887785363,0.6147082334132694,-0.0509150441374746,0.1379997649306146,1257
正负无,换挡,6,-0.06196918261796661,-0.04501827890855355,0.08025050149105876,0.16666666666666666,-0.07867405582922828,-0.023634046011559575,6,-0.013029356344187332,-0.009174343327661351,0.034983700802669306,0.5,-0.027547261167950674,0.011342851573660426,6,0.04862223838902488,0.0438629698491499,0.05867231651448842,0.6666666666666666,0.002757252326217924,0.0809263693504939,6,0.07177362930878121,0.0423555267329586,0.12382928566102688,0.6666666666666666,-0.007756817494273677,0.141286292996109,6
正负无,降级,17,0.0025631996003829057,0.0085836909871244,0.06816333275739378,0.6470588235294118,-0.008116883116883,0.0287443267776095,17,0.016341218178360234,0.0103004291845494,0.10014943537150553,0.6470588235294118,-0.0146103896103895,0.079726651480638,17,0.019209676615397443,0.020583190394511,0.10514994945832164,0.5882352941176471,-0.0608108108108108,0.0724919093851133,17,0.016741189410437746,0.0323624595469256,0.22117389384267938,0.5882352941176471,-0.1339449515151515,0.1487603305785125,17
正负正,升级,12,0.03737368115384089,-0.0037172060572953,0.08961566795400841,0.5,-0.022693645779181752,0.085917918754112,12,0.03227539130905061,0.02205190875000735,0.14284161170702292,0.5833333333333334,-0.03928430816071888,0.052295524243142724,12,-0.048658788687074926,-0.01830557639488095,0.15834664664631168,0.4166666666666667,-0.10279455201402903,0.049461257129396,11,0.019750537598078904,-0.053704962610469,0.26679143605452643,0.36363636363636365,-0.0855487342720333,0.1395931803806566,12
正负负,升级,1042,0.008591127794086691,0.00405256569275995,0.07144019757687187,0.5335892514395394,-0.02942131246737525,0.048276532835356295,1042,0.024416436437973046,0.0140902807394226,0.09623097879593151,0.5671785028790787,-0.028883216957168275,0.06825306362262877,1042,0.06423837249021681,0.0316886277641511,0.1516249838709038,0.6401151631477927,-0.026599156875183848,0.14092548076923067,1030,0.06732422726321745,0.04394632973542105,0.18315917969955203,0.6213592233009708,-0.047619047619047554,0.14897771247411057,1042
正负负,换挡,4,0.06813596499460794,0.0545956145570094,0.12348650340903602,0.75,-0.004798451883670299,0.12753003143528763,4,0.08912195048751168,0.09372103808769891,0.07941925113827125,1.0,0.030353627575887852,0.15248936099932273,4,0.1060689069649326,0.11533911289540541,0.048937472436182496,1.0,0.08266987690960509,0.13873814295073292,4,0.1278879084002169,0.15177409347577406,0.19855337410330035,0.75,0.01733740091790263,0.26232460095808835,4
正负负,降级,12,-0.013995949965482965,-0.0010711577350859497,0.07245884071227518,0.5,-0.03461402068012995,0.022888905445101776,12,0.05823530926891276,0.0734681083193564,0.07946096591554422,0.6666666666666666,-0.00624999999999995,0.10916251964379263,12,0.09746398110033681,0.080208242761499,0.08250149563724751,0.9166666666666666,0.06550967959594753,0.1533786671049387,12,0.0664336258246992,0.09419388118075339,0.12466528823157841,0.75,0.008493853132601452,0.16104431443845368,12
负无无,升级,5223,0.011140210246806793,0.0075566750629723,0.06917979381555531,0.5586827493777522,-0.0259639729784178,0.0454686793701767,5209,0.014948431141004468,0.0092470277410832,0.09545072702710454,0.5553849107314264,-0.0345842531272994,0.0541012216404885,5203,0.030586344810077964,0.0135304434978704,0.1333137856683222,0.5560253699788583,-0.0470672153342047,0.0906852522231841,5116,0.04422476224787834,0.01754483471227605,0.18869163509146197,0.5512118842845973,-0.06890898473299507,0.1240445580715852,5231
负无无,换挡,1347,0.003935576443014401,0.0034722222222223,0.08965443123777239,0.5300668151447662,-0.0360963211993501,0.044424470644284245,1339,0.011152288045085524,0.0034246575342467,0.10876197306044631,0.5175504107542942,-0.042266100992057146,0.0558358849777732,1338,0.026627618951496825,0.0093094493747478,0.1565755213914597,0.5418535127055306,-0.06268737505785345,0.09120921618022598,1321,0.050972797692778106,0.0215477996965096,0.22753855194800698,0.5616956850870553,-0.0794408455506306,0.1378640776699029,1347
负无无,降级,67717,0.0032224005014592043,0.0,0.0630755827194109,0.49607927108407046,-0.02879177377892,0.0311300639658849,67418,0.006214376283482608,-0.0011702185790738,0.08921716035913824,0.48878637752529,-0.04172731390841127,0.0443108570001613,66869,0.01623214576390299,-0.0007155635062611,0.13791453566937337,0.49429481523575947,-0.06000439632781,0.0699588477366255,66398,0.035370812385137375,0.00206208932020985,0.21163139731956743,0.5051206361637399,-0.08374089612746588,0.11102266245532375,68098
负无正,升级,265,-0.0185839869690612,-0.007906976744186,0.11324278702620635,0.45660377358490567,-0.060845070422535,0.0445544554455443,265,-0.03488861098005943,-0.0008025682182987,0.16027034629406156,0.49056603773584906,-0.11541946004711,0.0531088082901554,265,0.0008868647882152307,-0.0029531192321888,0.1809963314986532,0.49433962264150944,-0.100263852242744,0.094193548387097,263,-0.006319332235405161,-0.0221054538865737,0.26003879014016384,0.43346007604562736,-0.16397562407337601,0.081531172425415,265
负无正,换挡,56,0.01671163462212923,0.03052879243894585,0.11027857386688689,0.6071428571428571,-0.0293418749048518,0.06927607098813274,56,-0.00869341231271056,-0.002003089391751,0.14456092970567194,0.4642857142857143,-0.10374074727449942,0.05472389991371868,56,0.0347296877858387,-0.00027400975832274983,0.21041243998427722,0.5,-0.10048503558543423,0.1268800452530641,55,0.0819142267704705,0.0333969465648853,0.36182872016696516,0.5454545454545454,-0.11634398338732879,0.1941949702052272,56
负无正,降级,6270,0.009120995877753542,0.00490055730143555,0.08450359578437577,0.5318979266347688,-0.03416862196918453,0.0518554085455494,6270,0.010506274183956435,0.00273778946579545,0.12435321351758857,0.5127591706539075,-0.05426644969537332,0.06494419188463665,6254,0.023224141708216236,-0.0014290624126754,0.18950193258850087,0.49552286536616563,-0.077949196974719,0.09111799653365588,6242,0.03868769083822657,-0.00809601336057265,0.27436102363287007,0.4804549823774431,-0.11433057805351546,0.13046974355350544,6274
负无负,升级,711,0.010392360772526602,0.0046296296296295,0.07966358929451746,0.5344585091420534,-0.0314677326837645,0.0436312933104933,711,0.022911056492897947,0.0072115384615385,0.11645860785656904,0.530239099859353,-0.0454615772366202,0.064205325597999,704,0.04222582272426276,0.0100684361000428,0.15187433432734862,0.5397727272727273,-0.05987630843450355,0.1164568029757169,675,0.05334665685879222,0.0276439790575915,0.19688086462061927,0.5644444444444444,-0.07728488165235535,0.150847265080103,711
负无负,换挡,406,0.008260062535810268,0.0065479935697308495,0.08621966114470639,0.5443349753694581,-0.0331739886871993,0.05347326454033757,406,0.009685223391274221,0.0011303177909851,0.11222381595509677,0.5024630541871922,-0.04962229278821102,0.06248541170719715,406,0.02901124407827366,0.0106020526556912,0.15533849863835802,0.5369458128078818,-0.0732667557066536,0.11179989168509785,393,0.06959537901311334,0.0190190190190191,0.23233316322589515,0.544529262086514,-0.0661084178052004,0.1472868217054266,408
负无负,降级,3558,0.006891524131446236,0.00176552149769845,0.07712277796735623,0.5073074761101742,-0.03269712469478828,0.0416592208720515,3525,0.016888650759890867,0.0048330404217926,0.11080826423496695,0.5231205673758865,-0.0442163442558231,0.0640623861234603,3419,0.025794423021574395,0.0044510385756675,0.15505636732226552,0.5147704007019597,-0.06677034733022286,0.09555887552510631,3298,0.05762610873547943,0.01889007112904645,0.24255931331595793,0.5439660400242571,-0.08623003308325958,0.1548946718216793,3573
负正无,升级,7,-0.0207967863693338,-0.0334608030592736,0.05570034583401299,0.42857142857142855,-0.058323756337696,0.00368689018142835,7,-0.010358286404481358,0.0009963360545091,0.03371858723743849,0.5714285714285714,-0.03483387322060095,0.0113523006560052,7,0.060496794376902426,0.0485053581500281,0.09110341169757091,0.8571428571428571,0.022759099549290396,0.10319636350517686,7,0.007317455412110654,-0.002868068833652,0.06960955962758585,0.42857142857142855,-0.0404420141262246,0.06399433531964975,7
负正无,换挡,4,0.0031175898590815494,0.01061654818536525,0.02922598612096402,0.75,-0.004284744588472826,0.018018882632919623,4,-0.007447801914819103,0.0158112405794003,0.08838223832950316,0.75,-0.024594520686024857,0.03295795935060605,4,-0.07030610301558854,-0.0832453631941846,0.1810717802897322,0.5,-0.20295781969820276,0.04940635348842963,4,0.04322958055874323,0.10166898284248226,0.23959733441237172,0.75,-0.04370235969742081,0.18860092309864632,4
负正无,降级,1680,0.017894064053667613,0.00842400946185675,0.06952062259510994,0.5791666666666667,-0.022609162831482427,0.04704082077876738,1676,0.028488791372438472,0.016759651014877502,0.106509895056702,0.5966587112171837,-0.031767605633802626,0.07048379313654404,1675,0.07051220640939507,0.0350877192982457,0.19612273168705913,0.6149253731343284,-0.041433236708181956,0.13740580794833565,1671,0.064936890303198,0.0189504373177842,0.24287930607069888,0.5511669658886894,-0.0705724543338461,0.147248813614793,1684
负正正,升级,25,0.014102960069633609,-0.0296724470134874,0.1291487346828771,0.4,-0.0524669909659486,0.0210785445034231,25,0.029848570590306274,0.0007830853563037,0.15939926745925936,0.52,-0.0442477876106194,0.06280193236715,25,0.056712186697000566,-0.0226190476190476,0.3383726508843017,0.36,-0.1150442477876106,0.0497351383166571,25,0.07116792686094725,-0.0797619047619048,0.5793406500830642,0.4,-0.1515454457606915,0.0872689938398356,25
负正正,换挡,5,0.00847931814978068,0.003072196620584,0.03353677326614479,0.6,-0.001953125,0.0243111831442466,5,0.006563663388852658,0.0036127167630057,0.03215001631011568,0.6,-0.0168970814132104,0.0244618395303326,5,0.02064882774223962,-0.0078277886497064,0.06799862939543787,0.4,-0.0322580645161288,0.0505780346820807,5,-0.007020670632588264,-0.017578125,0.11187502963726678,0.2,-0.0522273425499231,-0.0009261403102567,5
负正正,降级,3404,0.020057229666652396,0.006243043276148099,0.10550476238064263,0.5455346650998825,-0.03566052694100873,0.06042880639501155,3403,0.019982062719565725,0.0047732696897375,0.1419770548966282,0.515133705553923,-0.0579331597683438,0.07907415371435475,3400,0.0334410102188307,-0.0006058409844960999,0.22825962900315108,0.4973529411764706,-0.08732460985945449,0.1203155818540433,3398,0.03708725795147803,-0.0179703671611204,0.2873737008561441,0.46674514420247204,-0.1326700057446502,0.1316566703017084,3405
负正负,降级,2,0.05437047342635,0.05437047342635,0.021918220301650467,1.0,0.04662121232293115,0.06211973452976885,2,0.05666870806262635,0.05666870806262635,0.027649012359475155,1.0,0.04689330599637857,0.06644411012887412,2,0.02184571040579405,0.02184571040579405,0.015455487245886513,1.0,0.016381370486739776,0.027310050324848324,1,0.1707317073170731,0.1707317073170731,,1.0,0.1707317073170731,0.1707317073170731,2
负负无,升级,1102,0.029686023263535734,0.0273680626903599,0.08438830740539278,0.6388384754990926,-0.020829987646074702,0.06958201058201058,1100,0.04989174789906522,0.0447494192721542,0.1089073364104491,0.6863636363636364,-0.016524490392682424,0.10264735264735265,1100,0.08806207102553996,0.07067940169399894,0.1619438895124731,0.72,-0.009823241987451825,0.16551547272213182,1080,0.07698894203617927,0.06706997145112545,0.187309607534456,0.6592592592592592,-0.03750975273416748,0.1606466211871978,1102
负负无,换挡,235,0.033087676954909814,0.0250569476082003,0.09106733874046678,0.6170212765957447,-0.0250908626549576,0.08352555993749525,235,0.038687252900719775,0.0149253731343284,0.13245473715719852,0.5787234042553191,-0.0369561447245766,0.0845143787906583,235,0.09250438329869798,0.0785413744740533,0.2891497736689991,0.6595744680851063,-0.0323325635103926,0.1496703910462687,226,0.13907644645899633,0.06744315666462035,0.49140858422296124,0.6548672566371682,-0.054328621908127074,0.20860004741583676,235
负负无,降级,26035,0.00342667851864879,0.0022779043280183,0.06408932966151898,0.5147685807566738,-0.02951711078769655,0.03456505660806735,25957,0.008367366946965838,0.0025940337224383,0.09176717053177412,0.5143121316022653,-0.0405759162303663,0.0482333146382503,25936,0.022250901828230064,0.007718412746345649,0.13957553331757447,0.5330043183220234,-0.0535230247381131,0.0770652936168936,25670,0.041096977597756934,0.0135135135135135,0.20183442420212586,0.5401636151149202,-0.07203923564760495,0.11361604778760724,26108
负负正,升级,14,-0.014287198606584098,-0.0273702322963383,0.08819811939508841,0.42857142857142855,-0.0694995641786621,0.0190307101727447,14,-0.029079504054031518,-0.0490809038331111,0.11093958439080981,0.2857142857142857,-0.09680460911942902,0.035513100436681225,14,-0.07442814281340139,-0.09163216342199065,0.10661969704734638,0.2857142857142857,-0.1333705216602336,0.0015095540894219247,14,-0.050739412272644634,-0.0824658757281294,0.19636781485068877,0.21428571428571427,-0.1475904716366596,-0.028642535846508225,14
负负正,换挡,4,-0.06700722015756046,-0.0844861384283285,0.3155908638674467,0.5,-0.2841936626187962,0.13270030403290722,4,-0.09112140049630023,-0.021267018800574,0.30855200351253226,0.5,-0.20824876535785974,0.0958603460609855,4,0.15352868716866364,0.24967916331336246,0.2531621317702836,0.75,0.0962431918330271,0.306964658648999,3,-0.14515065576490185,-0.0973282442748091,0.1610499883801979,0.0,-0.21101192361575727,-0.055378182169000104,4
负负正,降级,1511,-0.006160521192840142,-0.0006393861892581,0.1059702421210597,0.4937127729980146,-0.05676822215710545,0.04782231016548184,1510,-0.015901892816918995,-0.00680523617007645,0.15043888241949888,0.4774834437086093,-0.08256219092441325,0.06141729234343742,1510,-0.00037955829316537143,-0.0121124264728766,0.18655112024893925,0.45827814569536424,-0.10221848130554842,0.0820054112049262,1486,0.013014556143530285,-0.0187276403058335,0.27127825651537263,0.4616419919246299,-0.14007044292193382,0.11027765482052618,1512
负负负,降级,11708,0.007618551373050144,0.00339896351108465,0.0769337036196284,0.5233173898189273,-0.03426810152333015,0.04258983105232815,11705,0.019766617635924,0.0073732718894008,0.10877061599221571,0.5391712943186673,-0.039971448965025,0.0634605850272682,11693,0.04136306084060188,0.0224032586558042,0.14628308334149162,0.5826562900880868,-0.0450704225352112,0.1034288012459032,11349,0.06431209966987284,0.0359828141783029,0.20637399682318291,0.5997885276235791,-0.0530973451327431,0.1431254695717505,11729
