kind,date,pool_size,eval_pool,rho_bar,n_eff,top_category_l1_share,top_category_l2_share,n_categories_l1,n_categories_l2
state,2015-01-08,32,25,0.3336143029092876,2.7756980798778303,0.84375,0.15625,2,16
state,2015-01-15,21,16,0.420050903144659,2.191551595476934,0.9523809523809523,0.23809523809523808,2,11
state,2015-01-22,26,21,0.409833317158442,2.283436107867338,0.9615384615384616,0.5,2,9
state,2015-01-29,29,20,0.43790397291192135,2.1458823421820323,1.0,0.27586206896551724,1,10
state,2015-02-05,15,11,0.5077909253369898,1.809832878617108,0.9333333333333333,0.26666666666666666,2,8
state,2015-02-12,18,16,0.40404606256605663,2.266067179456496,1.0,0.4444444444444444,1,8
state,2015-02-26,41,32,0.3794223066801961,2.5074259953575933,0.8048780487804879,0.24390243902439024,2,15
state,2015-03-05,32,25,0.37957759391183227,2.4728329004082705,0.90625,0.21875,2,14
state,2015-03-12,19,16,0.39917999828452616,2.2897376903587414,0.8947368421052632,0.21052631578947367,2,12
state,2015-03-19,39,33,0.3404376700919651,2.774506885700142,0.7948717948717948,0.28205128205128205,2,15
state,2015-03-26,30,24,0.35727759856455577,2.60377543161312,0.8333333333333334,0.23333333333333334,2,14
state,2015-04-02,31,24,0.3476230916930629,2.6680507598154373,0.8387096774193549,0.16129032258064516,2,15
state,2015-04-10,33,27,0.2955822246804791,3.108758950305682,0.7575757575757576,0.30303030303030304,2,15
state,2015-04-17,19,14,0.3744843830012422,2.3857006641042857,0.7368421052631579,0.2631578947368421,2,12
state,2015-04-24,23,17,0.3031210001778118,2.906014696867183,0.8695652173913043,0.2608695652173913,2,11
state,2015-05-04,15,10,0.26679452533650166,2.9401813679091267,0.8666666666666667,0.2,2,9
state,2015-05-11,13,7,0.3000141926691657,2.4999239701560403,1.0,0.46153846153846156,1,5
state,2015-05-18,16,10,0.34930494489515873,2.4132762022877414,1.0,0.375,1,6
state,2015-05-25,36,29,0.3496489605579323,2.687631204410874,0.8333333333333334,0.2777777777777778,2,14
state,2015-06-01,36,26,0.3721287499980203,2.5234832561547713,0.9166666666666666,0.2777777777777778,2,14
state,2015-06-08,26,20,0.4541538223237846,2.0770755753955967,0.8076923076923077,0.2692307692307692,2,12
state,2015-06-15,13,10,0.506538688860513,1.7989338151848466,0.8461538461538461,0.38461538461538464,2,6
state,2015-07-14,8,6,0.5777746534838355,1.5428633404610421,0.75,0.25,2,7
state,2015-07-21,34,20,0.6472885059420124,1.5039310939530075,0.8235294117647058,0.23529411764705882,2,16
state,2015-07-28,35,14,0.6864471272686751,1.4107481154092347,0.9142857142857143,0.17142857142857143,2,14
state,2015-08-04,29,18,0.7179067913057099,1.3631803744106674,0.7931034482758621,0.2413793103448276,2,13
state,2015-08-11,29,13,0.6562194769201689,1.4648491876624614,0.896551724137931,0.2413793103448276,2,12
state,2015-08-18,38,18,0.6640312302882244,1.464780462746368,0.8157894736842105,0.23684210526315788,2,13
state,2015-09-10,18,9,0.6654884360114275,1.4231707242631149,0.7777777777777778,0.2777777777777778,2,11
state,2015-09-17,28,14,0.7870868614924119,1.2464244090734076,0.7857142857142857,0.21428571428571427,2,15
state,2015-09-24,46,23,0.6826405645682969,1.4358763450859418,0.8913043478260869,0.30434782608695654,2,17
state,2015-10-08,33,20,0.7200762020137308,1.3622634647707288,0.7878787878787878,0.21212121212121213,2,13
state,2015-10-15,40,33,0.7096687017024415,1.3918531110504453,0.85,0.125,2,19
state,2015-10-22,43,34,0.6747354413414294,1.4613429929574064,0.8837209302325582,0.3488372093023256,2,15
state,2015-10-29,34,25,0.6936501916663576,1.4166228543000396,0.7941176470588235,0.20588235294117646,2,13
state,2015-11-05,31,30,0.7526320427389813,1.314271764212428,0.7419354838709677,0.1935483870967742,2,19
state,2015-11-12,45,34,0.6967858903987794,1.4170247970613394,0.9333333333333333,0.3333333333333333,2,15
state,2015-11-19,20,15,0.7577613399291352,1.2921389379596115,0.75,0.15,2,11
state,2015-11-26,16,12,0.6912878351791557,1.3946732012419283,1.0,0.5625,1,6
state,2015-12-10,8,5,0.4956561994490201,1.6763757894370748,1.0,0.25,1,6
state,2015-12-17,15,11,0.5411146912042607,1.715761649345105,0.8666666666666667,0.2,2,9
state,2015-12-24,28,27,0.5221875726993895,1.8522486128823268,0.75,0.21428571428571427,2,17
state,2015-12-31,15,11,0.48035262586724187,1.8953993675073502,0.9333333333333333,0.4,2,8
state,2016-01-22,7,6,0.5529175841937733,1.5937999393186757,1.0,0.42857142857142855,1,5
state,2016-01-29,8,5,0.5213698489440242,1.6204937251711382,1.0,0.5,1,5
state,2016-02-05,34,30,0.6024985662313992,1.6240393842957692,0.8529411764705882,0.23529411764705882,2,15
state,2016-02-19,46,41,0.6723937095359248,1.469758023315235,0.8695652173913043,0.2826086956521739,2,17
state,2016-02-26,37,32,0.6642563905351193,1.4820339434881897,0.8108108108108109,0.21621621621621623,2,14
state,2016-03-04,26,21,0.6780256872157043,1.4422568028000076,0.8076923076923077,0.19230769230769232,2,15
state,2016-03-11,35,30,0.6822565472697065,1.4433180238881482,0.8285714285714286,0.17142857142857143,2,17
state,2016-03-18,33,31,0.7599275153014265,1.3026400270626612,0.8181818181818182,0.2727272727272727,2,12
state,2016-03-25,36,33,0.6869525905523103,1.435876190876659,0.8333333333333334,0.19444444444444445,2,14
state,2016-04-01,48,37,0.7020972580818067,1.4081558174781919,0.875,0.2708333333333333,2,17
state,2016-04-11,30,27,0.7330431259061809,1.3460210759874036,0.8666666666666667,0.26666666666666666,2,12
state,2016-04-18,22,15,0.7139188518068665,1.3642733645378877,0.8636363636363636,0.2727272727272727,2,9
state,2016-04-25,8,6,0.5155687013269284,1.676987824893343,0.875,0.25,2,6
state,2016-05-03,13,7,0.5005373825482279,1.7485905069663388,0.8461538461538461,0.3076923076923077,2,6
state,2016-05-17,10,7,0.4696952801164421,1.8333382009473005,1.0,0.3,1,5
state,2016-05-24,13,10,0.563593570996998,1.64681102795886,0.8461538461538461,0.46153846153846156,2,7
state,2016-05-31,32,27,0.5161330269552409,1.8724697341401673,0.84375,0.25,2,15
state,2016-06-07,47,36,0.5269867681717534,1.8514197695239958,0.9148936170212766,0.2978723404255319,2,14
state,2016-06-16,26,21,0.5325473683884486,1.802428535390532,0.8076923076923077,0.19230769230769232,2,14
state,2016-06-23,32,25,0.5174101253821868,1.8631906769895812,0.78125,0.15625,2,13
state,2016-06-30,39,34,0.5395469190278738,1.8080251327788528,0.8974358974358975,0.28205128205128205,2,17
state,2016-07-07,29,23,0.5397609797772057,1.7864436269706532,0.7931034482758621,0.13793103448275862,2,13
state,2016-07-14,26,21,0.47256318673490816,2.009326387035863,0.6923076923076923,0.15384615384615385,2,16
state,2016-07-21,18,17,0.4691024259706433,1.9986740994644643,0.9444444444444444,0.2222222222222222,2,11
state,2016-07-28,6,5,0.35478231913967373,2.066859364834232,1.0,0.3333333333333333,1,5
state,2016-08-11,13,12,0.350067416088004,2.4738485465763773,0.8461538461538461,0.3076923076923077,2,9
state,2016-08-18,38,35,0.43261937242621634,2.228013832781068,0.8947368421052632,0.2894736842105263,2,14
state,2016-08-25,26,24,0.487245720825147,1.9661411522002863,0.9230769230769231,0.19230769230769232,2,10
state,2016-09-01,17,14,0.40647631587760613,2.227812225174055,1.0,0.4117647058823529,1,8
state,2016-09-08,33,30,0.39423077909334053,2.4129929839321584,0.9393939393939394,0.2727272727272727,2,9
state,2016-10-10,30,27,0.3588898815108521,2.613458732659605,0.8,0.23333333333333334,2,14
state,2016-10-17,29,28,0.40687389045331834,2.3361376636973374,0.896551724137931,0.2413793103448276,2,15
state,2016-10-24,36,28,0.415200691240798,2.293123665259363,0.7777777777777778,0.25,2,14
state,2016-10-31,27,26,0.3871513112864981,2.434734419678401,0.8148148148148148,0.2222222222222222,2,11
state,2016-11-07,17,16,0.3386397646560498,2.631753617098063,1.0,0.23529411764705882,1,9
state,2016-11-14,24,22,0.41354874275102116,2.271665691956446,0.7083333333333334,0.20833333333333334,2,13
state,2016-11-21,35,32,0.3817180873887704,2.4935206044266636,0.8571428571428571,0.2857142857142857,2,12
state,2016-11-28,22,21,0.3831514381474138,2.4240944564119284,0.8181818181818182,0.22727272727272727,2,14
state,2016-12-05,8,8,0.4753415905039859,1.8486889105117725,0.75,0.25,2,6
state,2016-12-12,7,7,0.1476302334548709,3.711989097619228,0.8571428571428571,0.2857142857142857,2,5
state,2016-12-26,11,11,0.3998905032144415,2.2004818913875734,0.8181818181818182,0.5454545454545454,2,5
state,2017-01-03,31,28,0.3938436006267926,2.4067849571048185,0.9032258064516129,0.22580645161290322,2,12
state,2017-01-10,41,38,0.3767739083503262,2.543399326371711,0.8048780487804879,0.24390243902439024,2,17
state,2017-01-17,17,17,0.24003043609535332,3.5120433293036175,0.8235294117647058,0.23529411764705882,2,10
state,2017-01-24,17,17,0.29898819391859904,2.9392384533566727,0.8823529411764706,0.23529411764705882,2,9
state,2017-02-07,33,31,0.4277215476988369,2.241237162526064,0.7575757575757576,0.3333333333333333,2,16
state,2017-02-14,57,52,0.3785190660835351,2.5610121283507845,0.8421052631578947,0.19298245614035087,2,20
state,2017-02-21,38,32,0.3663525409982997,2.589640240966353,0.868421052631579,0.2894736842105263,2,11
state,2017-02-28,34,30,0.47995855058798587,2.0108858680341064,0.7941176470588235,0.2647058823529412,2,15
state,2017-03-07,39,34,0.4466654551095355,2.1601071387595847,0.9230769230769231,0.3076923076923077,2,11
state,2017-03-14,30,28,0.4558228203429436,2.104121529697866,0.9333333333333333,0.3,2,11
state,2017-03-21,25,18,0.26390521977479414,3.2808466307403363,0.84,0.28,2,10
state,2017-03-28,14,13,0.21024389226656298,3.6901136698177037,0.7857142857142857,0.21428571428571427,2,11
state,2017-04-06,11,9,0.27725543550095005,2.7967303874936524,0.8181818181818182,0.2727272727272727,2,9
state,2017-04-13,18,16,0.3084630507828462,2.843460853805124,0.7222222222222222,0.2222222222222222,2,12
state,2017-04-27,9,8,0.2661219851494794,2.794414346833459,0.7777777777777778,0.2222222222222222,2,7
state,2017-05-05,23,23,0.2743315863453414,3.269230405866261,0.8695652173913043,0.34782608695652173,2,9
state,2017-05-12,18,16,0.202308472405091,3.9656701000240004,0.8888888888888888,0.2777777777777778,2,9
state,2017-05-19,34,31,0.3393319634590741,2.772818779283733,0.9117647058823529,0.3235294117647059,2,10
state,2017-05-26,35,33,0.25326698853418284,3.624563880395853,0.7428571428571429,0.2,2,16
state,2017-06-06,32,30,0.27223895677719107,3.3727079195509653,0.78125,0.15625,2,17
state,2017-06-13,36,29,0.3329674559832152,2.809236717136042,0.9166666666666666,0.25,2,14
state,2017-06-20,45,41,0.327018347626314,2.9117800447381548,0.8222222222222222,0.17777777777777778,2,15
state,2017-06-27,45,41,0.3247886879453867,2.930340617990584,0.8666666666666667,0.3333333333333333,2,14
state,2017-07-04,40,33,0.332076386624396,2.838357019926819,0.875,0.175,2,14
state,2017-07-11,38,35,0.3409225585591712,2.7796823033578706,0.8947368421052632,0.3684210526315789,2,14
state,2017-07-18,15,15,0.18524530269971934,4.1742798135078205,0.7333333333333333,0.3333333333333333,2,7
state,2017-07-25,15,13,0.2675819090765035,3.0871652251232202,0.8,0.3333333333333333,2,8
state,2017-08-01,35,32,0.35004607246382313,2.700096506071186,0.8571428571428571,0.22857142857142856,2,13
state,2017-08-08,43,38,0.35154401530849916,2.7129043486553224,0.8837209302325582,0.23255813953488372,2,16
state,2017-08-15,24,22,0.4081733802395068,2.2984564542703505,0.9166666666666666,0.3333333333333333,2,9
state,2017-08-22,41,32,0.497469773365329,1.9486573872433088,0.9024390243902439,0.36585365853658536,2,10
state,2017-08-29,36,31,0.39807601444986473,2.3952502157014646,0.8611111111111112,0.3333333333333333,2,13
state,2017-09-05,39,33,0.32617839228486195,2.8851932925857726,0.8717948717948718,0.3076923076923077,2,15
state,2017-09-12,44,40,0.3514573415438505,2.719823565659183,0.9090909090909091,0.22727272727272727,2,14
state,2017-09-19,23,18,0.29738279851830457,2.9725006166078947,0.8695652173913043,0.17391304347826086,2,13
state,2017-09-26,15,13,0.29307542629825356,2.878076839640115,0.7333333333333333,0.3333333333333333,2,8
state,2017-10-10,29,28,0.2368729935006965,3.78604987557831,0.896551724137931,0.3793103448275862,2,11
state,2017-10-17,19,19,0.1773138828675937,4.532821321265419,0.7368421052631579,0.21052631578947367,2,12
state,2017-10-24,14,12,0.15484990350795366,4.438938617472757,0.6428571428571429,0.35714285714285715,2,9
state,2017-10-31,22,19,0.1987612425079578,4.150553811596589,0.8636363636363636,0.4090909090909091,2,9
state,2017-11-07,34,34,0.22363717832834656,4.057266219697537,0.8823529411764706,0.3235294117647059,2,14
state,2017-11-14,39,35,0.2398623556413688,3.8229138521680848,0.7948717948717948,0.3076923076923077,2,12
state,2017-11-21,15,12,0.20779601325700153,3.652127384815293,0.8,0.2,2,11
state,2017-11-28,18,15,0.19716675390556773,3.989006771043718,0.7222222222222222,0.16666666666666666,2,12
state,2017-12-05,9,8,0.34009585822566896,2.366394121777447,1.0,0.4444444444444444,1,4
state,2017-12-12,27,25,0.3166752868679993,2.906906814543266,0.8518518518518519,0.4074074074074074,2,9
state,2017-12-19,37,35,0.3885528086058887,2.462916310225212,0.8648648648648649,0.1891891891891892,2,15
state,2017-12-26,32,30,0.3256825247126125,2.8722445124267137,0.8125,0.28125,2,13
state,2018-01-03,51,50,0.2659585831553416,3.5632913947571825,0.7647058823529411,0.1568627450980392,2,14
state,2018-01-10,40,36,0.31938349356769247,2.9560479335888807,0.85,0.225,2,16
state,2018-01-17,17,15,0.25440728899267895,3.288246327593889,0.7058823529411765,0.17647058823529413,2,13
state,2018-01-24,35,32,0.28747359172041376,3.228513800186389,0.6285714285714286,0.14285714285714285,2,17
state,2018-01-31,14,11,0.15580740422910547,4.3001100899128835,1.0,0.21428571428571427,1,8
state,2018-02-14,14,12,0.3660320283626678,2.3874172073804756,1.0,0.5,1,6
state,2018-02-28,52,47,0.4425459692794546,2.200671809333646,0.9230769230769231,0.38461538461538464,2,16
state,2018-03-07,56,53,0.42078358503711866,2.316357999108013,0.8928571428571429,0.19642857142857142,2,17
state,2018-03-14,45,37,0.4046444073718139,2.3767924335848525,0.7777777777777778,0.3333333333333333,2,16
state,2018-03-21,45,42,0.41955891021346914,2.3074494779530244,0.8666666666666667,0.26666666666666666,2,17
state,2018-03-28,17,15,0.46164829118060324,2.0098950950232655,1.0,0.35294117647058826,1,9
state,2018-04-04,28,26,0.4990329649736132,1.929381072363376,0.8928571428571429,0.39285714285714285,2,12
state,2018-04-13,30,29,0.4389584097266041,2.181954630342249,0.8,0.23333333333333334,2,15
state,2018-04-20,22,20,0.43470499308648763,2.159968365506212,0.9545454545454546,0.4090909090909091,2,9
state,2018-04-27,20,18,0.3750715672635785,2.440275397267319,0.8,0.3,2,12
state,2018-05-08,32,30,0.42273110344482445,2.2625796032239696,0.78125,0.15625,2,16
state,2018-05-15,39,37,0.4405494978404682,2.1945716837034372,0.717948717948718,0.15384615384615385,2,17
state,2018-05-22,47,45,0.3842680848215543,2.512872085044795,0.8936170212765957,0.2553191489361702,2,16
state,2018-05-29,17,14,0.3345841633453844,2.61702096959584,0.9411764705882353,0.17647058823529413,2,10
state,2018-06-05,10,10,0.390123244847848,2.2167497058044607,0.7,0.2,2,9
state,2018-06-12,18,16,0.39577093818962567,2.306617488424509,0.7777777777777778,0.3888888888888889,2,8
state,2018-06-20,5,5,0.3174583011325927,2.2028050299116586,1.0,0.4,1,4
state,2018-07-04,38,35,0.4949326598393033,1.9632358360609827,0.9210526315789473,0.39473684210526316,2,11
state,2018-07-11,47,45,0.45180471837426317,2.155233560445958,0.8936170212765957,0.3191489361702128,2,12
state,2018-07-18,67,62,0.5155011816590134,1.910892489268979,0.8059701492537313,0.26865671641791045,2,18
state,2018-07-25,58,52,0.4745549631531816,2.063303490586858,0.9137931034482759,0.2413793103448276,2,17
state,2018-08-01,28,25,0.5191183043821619,1.8575153052309008,0.7142857142857143,0.14285714285714285,2,13
state,2018-08-08,8,8,0.4809963914663919,1.8319318237034294,0.875,0.25,2,7
state,2018-08-15,26,24,0.542740791877598,1.780014238669957,0.9230769230769231,0.19230769230769232,2,11
state,2018-08-22,38,37,0.5140523590263204,1.896863441077617,0.9210526315789473,0.2631578947368421,2,14
state,2018-08-29,57,54,0.5654005164143353,1.7438352872260188,0.7894736842105263,0.21052631578947367,2,17
state,2018-09-05,35,35,0.4728315873420904,2.0496274575030236,0.7428571428571429,0.3142857142857143,2,14
state,2018-09-12,16,14,0.46514732837207556,1.9866848778374127,0.9375,0.1875,2,10
state,2018-09-19,27,27,0.5365416881251117,1.8060099325460872,0.7037037037037037,0.25925925925925924,2,14
state,2018-09-27,59,59,0.458942906174314,2.136234668632544,0.847457627118644,0.2033898305084746,2,19
state,2018-10-25,44,43,0.5614958040614714,1.7491887995169209,0.9090909090909091,0.22727272727272727,2,15
state,2018-11-01,46,46,0.565862812103422,1.7382217920141465,0.8913043478260869,0.391304347826087,2,12
state,2018-11-08,81,78,0.5698078838265025,1.7381535399942798,0.8271604938271605,0.2345679012345679,2,19
state,2018-11-15,53,51,0.5674401916662417,1.7363469753522076,0.8490566037735849,0.20754716981132076,2,16
state,2018-11-22,55,53,0.578865378804274,1.7041252858412508,0.8909090909090909,0.36363636363636365,2,15
state,2018-11-29,15,15,0.5653666099361839,1.6825324732079885,0.8666666666666667,0.4,2,10
state,2018-12-06,35,33,0.5871400103015426,1.6676369003715574,0.8571428571428571,0.34285714285714286,2,13
state,2018-12-13,35,35,0.5765935805210468,1.6986842984370067,0.9142857142857143,0.2857142857142857,2,11
state,2018-12-20,10,10,0.5443610631798035,1.695130860914277,0.8,0.3,2,8
state,2018-12-27,17,17,0.5452630279621108,1.7482142728600438,1.0,0.4117647058823529,1,6
state,2019-01-07,27,25,0.544096133707343,1.7783079874679006,0.9259259259259259,0.25925925925925924,2,13
state,2019-01-14,54,52,0.5233069744632378,1.8780254472397542,0.7962962962962963,0.24074074074074073,2,19
state,2019-01-21,61,59,0.4744452041028966,2.068881709662997,0.8524590163934426,0.19672131147540983,2,15
state,2019-01-28,44,41,0.490735869706397,1.9874514459960322,0.7045454545454546,0.3409090909090909,2,17
state,2019-02-11,32,32,0.46798101061421277,2.06352945188691,0.84375,0.25,2,13
state,2019-02-18,63,61,0.4762861780035656,2.06240146021833,0.8095238095238095,0.25396825396825395,2,18
state,2019-02-25,71,68,0.42474605546252,2.308372359726273,0.8873239436619719,0.23943661971830985,2,16
state,2019-03-04,61,60,0.5012774158372182,1.9623639824608086,0.819672131147541,0.3442622950819672,2,20
state,2019-03-11,53,52,0.4365805790550138,2.235058571275014,0.8490566037735849,0.18867924528301888,2,17
state,2019-03-18,22,22,0.4218817743686855,2.2313465675815563,0.9090909090909091,0.22727272727272727,2,10
state,2019-03-25,9,9,0.4284990321865119,2.0325238791400633,1.0,0.3333333333333333,1,6
state,2019-04-01,23,23,0.33517239889906814,2.7466645779109307,0.9565217391304348,0.43478260869565216,2,10
state,2019-04-09,36,33,0.5005290949252253,1.939245092259609,0.6666666666666666,0.1388888888888889,2,16
state,2019-04-23,16,16,0.4250158755425871,2.1694214764548363,0.9375,0.375,2,7
state,2019-05-17,13,13,0.48222914362712727,1.9154971863684493,1.0,0.3076923076923077,1,8
state,2019-05-24,31,31,0.4958703888636905,1.9526191710129748,1.0,0.41935483870967744,1,9
state,2019-05-31,58,56,0.5027815224395035,1.9544212400194876,0.8275862068965517,0.29310344827586204,2,18
state,2019-06-10,44,41,0.537849805548469,1.8210897292594581,0.8863636363636364,0.18181818181818182,2,13
state,2019-06-17,49,44,0.500500045397882,1.9536885281258882,0.8571428571428571,0.22448979591836735,2,17
state,2019-06-24,64,62,0.5210781391675007,1.891064527052931,0.765625,0.265625,2,18
state,2019-07-01,69,61,0.5416025356592382,1.8211046972158778,0.8405797101449275,0.2028985507246377,2,20
state,2019-07-08,36,31,0.5183582961506159,1.8730270283417394,0.8055555555555556,0.2222222222222222,2,15
state,2019-07-15,19,18,0.4863129622049791,1.9423090284628508,0.9473684210526315,0.5263157894736842,2,7
state,2019-07-22,14,13,0.4565991706751647,2.006423627565646,0.9285714285714286,0.2857142857142857,2,8
state,2019-07-29,42,39,0.5779998444168393,1.6983108361211277,0.7380952380952381,0.2857142857142857,2,14
state,2019-08-05,32,30,0.39189659689044815,2.4262027353096536,1.0,0.46875,1,9
state,2019-08-12,16,16,0.29992405664143634,2.9096935597308646,0.9375,0.3125,2,5
state,2019-08-19,58,55,0.41959809895827643,2.3247657767111853,0.8103448275862069,0.2413793103448276,2,16
state,2019-08-26,60,54,0.3787712115069264,2.56229287360195,0.85,0.3333333333333333,2,20
state,2019-09-02,48,44,0.4791033810161766,2.0369007359669764,0.6875,0.20833333333333334,2,18
state,2019-09-09,72,64,0.39634285863068963,2.464419928262331,0.7777777777777778,0.2361111111111111,2,19
state,2019-09-17,57,54,0.34874997687190645,2.7715405605863253,0.8947368421052632,0.2807017543859649,2,20
state,2019-09-24,34,31,0.36029819360246285,2.6251284834252533,0.9411764705882353,0.2647058823529412,2,9
state,2019-10-08,9,9,0.36326131389947386,2.3040940741654206,1.0,0.2222222222222222,1,6
state,2019-10-15,18,18,0.3957462999222425,2.3292868577816814,0.6666666666666666,0.16666666666666666,2,12
state,2019-10-22,14,14,0.31209779379935143,2.768291261399895,0.8571428571428571,0.14285714285714285,2,9
state,2019-10-29,31,30,0.30558471298294676,3.041992677930763,0.8387096774193549,0.3548387096774194,2,12
state,2019-11-05,41,37,0.4039111515336563,2.380829592774445,0.6341463414634146,0.21951219512195122,2,18
state,2019-11-12,22,21,0.3242580647412035,2.8055507654218936,0.8636363636363636,0.36363636363636365,2,10
state,2019-11-19,44,41,0.38458280273925605,2.502546476914764,0.7727272727272727,0.25,2,15
state,2019-11-26,29,25,0.3480827684411909,2.6726572839763074,0.8620689655172413,0.20689655172413793,2,11
state,2019-12-03,47,44,0.350475863173269,2.7379424238808476,0.8297872340425532,0.2978723404255319,2,18
state,2019-12-10,76,73,0.33669829963841175,2.8919735862222935,0.8947368421052632,0.3026315789473684,2,17
state,2019-12-17,61,57,0.35574378643611215,2.7244502436935436,0.7377049180327869,0.29508196721311475,2,20
state,2019-12-24,60,56,0.35602024670756527,2.720941207213272,0.7666666666666667,0.15,2,18
state,2019-12-31,59,56,0.2946121231893828,3.2551200119746393,0.7966101694915254,0.2033898305084746,2,22
state,2020-01-08,53,49,0.353571648411544,2.72654847853744,0.6792452830188679,0.16981132075471697,2,18
state,2020-01-15,70,67,0.33702460354250985,2.882510940594162,0.7857142857142857,0.2857142857142857,2,20
state,2020-01-22,39,38,0.362045230942685,2.6396819767781485,0.8205128205128205,0.38461538461538464,2,11
state,2020-02-06,18,17,0.44089317350183044,2.110676218767072,0.7777777777777778,0.2777777777777778,2,10
state,2020-02-13,29,27,0.4321115277726037,2.2068019038404403,0.7586206896551724,0.3103448275862069,2,13
state,2020-02-20,282,40,0.4683717576941441,2.0761426834276175,0.925,0.10833333333333334,2,32
state,2020-02-27,200,36,0.46256179925663704,2.094281898050497,0.9,0.125,2,30
state,2020-03-05,197,23,0.6015779543238127,1.61576821228094,0.9083333333333333,0.075,2,31
state,2020-03-12,98,14,0.5673576663286665,1.6715121291500168,0.9693877551020408,0.11224489795918367,2,27
state,2020-03-19,11,6,0.3533702323925067,2.1685300902648437,1.0,0.2727272727272727,1,8
state,2020-03-26,52,9,0.3609413397068774,2.3150942471340397,0.9615384615384616,0.1346153846153846,2,23
state,2020-04-02,157,25,0.4841161046915664,1.9811730688241684,0.9166666666666666,0.1,2,33
state,2020-04-10,271,114,0.5102201744014513,1.9435723092223398,0.9166666666666666,0.075,2,31
state,2020-04-17,260,112,0.4825040433611353,2.0528631012817,0.9333333333333333,0.10833333333333334,2,33
state,2020-04-24,241,111,0.469572626936397,2.1081424281154018,0.8916666666666667,0.16666666666666666,2,33
state,2020-05-06,215,113,0.4454594213426892,2.220412043186333,0.8416666666666667,0.1,2,34
state,2020-05-13,250,116,0.4414568697398401,2.240786406984017,0.9166666666666666,0.14166666666666666,2,29
state,2020-05-20,188,112,0.4018345947861739,2.4559443050548944,0.9083333333333333,0.125,2,33
state,2020-05-27,105,99,0.39363832467836024,2.5014809387171173,0.9809523809523809,0.09523809523809523,2,26
state,2020-06-03,220,114,0.43465505698471224,2.274721670357217,0.875,0.09166666666666666,2,32
state,2020-06-10,208,113,0.3918266077909606,2.517568390241276,0.8583333333333333,0.09166666666666666,2,31
state,2020-06-17,169,112,0.36911617070417874,2.6684523092970265,0.8416666666666667,0.09166666666666666,2,33
state,2020-06-24,208,116,0.2853569515197968,3.43032382472827,0.85,0.08333333333333333,2,30
state,2020-07-03,259,113,0.22670355982837834,4.281795381837654,0.8833333333333333,0.13333333333333333,2,29
state,2020-07-10,285,114,0.2612546285498581,3.7350385871223355,0.9,0.08333333333333333,2,30
state,2020-07-17,143,116,0.3072314915798386,3.192810975938609,0.8916666666666667,0.1,2,33
state,2020-07-24,65,62,0.28024977557747394,3.4263161274640446,0.9384615384615385,0.16923076923076924,2,24
state,2020-07-31,59,55,0.2917216448553993,3.2830002003671783,0.9152542372881356,0.11864406779661017,2,23
state,2020-08-07,113,109,0.32185145414613303,3.0481020951550493,0.9469026548672567,0.12389380530973451,2,28
state,2020-08-14,72,68,0.35177560659317214,2.7677192842204303,0.9861111111111112,0.125,2,26
state,2020-08-21,99,96,0.35190694635773095,2.788172116992512,0.9696969696969697,0.10101010101010101,2,28
state,2020-08-28,95,89,0.3048302023657117,3.198555798645184,0.9368421052631579,0.12631578947368421,2,25
state,2020-09-04,124,115,0.32817187370838075,2.9938877618384105,0.925,0.14166666666666666,2,29
state,2020-09-11,40,34,0.3011761436963365,3.108198376001137,0.975,0.15,2,17
state,2020-09-18,119,108,0.34560670754815975,2.8436080570611035,0.9243697478991597,0.12605042016806722,2,29
state,2020-09-25,92,82,0.3949645848480994,2.485441121511245,0.9239130434782609,0.20652173913043478,2,26
state,2020-10-12,214,112,0.3940619029916619,2.503303957114448,0.85,0.15,2,28
state,2020-10-19,248,113,0.36212040233424186,2.7191250825922286,0.875,0.10833333333333334,2,31
state,2020-10-26,141,110,0.31716729972169105,3.0923862477403232,0.9083333333333333,0.09166666666666666,2,33
state,2020-11-02,93,83,0.28105121154865137,3.4516889260668804,0.8387096774193549,0.13978494623655913,2,28
state,2020-11-09,241,109,0.2798497370317226,3.4909299683066997,0.8666666666666667,0.11666666666666667,2,33
state,2020-11-16,245,114,0.28770079399950416,3.401950300667732,0.8833333333333333,0.15,2,30
state,2020-11-23,226,112,0.2642454128797816,3.69256241869585,0.9333333333333333,0.08333333333333333,2,32
state,2020-11-30,171,114,0.2777307417188546,3.52030324552703,0.925,0.075,2,28
state,2020-12-07,204,115,0.3179684899986605,3.087380283009805,0.85,0.14166666666666666,2,31
state,2020-12-14,80,78,0.2435673009541205,3.94843102587409,0.875,0.175,2,22
state,2020-12-21,116,113,0.24039986247321346,4.046584481519694,0.8620689655172413,0.19827586206896552,2,29
state,2020-12-28,119,114,0.21735597598097778,4.459880100626676,0.8907563025210085,0.14285714285714285,2,26
state,2021-01-05,247,116,0.24784012155560353,3.931988266234754,0.8416666666666667,0.1,2,31
state,2021-01-12,206,119,0.19169986233584446,5.037978791342867,0.9166666666666666,0.1,2,31
state,2021-01-19,212,118,0.21522187146649396,4.507092355675871,0.9083333333333333,0.16666666666666666,2,27
state,2021-01-26,171,113,0.17301513601528978,5.545278732653487,0.9083333333333333,0.11666666666666667,2,29
state,2021-02-02,103,95,0.13224702330466134,7.0730729339257605,0.9902912621359223,0.1262135922330097,2,25
state,2021-02-09,116,108,0.14922924867344245,6.3650986616642085,0.8879310344827587,0.12931034482758622,2,32
state,2021-02-23,224,114,0.19074044221999795,5.0546097441033995,0.95,0.13333333333333333,2,31
state,2021-03-02,228,116,0.2042269484544952,4.737381795999594,0.9666666666666667,0.125,2,28
state,2021-03-09,123,114,0.2154748620794106,4.497279249910172,0.9666666666666667,0.125,2,29
state,2021-03-16,123,118,0.22790914490463204,4.265260150031469,0.9666666666666667,0.09166666666666666,2,29
state,2021-03-23,155,111,0.17885271340864628,5.369114927500647,0.9083333333333333,0.1,2,34
state,2021-03-30,211,115,0.22448764232320118,4.3246753843205035,0.8,0.14166666666666666,2,31
state,2021-04-07,235,114,0.22584668161398166,4.298533121943508,0.825,0.15833333333333333,2,32
state,2021-04-14,191,106,0.2554776930202459,3.809502209731736,0.7416666666666667,0.125,2,28
state,2021-04-21,260,107,0.21772500838532463,4.443733652155821,0.8333333333333334,0.11666666666666667,2,30
state,2021-04-28,210,110,0.28264044133582283,3.4582703603715927,0.7666666666666667,0.14166666666666666,2,28
state,2021-05-10,155,112,0.22135903989607786,4.379986781173492,0.8166666666666667,0.10833333333333334,2,28
state,2021-05-17,210,112,0.21093544943639808,4.587562769895643,0.8083333333333333,0.08333333333333333,2,32
state,2021-05-24,232,112,0.20483599335337271,4.718412859137771,0.7833333333333333,0.09166666666666666,2,32
state,2021-05-31,271,113,0.24703770383236692,3.9416464938595706,0.7833333333333333,0.15,2,32
state,2021-06-07,215,113,0.18586241493411124,5.179544445398724,0.8083333333333333,0.10833333333333334,2,30
state,2021-06-15,173,116,0.14644135980597328,6.50196648305107,0.8666666666666667,0.20833333333333334,2,27
state,2021-06-22,143,116,0.1776049950328854,5.414343252679285,0.8583333333333333,0.225,2,30
state,2021-06-29,178,116,0.14415938686968213,6.599034343161086,0.8166666666666667,0.15833333333333333,2,32
state,2021-07-06,140,113,0.1328894771414008,7.114246611077655,0.825,0.13333333333333333,2,30
state,2021-07-13,200,118,0.1324635630732286,7.152279413937691,0.85,0.10833333333333334,2,32
state,2021-07-20,157,117,0.11308972845357514,8.287053033980834,0.825,0.08333333333333333,2,34
state,2021-07-27,141,117,0.13188242970637568,7.178635565091978,0.9166666666666666,0.13333333333333333,2,25
state,2021-08-03,141,116,0.1566714190333817,6.099737056535697,0.9083333333333333,0.14166666666666666,2,29
state,2021-08-10,228,115,0.1470414115971294,6.474233339842424,0.8666666666666667,0.08333333333333333,2,35
state,2021-08-17,217,115,0.14283335532516686,6.6539364299092805,0.8666666666666667,0.09166666666666666,2,36
state,2021-08-24,184,115,0.16051639127796005,5.9588985421720055,0.8916666666666667,0.08333333333333333,2,32
state,2021-08-31,205,111,0.13443141516903198,7.030898602668181,0.8416666666666667,0.10833333333333334,2,35
state,2021-09-07,234,115,0.16575970200100026,5.779880238745456,0.8333333333333334,0.075,2,31
state,2021-09-14,246,112,0.13635282818021405,6.941361147599858,0.8,0.10833333333333334,2,32
state,2021-09-23,130,114,0.12911492436924776,7.312386084386969,0.8333333333333334,0.13333333333333333,2,30
state,2021-09-30,101,95,0.1874357224291409,5.102326374423482,0.7326732673267327,0.12871287128712872,2,22
state,2021-10-14,179,113,0.16368558603291092,5.844993170121094,0.8166666666666667,0.14166666666666666,2,28
state,2021-10-21,192,111,0.18348213215968348,5.240042440716265,0.7666666666666667,0.15833333333333333,2,30
state,2021-10-28,181,116,0.16968277192807554,5.654807509663765,0.7916666666666666,0.13333333333333333,2,30
state,2021-11-04,199,113,0.16025568354508518,5.96348975609858,0.8333333333333334,0.16666666666666666,2,27
state,2021-11-11,253,114,0.16274881261549604,5.8791325157286645,0.825,0.13333333333333333,2,30
state,2021-11-18,273,113,0.16170967585628662,5.912675425834035,0.8416666666666667,0.11666666666666667,2,32
state,2021-11-25,281,118,0.16957195895511643,5.662210053710178,0.8,0.14166666666666666,2,29
state,2021-12-02,221,116,0.1550013386887707,6.161968200258803,0.8833333333333333,0.075,2,30
state,2021-12-09,196,117,0.19410624393037604,4.975267330374462,0.8083333333333333,0.058333333333333334,2,34
state,2021-12-16,226,117,0.1420389203047125,6.694698664915772,0.8166666666666667,0.08333333333333333,2,32
state,2021-12-23,151,117,0.17351283911233423,5.537808971695026,0.8833333333333333,0.06666666666666667,2,33
state,2021-12-30,163,117,0.1189325725493201,7.907447228108981,0.9,0.14166666666666666,2,35
state,2022-01-07,152,119,0.1421638583047844,6.694669784042311,0.9083333333333333,0.1,2,32
state,2022-01-14,160,117,0.1438030234225795,6.617216371974033,0.85,0.13333333333333333,2,29
state,2022-01-21,148,116,0.15795965542668391,6.052586423417936,0.775,0.08333333333333333,2,30
state,2022-01-28,46,44,0.213515323644058,4.321708398820027,0.8260869565217391,0.21739130434782608,2,19
state,2022-02-11,180,119,0.21287306982672285,4.55606641430063,0.825,0.075,2,33
state,2022-02-18,258,114,0.21139234238413526,4.580643183479244,0.7083333333333334,0.08333333333333333,2,29
state,2022-02-25,264,116,0.24286359060771368,4.009773765496426,0.8083333333333333,0.15833333333333333,2,26
state,2022-03-04,271,109,0.23138858856806543,4.193925972624724,0.8333333333333334,0.15833333333333333,2,29
state,2022-03-11,90,81,0.19537870732960355,4.870628709435947,0.8666666666666667,0.26666666666666666,2,19
state,2022-03-18,111,106,0.3412611642237179,2.877899240491413,0.8198198198198198,0.18018018018018017,2,24
state,2022-03-25,268,114,0.3668747247088169,2.685079472457491,0.6916666666666667,0.11666666666666667,2,31
state,2022-04-01,293,119,0.3997791680668884,2.4702151303138296,0.85,0.1,2,33
state,2022-04-12,195,115,0.3987097413324831,2.4756252887648977,0.825,0.075,2,31
state,2022-04-19,213,114,0.3554128268770819,2.7695683131983677,0.8416666666666667,0.09166666666666666,2,32
state,2022-04-26,35,32,0.39118750070162783,2.437758591202367,0.9142857142857143,0.14285714285714285,2,15
state,2022-05-06,223,117,0.4840901460320884,2.0470844491339255,0.85,0.11666666666666667,2,28
state,2022-05-13,338,115,0.45640043592144697,2.1685981457792938,0.825,0.15833333333333333,2,31
state,2022-05-20,400,116,0.4515117632594887,2.191828332935424,0.7916666666666666,0.11666666666666667,2,33
state,2022-05-27,375,116,0.4553025754918067,2.1739213471750842,0.8,0.15833333333333333,2,32
state,2022-06-06,391,116,0.4692142105086089,2.110639957317631,0.775,0.13333333333333333,2,32
state,2022-06-13,382,118,0.4714423656159505,2.101186115433883,0.775,0.11666666666666667,2,31
state,2022-06-20,320,117,0.412211512336051,2.3967288740803334,0.825,0.1,2,33
state,2022-06-27,282,118,0.39803674769053327,2.48053935523626,0.8,0.10833333333333334,2,31
state,2022-07-04,265,116,0.377032905525641,2.6150401157479015,0.7666666666666667,0.10833333333333334,2,30
state,2022-07-11,110,105,0.28282707618033615,3.45235565953136,0.8909090909090909,0.15454545454545454,2,27
state,2022-07-18,63,58,0.31220813988455637,3.0857852600987674,0.9523809523809523,0.19047619047619047,2,21
state,2022-07-25,133,115,0.29840105304465947,3.2840516128791406,0.95,0.225,2,25
state,2022-08-01,192,118,0.24632293293335195,3.9571045635631545,0.8916666666666667,0.2,2,27
state,2022-08-08,172,117,0.3091784537882026,3.1737678041756174,0.8416666666666667,0.23333333333333334,2,25
state,2022-08-15,310,119,0.26895397151424616,3.6350785970705353,0.8833333333333333,0.225,2,32
state,2022-08-22,254,117,0.2114348811765995,4.583481735285141,0.8583333333333333,0.09166666666666666,2,32
state,2022-08-29,145,117,0.25975752630730525,3.7582062539538943,0.7666666666666667,0.08333333333333333,2,30
state,2022-09-05,104,101,0.2524810860026347,3.8478963013352594,0.8365384615384616,0.11538461538461539,2,32
state,2022-09-13,225,118,0.24361143357298276,3.9996559308812856,0.8333333333333334,0.08333333333333333,2,36
state,2022-09-20,69,66,0.17918289599418089,5.218675040807819,0.8840579710144928,0.11594202898550725,2,22
state,2022-09-27,81,76,0.16765993140581334,5.598735040189379,0.8888888888888888,0.13580246913580246,2,23
state,2022-10-11,71,69,0.16486199997750725,5.650820565370573,0.8732394366197183,0.22535211267605634,2,22
state,2022-10-18,349,117,0.3567683366928764,2.76040224780702,0.7083333333333334,0.10833333333333334,2,31
state,2022-10-25,308,115,0.30061264895364453,3.2605759918878756,0.875,0.16666666666666666,2,28
state,2022-11-01,296,114,0.3590047317074456,2.742524926473057,0.7916666666666666,0.16666666666666666,2,28
state,2022-11-08,372,119,0.3107786714795333,3.158854556300791,0.8416666666666667,0.15833333333333333,2,31
state,2022-11-15,356,115,0.2976045566956215,3.292589262583985,0.725,0.08333333333333333,2,30
state,2022-11-22,293,119,0.3072280560563446,3.194381272136265,0.7916666666666666,0.16666666666666666,2,34
state,2022-11-29,174,119,0.28165642568700733,3.475928354655811,0.85,0.075,2,35
state,2022-12-06,254,117,0.34195432671008186,2.8770466877888374,0.75,0.125,2,32
state,2022-12-13,201,119,0.32373734284655453,3.0356363460691114,0.775,0.15833333333333333,2,32
state,2022-12-20,57,55,0.23657707728497565,3.9926934657982343,0.9122807017543859,0.21052631578947367,2,19
state,2022-12-27,57,55,0.2061237150324704,4.533958296347409,1.0,0.17543859649122806,1,17
state,2023-01-04,225,115,0.23005869824935657,4.223796327799075,0.825,0.1,2,26
state,2023-01-11,382,114,0.2475605114112268,3.934516151096845,0.75,0.175,2,30
state,2023-01-18,390,114,0.27342412134554617,3.5740121486675087,0.725,0.18333333333333332,2,34
state,2023-02-01,389,120,0.24243191667278716,4.020181568219795,0.7833333333333333,0.16666666666666666,2,30
state,2023-02-08,298,117,0.24992558091145792,3.9011225628769575,0.8416666666666667,0.19166666666666668,2,25
state,2023-02-15,259,120,0.2481040514164208,3.9312835075229464,0.7916666666666666,0.19166666666666668,2,29
state,2023-02-22,148,117,0.216097745549456,4.488375369545108,0.9,0.11666666666666667,2,34
state,2023-03-01,126,119,0.17340873433559997,5.544624038933446,0.925,0.09166666666666666,2,29
state,2023-03-08,128,118,0.200519260898065,4.824054168202283,0.8833333333333333,0.125,2,32
state,2023-03-15,109,108,0.21551173793087355,4.488823585152806,0.9174311926605505,0.28440366972477066,2,24
state,2023-03-22,178,118,0.26535609690818646,3.6821306091835697,0.85,0.2833333333333333,2,25
state,2023-03-29,250,119,0.24881427846178958,3.9196201379100506,0.7416666666666667,0.13333333333333333,2,28
state,2023-04-06,327,120,0.23544364726135836,4.135393610566338,0.7083333333333334,0.15,2,32
state,2023-04-13,326,120,0.1893117337091384,5.1002851404480465,0.8333333333333334,0.13333333333333333,2,30
state,2023-04-20,258,119,0.2019909312078548,4.79163825156297,0.775,0.09166666666666666,2,29
state,2023-04-27,90,90,0.13591820278284863,6.871949592904934,0.9444444444444444,0.1111111111111111,2,23
state,2023-05-09,148,119,0.22620196704079842,4.297296023022186,0.8083333333333333,0.08333333333333333,2,31
state,2023-05-16,191,117,0.21388388635627337,4.533033467155697,0.8083333333333333,0.16666666666666666,2,31
state,2023-05-23,260,119,0.20361218677422632,4.755009514927852,0.8,0.18333333333333332,2,26
state,2023-05-30,246,118,0.16592514532293562,5.780561460247715,0.8666666666666667,0.23333333333333334,2,26
state,2023-06-06,265,116,0.17095789075505755,5.614671638135853,0.8583333333333333,0.21666666666666667,2,29
state,2023-06-13,308,118,0.19161938221001407,5.038543207641989,0.7416666666666667,0.175,2,30
state,2023-06-20,352,116,0.17901147484761049,5.373773858135128,0.7333333333333333,0.10833333333333334,2,32
state,2023-06-29,216,117,0.1809733061394146,5.319897845013766,0.85,0.125,2,28
state,2023-07-06,318,118,0.1745103919191798,5.509457721887033,0.8083333333333333,0.2,2,32
state,2023-07-13,301,115,0.1866709363744321,5.161467130744301,0.775,0.175,2,32
state,2023-07-20,226,117,0.1980888450328038,4.879410575703073,0.7833333333333333,0.13333333333333333,2,31
state,2023-07-27,211,117,0.2454208219728915,3.9702987247685315,0.7,0.10833333333333334,2,32
state,2023-08-03,280,117,0.25654631731299044,3.803718649568918,0.7166666666666667,0.08333333333333333,2,30
state,2023-08-10,209,115,0.21427083409385903,4.52277362467373,0.725,0.1,2,30
state,2023-08-17,61,58,0.14137475058942442,6.4029244788997515,0.9344262295081968,0.18032786885245902,2,18
state,2023-08-24,64,62,0.15769596360154717,5.838341715705864,0.953125,0.21875,2,19
state,2023-08-31,283,115,0.28408431034534437,3.4445976948939325,0.8666666666666667,0.25833333333333336,2,26
state,2023-09-07,373,116,0.29163531576642787,3.3586135292391317,0.75,0.175,2,32
state,2023-09-14,329,119,0.2350526703264364,4.141115995687649,0.825,0.13333333333333333,2,30
state,2023-09-21,176,119,0.2034222091596626,4.759272653526377,0.8583333333333333,0.13333333333333333,2,31
state,2023-09-28,254,119,0.30385143454184504,3.228916392989414,0.7583333333333333,0.13333333333333333,2,28
state,2023-10-13,293,119,0.34683343080497264,2.8383108632140206,0.7833333333333333,0.16666666666666666,2,29
state,2023-10-20,105,100,0.2410925164540241,4.0212063740412765,0.8761904761904762,0.29523809523809524,2,25
state,2023-10-27,196,117,0.24288800059700455,4.010281667181646,0.8333333333333334,0.15833333333333333,2,28
state,2023-11-03,376,117,0.3495987038759089,2.815650709786761,0.75,0.16666666666666666,2,31
state,2023-11-10,424,116,0.30849210000673094,3.1801216952394906,0.7583333333333333,0.15,2,32
state,2023-11-17,385,115,0.3050176854381868,3.214803424835706,0.7833333333333333,0.16666666666666666,2,31
state,2023-11-24,271,117,0.18833485712367823,5.121057549030041,0.85,0.08333333333333333,2,34
state,2023-12-01,138,118,0.1747807671512326,5.501332270605214,0.8916666666666667,0.125,2,32
state,2023-12-08,122,119,0.17401835626225912,5.526102092125474,0.9,0.10833333333333334,2,28
state,2023-12-15,120,116,0.21751039129417396,4.4591896693344495,0.8416666666666667,0.15833333333333333,2,29
state,2023-12-22,109,108,0.18992549437178113,5.06518425535133,0.8623853211009175,0.13761467889908258,2,27
state,2023-12-29,312,118,0.28767861049180565,3.404658286543608,0.775,0.14166666666666666,2,33
state,2024-01-08,200,119,0.24488009292200294,3.980485457334117,0.7666666666666667,0.125,2,33
state,2024-01-15,190,117,0.29634083253771815,3.3073703279104563,0.7666666666666667,0.13333333333333333,2,31
state,2024-01-22,68,67,0.2992787024015825,3.22854311856998,0.9264705882352942,0.17647058823529413,2,23
state,2024-01-29,207,115,0.38404972999562226,2.568015038392568,0.7,0.075,2,32
state,2024-02-05,102,98,0.28832261789280256,3.383125818306227,0.8137254901960784,0.11764705882352941,2,28
state,2024-02-20,473,117,0.4393698814541991,2.251432853056476,0.7333333333333333,0.125,2,29
state,2024-02-27,514,117,0.4178917612616677,2.3648094856012296,0.775,0.09166666666666666,2,33
state,2024-03-05,478,117,0.4884467245599687,2.0291426490866695,0.7583333333333333,0.16666666666666666,2,31
state,2024-03-12,424,118,0.5361254835728468,1.851657689966611,0.75,0.14166666666666666,2,29
state,2024-03-19,387,118,0.48823627390016544,2.0301548868127495,0.775,0.2,2,27
state,2024-03-26,122,119,0.45306590646240713,2.1850186798311455,0.9416666666666667,0.225,2,27
state,2024-04-02,146,118,0.3210874237523023,3.0595924142755795,0.85,0.08333333333333333,2,32
state,2024-04-11,148,118,0.3457122852519075,2.8469175719620727,0.75,0.11666666666666667,2,28
state,2024-04-18,139,118,0.305456876422017,3.2118934090465,0.85,0.09166666666666666,2,31
state,2024-04-25,230,120,0.3951126360843448,2.4990418416366826,0.85,0.175,2,28
state,2024-05-07,430,120,0.473932225807759,2.0906675522288087,0.7916666666666666,0.14166666666666666,2,32
state,2024-05-14,367,120,0.4124139508227435,2.396297234424809,0.6833333333333333,0.11666666666666667,2,31
state,2024-05-21,313,119,0.3554883809948686,2.7708165244244802,0.7583333333333333,0.16666666666666666,2,30
state,2024-05-28,140,120,0.244549632671501,3.9865247109136748,0.9166666666666666,0.23333333333333334,2,26
state,2024-06-04,145,119,0.3337277730506141,2.9470124277926457,0.875,0.4166666666666667,2,21
state,2024-06-12,176,120,0.30783696090950097,3.188724809527856,0.875,0.3416666666666667,2,22
state,2024-06-19,232,120,0.4032005462807457,2.4499363165972885,0.775,0.2916666666666667,2,23
state,2024-06-26,80,78,0.20657825339755784,4.613603188096043,0.9375,0.2375,2,19
state,2024-07-03,166,115,0.24463090717325878,3.9809022731392667,0.75,0.08333333333333333,2,35
state,2024-07-10,163,119,0.22961604449696846,4.235675361832951,0.8333333333333334,0.15,2,29
state,2024-07-17,402,120,0.3066218913140443,3.2010238951777765,0.8,0.16666666666666666,2,33
state,2024-07-24,280,120,0.3386082355915965,2.9059644410965584,0.75,0.16666666666666666,2,30
state,2024-07-31,306,120,0.3399372807379723,2.894877138986501,0.825,0.15833333333333333,2,31
state,2024-08-07,293,120,0.3914089414804404,2.5221919241088893,0.825,0.1,2,36
state,2024-08-14,236,119,0.3224419006273061,3.0475199836620175,0.8,0.11666666666666667,2,34
state,2024-08-21,233,119,0.27880690644276157,3.5104057760497733,0.8083333333333333,0.13333333333333333,2,31
state,2024-08-28,195,120,0.23991611811535027,4.060911224274005,0.775,0.10833333333333334,2,29
state,2024-09-04,312,120,0.3826933172736614,2.5783991950721026,0.7416666666666667,0.175,2,33
state,2024-09-11,273,120,0.45005564611618776,2.199549676054568,0.8083333333333333,0.16666666666666666,2,26
state,2024-09-20,293,120,0.3857144524295147,2.5586343121314856,0.8,0.09166666666666666,2,31
state,2024-09-27,535,118,0.41271943965735386,2.3940833950719664,0.7833333333333333,0.20833333333333334,2,33
state,2024-10-11,529,119,0.6300516503478788,1.5793784722218256,0.725,0.19166666666666668,2,35
state,2024-10-18,432,120,0.6102479300713904,1.6300028389766565,0.7,0.18333333333333332,2,26
state,2024-10-25,308,119,0.6282212505053345,1.5839189356351149,0.8083333333333333,0.20833333333333334,2,29
state,2024-11-01,114,113,0.5487775622181313,1.8090684512136106,0.8947368421052632,0.23684210526315788,2,27
state,2024-11-08,287,119,0.6134601611942092,1.6215118975040332,0.7916666666666666,0.1,2,32
state,2024-11-15,85,83,0.533388395034064,1.8552523865535373,0.9647058823529412,0.17647058823529413,2,23
state,2024-11-22,41,41,0.43938102179047084,2.2072392106981518,1.0,0.14634146341463414,1,15
state,2024-11-29,43,41,0.39644432158761334,2.432112493860982,0.9069767441860465,0.16279069767441862,2,20
state,2024-12-06,189,119,0.5444185854608165,1.8239953865806935,0.775,0.1,2,34
state,2024-12-13,292,115,0.5524433051233613,1.797477807098678,0.7083333333333334,0.10833333333333334,2,35
state,2024-12-20,140,119,0.5252750002615267,1.8894152250617808,0.7416666666666667,0.225,2,27
state,2024-12-27,203,118,0.5180760396972731,1.915121284397677,0.7083333333333334,0.2,2,28
state,2025-01-06,51,51,0.24223833123964686,3.88959156038814,0.8823529411764706,0.1568627450980392,2,21
state,2025-01-13,58,56,0.267132570353703,3.5686311630058434,0.8793103448275862,0.13793103448275862,2,20
state,2025-01-20,407,116,0.43470874879554866,2.274888679427844,0.7416666666666667,0.18333333333333332,2,30
state,2025-01-27,438,117,0.39833191863540346,2.4784721097916838,0.7416666666666667,0.125,2,32
state,2025-02-11,463,118,0.3947353127809306,2.5008460703807627,0.7416666666666667,0.125,2,31
state,2025-02-18,422,120,0.4252796259680642,2.325208483720559,0.6583333333333333,0.14166666666666666,2,31
state,2025-02-25,405,115,0.39706194764958275,2.485676987103746,0.7333333333333333,0.2,2,32
state,2025-03-04,240,119,0.31381708957284754,3.129074323501792,0.775,0.14166666666666666,2,29
state,2025-03-11,278,117,0.2920929185371621,3.354090610392546,0.8083333333333333,0.10833333333333334,2,32
state,2025-03-18,328,117,0.24875996363479333,3.918789842058787,0.7666666666666667,0.11666666666666667,2,30
state,2025-03-25,147,118,0.23921007308657968,4.0707091070703045,0.7416666666666667,0.08333333333333333,2,30
state,2025-04-01,147,118,0.20444695946442518,4.735096575565318,0.825,0.18333333333333332,2,27
state,2025-04-09,48,46,0.23277724113527334,4.008723033228981,0.9166666666666666,0.16666666666666666,2,21
state,2025-04-16,141,117,0.32723208128022824,3.003163221926118,0.8,0.14166666666666666,2,33
state,2025-04-23,422,120,0.4689711241135068,2.1123947593825982,0.625,0.10833333333333334,2,31
state,2025-04-30,402,117,0.48663408923937507,2.0365693227766584,0.6833333333333333,0.14166666666666666,2,29
state,2025-05-12,446,115,0.4957151090971842,1.9995992998762429,0.6833333333333333,0.15,2,32
state,2025-05-19,393,116,0.48083306409815596,2.0605443943217066,0.7166666666666667,0.10833333333333334,2,32
state,2025-05-26,291,115,0.4968824077822142,1.99498324210765,0.6833333333333333,0.125,2,32
state,2025-06-03,217,115,0.4072781188968219,2.424640816470873,0.7833333333333333,0.16666666666666666,2,29
state,2025-06-10,386,116,0.46354442596296447,2.135980614253467,0.7166666666666667,0.15833333333333333,2,32
state,2025-06-17,317,116,0.46294257578613907,2.1387063057563473,0.725,0.15,2,30
state,2025-06-24,272,119,0.4831504684706892,2.051308384422683,0.8083333333333333,0.23333333333333334,2,28
state,2025-07-01,406,119,0.5072538466621205,1.9554372639291215,0.7166666666666667,0.15833333333333333,2,29
state,2025-07-08,388,118,0.25160470671316504,3.876764785265309,0.7416666666666667,0.125,2,27
state,2025-07-15,391,117,0.244135211662832,3.9904931374329333,0.575,0.11666666666666667,2,29
state,2025-07-22,406,120,0.2300709795095202,4.228561268827082,0.6833333333333333,0.09166666666666666,2,29
state,2025-07-29,425,118,0.23602478363592622,4.1237257966063225,0.675,0.15,2,29
state,2025-08-05,209,119,0.2016397632364105,4.799646604960647,0.725,0.2,2,27
state,2025-08-12,253,119,0.16872048804618875,5.691324304975568,0.7833333333333333,0.23333333333333334,2,28
state,2025-08-19,356,118,0.28309589588147394,3.4581571957781936,0.6666666666666666,0.2,2,30
state,2025-08-26,427,119,0.22094810625212472,4.395705625875582,0.6916666666666667,0.15833333333333333,2,32
state,2025-09-02,287,119,0.24374152238963137,3.998454427079974,0.6,0.14166666666666666,2,33
state,2025-09-09,174,117,0.27190307625345045,3.595491050065676,0.6833333333333333,0.15,2,29
state,2025-09-16,181,119,0.23185209606198498,4.196265718160116,0.65,0.1,2,31
state,2025-09-23,172,116,0.25188358123455695,3.870974823971241,0.7583333333333333,0.25833333333333336,2,27
state,2025-09-30,225,120,0.2633815300985544,3.710299553408702,0.7,0.20833333333333334,2,30
state,2025-10-15,248,118,0.2462010429248294,3.9589979303865332,0.7916666666666666,0.08333333333333333,2,27
state,2025-10-22,143,120,0.25819708573928946,3.7824518764871575,0.725,0.08333333333333333,2,33
state,2025-10-29,286,118,0.24656743787569677,3.9533120240314523,0.7583333333333333,0.09166666666666666,2,30
state,2025-11-05,230,118,0.21820845055965452,4.447729781326235,0.7166666666666667,0.11666666666666667,2,33
state,2025-11-12,257,118,0.21888479275308603,4.4345030148894535,0.75,0.09166666666666666,2,32
state,2025-11-19,145,120,0.1854639292458583,5.201513665732803,0.825,0.08333333333333333,2,30
state,2025-11-26,102,100,0.1973490285079002,4.869129053310403,0.8725490196078431,0.12745098039215685,2,27
state,2025-12-03,221,119,0.2989303548925489,3.2806063730123936,0.7833333333333333,0.25833333333333336,2,26
state,2025-12-10,308,117,0.32108566046759557,3.0591485098167106,0.7,0.14166666666666666,2,27
state,2025-12-17,274,119,0.27490054728962393,3.5587971293986027,0.7416666666666667,0.10833333333333334,2,32
state,2025-12-24,404,118,0.28605398690430944,3.423433810880209,0.7166666666666667,0.13333333333333333,2,31
state,2025-12-31,391,119,0.2512573851046277,3.88275116750839,0.7083333333333334,0.1,2,32
state,2026-01-09,472,119,0.25663715905023016,3.803960526487182,0.7,0.10833333333333334,2,34
state,2026-01-16,363,119,0.2751789638643973,3.555304036710224,0.6,0.125,2,29
state,2026-01-23,330,118,0.20684829932280321,4.682307235571677,0.7166666666666667,0.175,2,33
state,2026-01-30,186,118,0.22385892337887145,4.3395923683594235,0.7,0.09166666666666666,2,30
state,2026-02-06,144,119,0.20262421460616709,4.777263631306638,0.7833333333333333,0.08333333333333333,2,29
state,2026-02-13,189,119,0.15983176295277926,5.991898944039217,0.8083333333333333,0.1,2,32
state,2026-03-02,279,119,0.19256950150636343,5.01618643741915,0.7166666666666667,0.11666666666666667,2,32
state,2026-03-09,159,118,0.15600428668078323,6.129073655426753,0.8,0.125,2,27
state,2026-03-16,197,119,0.17154936111717373,5.601891564540303,0.75,0.125,2,29
state,2026-03-23,53,52,0.124128251852551,7.093610294683237,0.8113207547169812,0.22641509433962265,2,21
state,2026-03-30,106,105,0.28644688994441364,3.4101453355262388,0.6981132075471698,0.16037735849056603,2,25
state,2026-04-07,198,119,0.27875466577320834,3.5110442415028,0.775,0.14166666666666666,2,31
state,2026-04-14,415,118,0.34541163283527176,2.849335743318564,0.5916666666666667,0.1,2,32
state,2026-04-21,438,120,0.35044366956294437,2.810120398082725,0.6,0.10833333333333334,2,31
state,2026-04-28,345,119,0.33125956374039905,2.9684228268515955,0.5916666666666667,0.125,2,32
state,2026-05-08,391,118,0.36727386258032735,2.6835843510279447,0.6083333333333333,0.08333333333333333,2,32
state,2026-05-15,243,118,0.4146009891818704,2.383437979052447,0.6583333333333333,0.15833333333333333,2,24
state,2026-05-22,110,109,0.37094358023694135,2.654528463271366,0.7545454545454545,0.20909090909090908,2,23
state,2026-05-29,100,97,0.2656199590188628,3.660444204305585,0.79,0.2,2,28
state,2026-06-05,132,118,0.19453227925388977,4.966272136702594,0.775,0.09166666666666666,2,33
state,2026-06-12,141,118,0.21183290033391966,4.576401785754112,0.8416666666666667,0.11666666666666667,2,33
state,2026-06-22,321,120,0.3207129217962911,3.063972866128419,0.675,0.10833333333333334,2,32
state,2026-06-29,230,118,0.25358721462491135,3.847445008679985,0.6166666666666667,0.13333333333333333,2,30
state,2026-07-06,310,120,0.22543029903210152,4.312481615009095,0.6666666666666666,0.1,2,32
state,2026-07-13,256,118,0.2255437887221521,4.308358211055038,0.6916666666666667,0.11666666666666667,2,35
state,2026-07-20,237,120,0.2767067075243781,3.5368914375597442,0.6,0.14166666666666666,2,34
state,2026-07-27,279,119,0.2877532516555131,3.404388383527322,0.7,0.13333333333333333,2,32
state,2026-08-03,313,119,0.2702579301027175,3.618073074399061,0.6666666666666666,0.1,2,30
state,2026-08-10,394,119,0.2583988083895083,3.7788503246712675,0.5916666666666667,0.1,2,30
state,2026-08-17,347,120,0.262259084215663,3.725686285208149,0.6083333333333333,0.125,2,29
state,2026-08-24,256,119,0.270145936675979,3.6195273836941877,0.625,0.16666666666666666,2,31
state,2026-08-31,296,120,0.23046742378141916,4.221543295103271,0.6166666666666667,0.1,2,30
state,2026-09-07,200,119,0.17687004772220255,5.44107810921539,0.6833333333333333,0.1,2,31
event,2015-01-22,6,5,0.37082318935583614,2.0134557172340735,1.0,0.6666666666666666,1,3
event,2015-02-12,6,6,0.2209981981489287,2.85036849391811,1.0,0.3333333333333333,1,5
event,2015-02-26,14,13,0.41889272928214893,2.1570631513855987,0.7857142857142857,0.35714285714285715,2,9
event,2015-03-12,5,5,0.6506083633654139,1.3879506907186283,0.8,0.6,2,3
event,2015-04-24,12,9,0.3658106037284354,2.292126517752376,0.9166666666666666,0.4166666666666667,2,7
event,2015-05-18,9,7,0.5288670393643549,1.677368985212964,0.8888888888888888,0.3333333333333333,2,5
event,2015-05-25,16,14,0.43496775701693097,2.1038139492243557,0.625,0.25,2,10
event,2015-07-14,11,6,0.724776830850189,1.2976103638937255,0.6363636363636364,0.2727272727272727,2,6
event,2015-08-04,10,7,0.6701066773660619,1.3942445406351698,0.8,0.4,2,5
event,2015-09-10,27,14,0.7615108866611034,1.284445911899121,0.8518518518518519,0.18518518518518517,2,11
event,2015-11-05,6,5,0.7850754564354201,1.20764142578043,1.0,0.3333333333333333,1,5
event,2015-11-26,8,6,0.6289127960278956,1.4476794250858882,1.0,0.5,1,3
event,2015-12-17,17,16,0.546461939038066,1.7397111417442928,0.7647058823529411,0.35294117647058826,2,9
event,2016-01-22,9,8,0.5961740412425004,1.546426142016562,1.0,0.3333333333333333,1,4
event,2016-01-29,11,9,0.4986040731052834,1.8040292687601893,0.8181818181818182,0.18181818181818182,2,9
event,2016-02-05,11,10,0.6300351576162877,1.499179255154274,0.9090909090909091,0.36363636363636365,2,7
event,2016-05-03,10,7,0.5623836917528389,1.6002552542404083,0.8,0.4,2,4
event,2016-05-24,11,6,0.663747988117935,1.3892941187796475,0.8181818181818182,0.36363636363636365,2,7
event,2016-05-31,23,20,0.5532578947551209,1.7373326730945047,0.8260869565217391,0.21739130434782608,2,11
event,2016-06-23,7,7,0.6272319988610757,1.4695410350527893,0.7142857142857143,0.42857142857142855,2,5
event,2016-08-11,7,7,0.436699018290484,1.9335979750812644,0.8571428571428571,0.42857142857142855,2,5
event,2016-09-08,11,9,0.3417252645960085,2.410411617579318,0.8181818181818182,0.2727272727272727,2,5
event,2016-10-10,37,34,0.425237805642127,2.2617138772320047,0.7027027027027027,0.21621621621621623,2,14
event,2016-11-14,11,9,0.4384801115640961,1.996521220380341,0.8181818181818182,0.2727272727272727,2,7
event,2016-12-26,21,20,0.44025111109744736,2.135663516305791,0.9047619047619048,0.42857142857142855,2,9
event,2017-01-03,13,13,0.39698983553485734,2.2554259372622925,0.6153846153846154,0.3076923076923077,2,9
event,2017-01-24,7,7,0.47307805504913975,1.8236440678051185,1.0,0.42857142857142855,1,4
event,2017-03-07,7,7,0.310389564553007,2.4455537739940825,0.8571428571428571,0.14285714285714285,2,7
event,2017-03-21,11,10,0.21441634643479388,3.413263874843569,0.7272727272727273,0.2727272727272727,2,8
event,2017-04-06,8,8,0.3267761661157184,2.4335095510084126,0.875,0.25,2,6
event,2017-04-20,6,6,0.14769736212134438,3.451277262153076,0.8333333333333334,0.16666666666666666,2,6
event,2017-04-27,10,10,0.2990058635796227,2.709254138892914,0.7,0.4,2,6
event,2017-05-05,5,5,0.3840957402149445,1.9713111455003267,1.0,0.4,1,4
event,2017-05-19,10,9,0.2812459222962477,2.7692585654548765,0.8,0.3,2,8
event,2017-05-26,6,5,0.4696975857178334,1.7368406186234984,0.8333333333333334,0.3333333333333333,2,5
event,2017-06-06,9,8,0.3375791452995604,2.3787902184532292,1.0,0.2222222222222222,1,8
event,2017-08-01,17,14,0.2910367988721067,2.9267405164646845,0.8235294117647058,0.29411764705882354,2,11
event,2017-08-15,6,6,0.2765513870374917,2.5180915062693803,0.6666666666666666,0.3333333333333333,2,5
event,2017-08-29,7,7,0.2803361717062066,2.6099759699813725,0.7142857142857143,0.2857142857142857,2,6
event,2017-09-19,6,5,0.5778733350919538,1.5098928145344355,1.0,0.3333333333333333,1,4
event,2017-10-10,11,11,0.32256689009000217,2.603138167701004,0.7272727272727273,0.18181818181818182,2,7
event,2017-10-24,9,9,0.19541294258296732,3.511094124135432,0.8888888888888888,0.5555555555555556,2,4
event,2017-10-31,8,7,0.2987944367574596,2.506475101967016,0.875,0.25,2,5
event,2017-11-07,19,19,0.24896750494853312,3.466258199980829,0.6842105263157895,0.15789473684210525,2,11
event,2017-11-14,5,5,0.17131025936903715,2.966934633569155,1.0,0.4,1,4
event,2017-11-21,8,7,0.22302185238109828,2.9938440822365253,0.875,0.375,2,5
event,2017-11-28,6,5,0.4319138657872329,1.8330760858733124,0.8333333333333334,0.3333333333333333,2,5
event,2017-12-12,9,8,0.3492912961256377,2.322179757837512,0.6666666666666666,0.3333333333333333,2,5
event,2017-12-19,8,7,0.24631578610733323,2.8249787825854966,0.625,0.25,2,6
event,2017-12-26,10,10,0.2856216578033707,2.800653735135798,0.6,0.3,2,7
event,2018-01-03,16,14,0.2288389951776643,3.522095037896841,0.9375,0.375,2,9
event,2018-01-24,20,18,0.41497291202090353,2.234764630587111,0.8,0.25,2,10
event,2018-02-14,15,15,0.405057883092926,2.2486023710884573,1.0,0.5333333333333333,1,5
event,2018-03-28,5,5,0.4638819107909935,1.750989878164833,1.0,0.4,1,4
event,2018-04-13,8,7,0.3685318533587344,2.1798764813686247,1.0,0.25,1,7
event,2018-04-27,8,6,0.4549374945985357,1.832235915483167,0.875,0.25,2,7
event,2018-05-08,20,19,0.5446933239069247,1.7585298226642256,0.9,0.15,2,11
event,2018-05-22,11,11,0.41972190203356746,2.116516536432121,1.0,0.45454545454545453,1,5
event,2018-06-05,12,10,0.4148817828110833,2.1124070761219604,0.75,0.25,2,8
event,2018-06-12,11,10,0.47490112274832513,1.896054462538111,0.7272727272727273,0.2727272727272727,2,9
event,2018-06-27,11,10,0.4501332500178875,1.9797278833697338,1.0,0.36363636363636365,1,6
event,2018-07-04,7,7,0.5596773408367184,1.6062177902131718,1.0,0.7142857142857143,1,3
event,2018-07-11,6,5,0.5430261709808093,1.5762405400240558,0.6666666666666666,0.16666666666666666,2,6
event,2018-08-15,7,7,0.39301362813274116,2.084523392206984,1.0,0.42857142857142855,1,4
event,2018-08-22,9,8,0.6481484469934765,1.4448155076539604,0.7777777777777778,0.2222222222222222,2,7
event,2018-09-12,8,6,0.37185168393769713,2.0984462120264373,0.875,0.25,2,7
event,2018-09-19,24,24,0.6036312966756465,1.6125217881620615,0.5833333333333334,0.2916666666666667,2,11
event,2018-10-25,17,17,0.6787365880215767,1.4334154805227608,0.7647058823529411,0.23529411764705882,2,8
event,2018-11-01,13,13,0.6250014233569393,1.529408691443095,0.6153846153846154,0.23076923076923078,2,8
event,2018-12-13,16,15,0.6587705098963432,1.4673102155709519,0.75,0.3125,2,7
event,2018-12-20,6,6,0.5041678196628641,1.7041392214920112,1.0,0.16666666666666666,1,6
event,2019-01-07,45,44,0.6308919046546011,1.5642580182512835,0.9111111111111111,0.2222222222222222,2,16
event,2019-01-14,6,5,0.44774411012179627,1.7914877128547935,1.0,0.5,1,4
event,2019-02-11,27,27,0.5266437183835444,1.8376426796295415,0.9629629629629629,0.2962962962962963,2,9
event,2019-02-18,6,6,0.35421053457089813,2.1652421329903255,1.0,0.5,1,4
event,2019-03-11,7,7,0.5022928815817501,1.7440018155379216,1.0,0.2857142857142857,1,5
event,2019-03-18,8,8,0.5321353469313854,1.6931405314082741,0.5,0.25,2,7
event,2019-04-01,20,19,0.40006672783898856,2.316733825420698,0.85,0.3,2,10
event,2019-04-16,7,7,0.41889816848366757,1.9923782929470895,0.7142857142857143,0.2857142857142857,2,6
event,2019-05-24,10,9,0.6127595640955821,1.524887042812024,1.0,0.3,1,8
event,2019-05-31,5,5,0.4966851040946887,1.674065805177071,1.0,0.4,1,4
event,2019-06-10,7,6,0.5642841861712463,1.5700965971983707,0.5714285714285714,0.14285714285714285,2,7
event,2019-06-24,11,11,0.5099961290549896,1.8032901318638332,1.0,0.5454545454545454,1,5
event,2019-07-01,8,6,0.5767748892733656,1.544849114680497,1.0,0.5,1,3
event,2019-07-15,8,8,0.6337444348730304,1.4716132127846684,0.625,0.375,2,5
event,2019-07-29,16,16,0.5974206470064125,1.6062144912344638,0.8125,0.25,2,9
event,2019-08-12,12,12,0.37121062222152257,2.360663395029756,1.0,0.5833333333333334,1,5
event,2019-08-19,62,58,0.48271694830310385,2.034026738601308,0.7580645161290323,0.16129032258064516,2,20
event,2019-09-02,7,6,0.3957070749185401,2.0144128725751558,0.8571428571428571,0.42857142857142855,2,5
event,2019-09-09,14,12,0.3245787942411512,2.625609867095436,1.0,0.21428571428571427,1,7
event,2019-09-24,7,5,0.29319767134867974,2.301188068233861,0.8571428571428571,0.2857142857142857,2,6
event,2019-10-15,19,19,0.41879920340303595,2.225244999908812,0.5263157894736842,0.15789473684210525,2,12
event,2019-10-29,20,20,0.45675207929625894,2.066480857624838,0.8,0.35,2,12
event,2019-11-05,20,18,0.37479434023119057,2.4418355504666107,0.8,0.3,2,10
event,2019-11-19,32,30,0.4251111800897717,2.25086249292857,0.6875,0.1875,2,16
event,2019-11-26,10,9,0.37599754575511357,2.245519982147572,0.9,0.2,2,8
event,2019-12-03,16,15,0.404512392679116,2.251179562652959,0.875,0.375,2,8
event,2019-12-10,7,7,0.2576798928167617,2.749325146142083,1.0,0.2857142857142857,1,6
event,2019-12-17,8,8,0.3572827489750246,2.2850749590689574,0.5,0.25,2,4
event,2020-01-15,8,8,0.289055729797708,2.646036307814377,1.0,0.625,1,3
event,2020-02-06,6,6,0.6500188875728174,1.4117333362162512,0.6666666666666666,0.16666666666666666,2,6
event,2020-02-13,22,22,0.5100047431464768,1.8787201424473683,0.8636363636363636,0.3181818181818182,2,11
event,2020-02-20,11,5,0.39952374464669793,1.924486995744744,1.0,0.18181818181818182,1,9
event,2020-03-05,33,8,0.5333074781990865,1.6902054725547428,0.8484848484848485,0.09090909090909091,2,19
event,2020-03-26,32,10,0.49280289395098326,1.8398498822640597,0.875,0.15625,2,16
event,2020-04-02,67,25,0.559404973379496,1.733015829172486,0.8507462686567164,0.13432835820895522,2,24
event,2020-04-10,8,7,0.3515741036267073,2.251205874841189,1.0,0.25,1,6
event,2020-04-17,17,17,0.4627860844495717,2.022707304560248,0.9411764705882353,0.29411764705882354,2,9
event,2020-05-06,63,61,0.48832402634647126,2.0132384234657903,0.9523809523809523,0.15873015873015872,2,21
event,2020-05-13,14,13,0.38125112374087483,2.3318329247512732,0.8571428571428571,0.14285714285714285,2,11
event,2020-05-20,10,10,0.4028498841208026,2.1618588208425162,1.0,0.3,1,6
event,2020-05-27,21,21,0.5680869605314691,1.6987900846462538,1.0,0.14285714285714285,1,13
event,2020-06-03,47,45,0.38413268260366207,2.513708364086604,0.8723404255319149,0.1702127659574468,2,20
event,2020-06-10,11,10,0.3668139652280806,2.3248646411734555,0.7272727272727273,0.2727272727272727,2,8
event,2020-06-17,27,27,0.3547264369614503,2.641132494818462,0.9259259259259259,0.18518518518518517,2,15
event,2020-06-24,22,21,0.2195387706422436,3.8955434778385025,0.9545454545454546,0.22727272727272727,2,13
event,2020-07-03,34,34,0.2672720162077375,3.462330065588173,0.9411764705882353,0.11764705882352941,2,17
event,2020-07-31,17,17,0.37653768578021274,2.420065598951566,0.8235294117647058,0.11764705882352941,2,15
event,2020-08-07,11,11,0.3093158565329282,2.6874111580173006,1.0,0.18181818181818182,1,10
event,2020-08-14,30,29,0.4237207680918065,2.2543214261387554,0.9,0.2,2,17
event,2020-08-21,13,13,0.3249134184733305,2.6536238893245985,0.9230769230769231,0.23076923076923078,2,10
event,2020-08-28,36,33,0.3675788447056827,2.5856956278100065,0.8611111111111112,0.1388888888888889,2,23
event,2020-09-04,13,12,0.3520208099001196,2.462938467048748,1.0,0.23076923076923078,1,10
event,2020-09-11,8,7,0.30408614439418763,2.4782999469244835,1.0,0.25,1,7
event,2020-09-18,72,68,0.41659605370325586,2.351969821225877,0.9027777777777778,0.18055555555555555,2,23
event,2020-09-25,10,10,0.41140215954607184,2.1264744332974135,1.0,0.3,1,6
event,2020-10-12,137,115,0.43306355659572326,2.283139224505369,0.8333333333333334,0.14166666666666666,2,33
event,2020-10-26,10,9,0.29703300799956944,2.665668273987583,1.0,0.3,1,7
event,2020-11-02,21,18,0.40224355669516604,2.296463055630482,0.7619047619047619,0.23809523809523808,2,10
event,2020-11-09,79,73,0.32452535241501046,2.9959994738472213,0.8987341772151899,0.13924050632911392,2,23
event,2020-11-16,18,18,0.33979612191676195,2.6562251155528807,1.0,0.2222222222222222,1,9
event,2020-11-23,19,18,0.27904565408494253,3.1338268807284813,0.9473684210526315,0.21052631578947367,2,10
event,2020-11-30,17,16,0.3368959322958478,2.6431256747004586,0.9411764705882353,0.47058823529411764,2,8
event,2020-12-07,15,15,0.26504829839112454,3.1842562372941283,0.8666666666666667,0.2,2,9
event,2020-12-14,12,11,0.18901444722437663,3.806038108351082,0.9166666666666666,0.25,2,9
event,2020-12-21,43,43,0.26240739169437216,3.577040588279234,0.8604651162790697,0.13953488372093023,2,18
event,2020-12-28,18,17,0.22762951358242495,3.662157589142157,0.9444444444444444,0.2222222222222222,2,10
event,2021-01-05,60,59,0.2205274592570801,4.278278791448452,1.0,0.2,1,21
event,2021-01-12,12,12,0.21594357550573062,3.555155976498297,1.0,0.16666666666666666,1,10
event,2021-01-19,29,28,0.2390662995542135,3.7559743023761047,1.0,0.2413793103448276,1,15
event,2021-01-26,16,16,0.26314510257132206,3.2341679896115867,1.0,0.3125,1,8
event,2021-02-02,24,22,0.16710294091834557,4.878955596280759,1.0,0.125,1,15
event,2021-02-09,39,39,0.2155019054759029,4.244171584249222,0.7692307692307693,0.1282051282051282,2,21
event,2021-02-23,18,18,0.17361210936962015,4.5553407169527524,0.9444444444444444,0.16666666666666666,2,10
event,2021-03-02,12,12,0.31810469594368856,2.667169484195781,0.75,0.25,2,9
event,2021-03-09,5,5,0.048146133069337134,4.1925749199950175,1.0,0.2,1,5
event,2021-03-16,20,20,0.21839277865858295,3.883900282047026,0.95,0.1,2,17
event,2021-03-23,41,39,0.2708964569494066,3.4531409853572854,0.8536585365853658,0.2926829268292683,2,16
event,2021-03-30,38,36,0.20927210777750535,4.324571709455408,0.868421052631579,0.13157894736842105,2,22
event,2021-04-07,30,30,0.23667501023610327,3.8150585284061433,0.8666666666666667,0.13333333333333333,2,18
event,2021-04-14,14,14,0.24422464941514208,3.353357313789318,0.9285714285714286,0.21428571428571427,2,11
event,2021-04-21,14,13,0.24099568653961526,3.3402294181313597,1.0,0.21428571428571427,1,9
event,2021-04-28,13,13,0.18585139174961512,4.024497797932284,0.9230769230769231,0.23076923076923078,2,8
event,2021-05-10,24,24,0.25311027599310126,3.518269019792702,0.875,0.125,2,15
event,2021-05-17,63,58,0.30096462712477967,3.1947150606741603,0.7142857142857143,0.12698412698412698,2,24
event,2021-05-24,19,19,0.20921592174872716,3.986666412494583,0.9473684210526315,0.21052631578947367,2,10
event,2021-05-31,21,21,0.2117082929988459,4.0121006024239,0.9047619047619048,0.23809523809523808,2,10
event,2021-06-07,15,14,0.16445554929819364,4.461551106583343,0.9333333333333333,0.2,2,10
event,2021-06-15,8,7,0.16997448900023632,3.465609142041595,1.0,0.25,1,7
event,2021-06-22,29,29,0.1933498812263683,4.521502858989808,0.896551724137931,0.20689655172413793,2,13
event,2021-06-29,17,15,0.1393661842763776,5.082804682903298,0.8823529411764706,0.35294117647058826,2,11
event,2021-07-06,30,29,0.16138194057167568,5.254866139403384,0.7333333333333333,0.1,2,21
event,2021-07-13,52,51,0.1755374106277025,5.216393102095691,0.8653846153846154,0.11538461538461539,2,25
event,2021-07-20,19,19,0.13435300292218033,5.55823057168487,0.9473684210526315,0.21052631578947367,2,10
event,2021-07-27,13,12,0.31188307777569185,2.7083671821902153,1.0,0.6153846153846154,1,5
event,2021-08-03,37,36,0.18856829551178222,4.73691045207954,0.918918918918919,0.16216216216216217,2,20
event,2021-08-10,48,46,0.1906039799878728,4.803084449221709,0.8333333333333334,0.125,2,23
event,2021-08-24,23,23,0.19014028044833775,4.437510634828213,0.7391304347826086,0.08695652173913043,2,17
event,2021-08-31,19,18,0.18309488389649534,4.376779406462866,0.9473684210526315,0.15789473684210525,2,14
event,2021-09-07,30,30,0.23302898384507018,3.8670555134718927,0.7666666666666667,0.16666666666666666,2,17
event,2021-09-14,13,12,0.21521947658203472,3.5635651381693263,0.7692307692307693,0.15384615384615385,2,8
event,2021-09-23,26,26,0.11103831470131549,6.885670050388492,0.9230769230769231,0.2692307692307692,2,12
event,2021-09-30,19,19,0.18834443616241628,4.327821202946669,0.7368421052631579,0.10526315789473684,2,15
event,2021-10-14,29,28,0.1719295561262333,4.962692942152607,0.896551724137931,0.20689655172413793,2,12
event,2021-10-21,29,28,0.21236356576345905,4.158117604337139,0.896551724137931,0.2413793103448276,2,15
event,2021-10-28,7,6,0.14081163650440778,3.521006536948102,0.8571428571428571,0.2857142857142857,2,5
event,2021-11-04,29,29,0.16653245115105816,5.121043245329914,0.8620689655172413,0.20689655172413793,2,16
event,2021-11-11,45,43,0.21944231089234606,4.20884605069601,0.6666666666666666,0.13333333333333333,2,23
event,2021-11-18,17,16,0.32044978439331845,2.755415492537109,0.8823529411764706,0.23529411764705882,2,8
event,2021-11-25,10,10,0.08749547041204588,5.594533185102724,1.0,0.3,1,6
event,2021-12-02,15,14,0.17479204470526838,4.278340808277472,0.8666666666666667,0.2,2,12
event,2021-12-09,40,40,0.22471519353297173,4.096726772056763,0.575,0.15,2,17
event,2021-12-16,18,18,0.19851636406402381,4.1144943176537945,0.8888888888888888,0.16666666666666666,2,12
event,2021-12-23,25,24,0.18579970789757447,4.551149273000353,0.92,0.2,2,14
event,2021-12-30,47,47,0.18007607361587344,5.062746066338609,0.9148936170212766,0.1276595744680851,2,18
event,2022-01-07,19,18,0.19227886057206542,4.216700324835412,0.8947368421052632,0.10526315789473684,2,14
event,2022-01-14,13,12,0.23347431279638403,3.3630237504369545,0.5384615384615384,0.3076923076923077,2,8
event,2022-01-21,16,14,0.12671349281588387,5.2884561859570285,0.8125,0.125,2,12
event,2022-01-28,6,5,0.3868514264173024,1.9627811890632816,1.0,0.3333333333333333,1,5
event,2022-02-11,39,39,0.25739777858483087,3.61743640424701,0.7692307692307693,0.1282051282051282,2,21
event,2022-02-18,54,52,0.2930408449727048,3.261193415846527,0.7037037037037037,0.16666666666666666,2,21
event,2022-02-25,13,12,0.11734702500741362,5.238305180657771,0.8461538461538461,0.15384615384615385,2,10
event,2022-03-04,10,10,0.2916997659289609,2.758394011789748,0.8,0.2,2,9
event,2022-03-11,26,25,0.331344159111393,2.7925909777386875,0.7307692307692307,0.23076923076923078,2,12
event,2022-03-18,45,44,0.3834726680680515,2.5158204039895535,0.7333333333333333,0.1111111111111111,2,22
event,2022-03-25,28,27,0.2721507832377478,3.3432721946777963,0.8214285714285714,0.17857142857142858,2,13
event,2022-04-01,31,31,0.3541738950351663,2.6666169239833795,0.8387096774193549,0.16129032258064516,2,17
event,2022-04-12,18,17,0.28655691592945315,3.043916196792212,0.9444444444444444,0.2222222222222222,2,12
event,2022-04-19,51,49,0.40892531537778576,2.3753642571124396,0.8627450980392157,0.21568627450980393,2,14
event,2022-05-06,77,77,0.5332670666406554,1.8541574165695962,0.8831168831168831,0.11688311688311688,2,19
event,2022-05-13,31,31,0.5254531387378648,1.8492454362811963,0.7419354838709677,0.16129032258064516,2,15
event,2022-05-20,23,22,0.42770263486357585,2.204021163409363,0.6956521739130435,0.21739130434782608,2,12
event,2022-05-27,16,16,0.2576329378123701,3.28913958553908,0.75,0.25,2,11
event,2022-06-06,15,15,0.29658338800910233,2.9113960673064154,1.0,0.26666666666666666,1,8
event,2022-06-20,26,25,0.4449753779532688,2.140519254722847,0.8846153846153846,0.19230769230769232,2,10
event,2022-06-27,31,31,0.467920073005939,2.061498875149636,0.8064516129032258,0.25806451612903225,2,16
event,2022-07-04,37,36,0.37462406807463233,2.551048900911571,0.7837837837837838,0.1891891891891892,2,15
event,2022-07-11,8,7,0.2511186790982177,2.7925026056879156,0.875,0.125,2,8
event,2022-07-18,12,12,0.37325260703963653,2.3502781374037367,1.0,0.25,1,8
event,2022-07-25,15,15,0.27283320069931105,3.112249625644085,0.8,0.2,2,8
event,2022-08-01,27,27,0.3311763958968779,2.8094019632048988,0.8888888888888888,0.4074074074074074,2,12
event,2022-08-08,46,46,0.3261464140599383,2.934311863236377,0.9565217391304348,0.13043478260869565,2,18
event,2022-08-15,38,38,0.32996354113482446,2.876902413179151,0.6052631578947368,0.07894736842105263,2,21
event,2022-08-22,22,22,0.2616895599731055,3.3869702358894997,0.7727272727272727,0.13636363636363635,2,15
event,2022-08-29,15,15,0.25685875570030475,3.2636915375291333,0.8,0.2,2,9
event,2022-09-05,23,23,0.2557271916201818,3.4711750971645206,0.9565217391304348,0.17391304347826086,2,13
event,2022-09-13,54,53,0.2680843558436192,3.5474316535437573,0.8518518518518519,0.14814814814814814,2,19
event,2022-09-20,13,13,0.331755383282248,2.6098838392097785,0.9230769230769231,0.3076923076923077,2,7
event,2022-09-27,36,36,0.1850207543327722,4.815585545247965,0.8888888888888888,0.1388888888888889,2,15
event,2022-10-11,21,20,0.20369944855267313,4.10653204652409,1.0,0.38095238095238093,1,9
event,2022-10-18,43,42,0.27549321371724944,3.415961160490448,0.813953488372093,0.16279069767441862,2,20
event,2022-10-25,10,10,0.2056660546330992,3.5075479904012576,0.9,0.3,2,7
event,2022-11-01,48,48,0.38401931375031073,2.5198295167035267,0.6458333333333334,0.10416666666666667,2,23
event,2022-11-08,21,20,0.2676614092748669,3.286464635988222,0.6666666666666666,0.14285714285714285,2,13
event,2022-11-15,21,20,0.29649536453670877,3.0150396541806184,0.9523809523809523,0.42857142857142855,2,11
event,2022-11-29,38,38,0.3530715008448315,2.7020021171280764,0.9473684210526315,0.15789473684210525,2,22
event,2022-12-06,39,38,0.41202855696381685,2.339173135418874,0.8461538461538461,0.3076923076923077,2,14
event,2022-12-13,5,5,0.2556266525288627,2.4721798064801304,0.8,0.4,2,4
event,2022-12-20,5,5,0.2530714964482802,2.484736282665758,1.0,0.4,1,4
event,2022-12-27,35,34,0.1959003579077773,4.5547639160154905,1.0,0.2,1,15
event,2023-01-04,82,81,0.3013382679624164,3.226184004180305,0.8536585365853658,0.15853658536585366,2,24
event,2023-01-11,19,18,0.22157535497666078,3.7761331744281064,1.0,0.21052631578947367,1,10
event,2023-01-18,15,15,0.13303611753115965,5.240164337811832,1.0,0.13333333333333333,1,10
event,2023-02-01,12,12,0.18253320193733782,3.989540460450168,0.8333333333333334,0.16666666666666666,2,7
event,2023-02-15,12,12,0.17973119663050557,4.030845151793906,1.0,0.25,1,7
event,2023-02-22,25,25,0.21299202827204483,4.090442177587393,0.96,0.16,2,15
event,2023-03-01,36,35,0.2267927139316039,4.017930405355783,0.9444444444444444,0.1388888888888889,2,17
event,2023-03-08,12,12,0.44328702184514945,2.042150934578158,1.0,0.4166666666666667,1,7
event,2023-03-15,17,17,0.1594233544253669,4.7876889872684405,0.9411764705882353,0.29411764705882354,2,8
event,2023-03-22,68,67,0.26634269696580487,3.6062962272504007,0.9264705882352942,0.19117647058823528,2,18
event,2023-03-29,19,19,0.19351585357958956,4.237963559208899,0.9473684210526315,0.2631578947368421,2,11
event,2023-04-06,41,41,0.16795998487728422,5.311982174189452,0.8536585365853658,0.24390243902439024,2,18
event,2023-04-13,14,14,0.13467624328874692,5.089444880281332,1.0,0.21428571428571427,1,11
event,2023-04-20,17,17,0.2710083592680913,3.185827192852781,0.9411764705882353,0.29411764705882354,2,7
event,2023-04-27,19,19,0.15876150010457846,4.925205566604393,1.0,0.2631578947368421,1,10
event,2023-05-09,20,20,0.25965214632178346,3.37075388107441,0.75,0.15,2,14
event,2023-05-16,44,43,0.25107369976117055,3.7245253111862637,0.7045454545454546,0.20454545454545456,2,17
event,2023-05-23,27,27,0.11697275636376661,6.681032262723493,0.9629629629629629,0.25925925925925924,2,10
event,2023-05-30,18,17,0.1970395946094846,4.0937876997098925,0.8333333333333334,0.16666666666666666,2,13
event,2023-06-06,12,12,0.20568528574747166,3.6781179171589433,0.8333333333333334,0.25,2,9
event,2023-06-13,37,36,0.1575730764850623,5.5256609818231235,0.7837837837837838,0.1891891891891892,2,19
event,2023-06-20,18,18,0.14200109792916601,5.2723789080621515,1.0,0.2777777777777778,1,8
event,2023-06-29,28,28,0.12246482724128885,6.501723611376975,0.9285714285714286,0.17857142857142858,2,14
event,2023-07-06,20,19,0.23809175474707425,3.594637234945933,0.75,0.45,2,9
event,2023-07-13,41,41,0.19375714634321278,4.685561213126522,0.6341463414634146,0.0975609756097561,2,17
event,2023-07-27,13,12,0.16034965706202067,4.3417755589330485,0.9230769230769231,0.23076923076923078,2,9
event,2023-08-03,29,29,0.19436544699688144,4.501545066616015,0.7931034482758621,0.1724137931034483,2,14
event,2023-08-10,18,17,0.16409900380746945,4.688899695705444,0.9444444444444444,0.2222222222222222,2,9
event,2023-08-17,8,8,0.2344919970269676,3.0286464763325847,0.875,0.375,2,5
event,2023-08-24,14,14,0.14449142008524152,4.863832727640311,0.9285714285714286,0.21428571428571427,2,10
event,2023-08-31,80,78,0.3138934844134094,3.0989521278968293,0.875,0.3125,2,20
event,2023-09-14,20,20,0.3291618509556687,2.7570709616839193,0.6,0.15,2,12
event,2023-09-21,8,8,0.24089329909668725,2.978125932672261,1.0,0.25,1,7
event,2023-09-28,56,55,0.3753924669744741,2.5856565468561605,0.8928571428571429,0.23214285714285715,2,16
event,2023-10-13,22,20,0.22842734940197604,3.7452344429314532,0.9545454545454546,0.2727272727272727,2,12
event,2023-10-20,6,6,0.2273831206367515,2.807785198002529,0.6666666666666666,0.3333333333333333,2,5
event,2023-10-27,121,118,0.31027510454491375,3.163353378365653,0.775,0.125,2,28
event,2023-11-03,47,47,0.34712487386264707,2.769961607885474,0.8297872340425532,0.23404255319148937,2,17
event,2023-11-10,18,17,0.3411263787004925,2.6323849383204436,0.8888888888888888,0.4444444444444444,2,9
event,2023-11-17,8,8,0.18866598465070242,3.447292354679231,1.0,0.375,1,5
event,2023-11-24,10,10,0.2661798777168386,2.944971239739294,1.0,0.2,1,8
event,2023-12-01,18,18,0.21024297455304228,3.9351740696428545,0.8333333333333334,0.16666666666666666,2,11
event,2023-12-08,35,34,0.3188192319751952,2.9511238371901714,0.8571428571428571,0.17142857142857143,2,13
event,2023-12-15,10,9,0.1646339111697136,3.8842136801474063,1.0,0.2,1,8
event,2023-12-22,39,39,0.2462433485201708,3.765479290211224,0.8717948717948718,0.2564102564102564,2,16
event,2023-12-29,114,114,0.36292518401352,2.7136043544943207,0.7807017543859649,0.22807017543859648,2,30
event,2024-01-15,21,20,0.3544489722593671,2.585806607137049,0.8095238095238095,0.14285714285714285,2,13
event,2024-01-29,45,43,0.3795029728365049,2.5385018622621076,0.8666666666666667,0.13333333333333333,2,20
event,2024-02-05,14,14,0.2953870618886839,2.8925429760256054,0.7857142857142857,0.14285714285714285,2,12
event,2024-02-20,82,80,0.5321792932813686,1.8586426018325986,0.9878048780487805,0.2682926829268293,2,18
event,2024-03-05,7,7,0.5255013145419233,1.6855253324916268,0.8571428571428571,0.42857142857142855,2,5
event,2024-03-12,20,20,0.550336924891442,1.7457488612519054,0.7,0.2,2,12
event,2024-03-19,5,5,0.2929629235113335,2.302182977644712,1.0,0.4,1,4
event,2024-03-26,7,7,0.35550004215180975,2.2342800622171435,1.0,0.42857142857142855,1,5
event,2024-04-02,65,64,0.39682656542023953,2.461531491477716,0.8615384615384616,0.15384615384615385,2,25
event,2024-04-11,19,19,0.2659829661513716,3.282827668523223,0.7368421052631579,0.15789473684210525,2,13
event,2024-04-18,38,37,0.3937631186330432,2.438144878773842,0.868421052631579,0.13157894736842105,2,18
event,2024-04-25,66,66,0.5425145169354073,1.8200146882504369,0.8333333333333334,0.3333333333333333,2,18
event,2024-05-07,25,25,0.2620779080049579,3.429416534576142,0.96,0.2,2,13
event,2024-05-14,12,12,0.27666817380170844,2.967836141246089,1.0,0.16666666666666666,1,10
event,2024-05-21,19,19,0.14577761777360185,5.242829773659999,0.8947368421052632,0.15789473684210525,2,13
event,2024-05-28,21,21,0.3192153894800254,2.843868457050881,0.8571428571428571,0.23809523809523808,2,12
event,2024-06-04,27,27,0.4483903787968096,2.133013143523226,0.7777777777777778,0.25925925925925924,2,13
event,2024-06-12,38,38,0.4805014783139681,2.0235849143822855,0.868421052631579,0.3157894736842105,2,15
event,2024-06-19,19,19,0.27576443308857856,3.185909669607384,0.8421052631578947,0.10526315789473684,2,13
event,2024-06-26,21,21,0.40370923813294685,2.3142574842003256,0.9523809523809523,0.23809523809523808,2,9
event,2024-07-03,27,27,0.2887557753092495,3.173614276379547,0.8148148148148148,0.14814814814814814,2,15
event,2024-07-10,50,50,0.3430266361630779,2.807678749724077,0.86,0.26,2,16
event,2024-07-17,33,32,0.28628349188128266,3.240575817455624,0.8484848484848485,0.12121212121212122,2,17
event,2024-07-24,9,9,0.054418477399825096,6.270257201508816,0.8888888888888888,0.3333333333333333,2,7
event,2024-07-31,127,120,0.34685258127326357,2.838526370351019,0.7,0.19166666666666668,2,33
event,2024-08-07,15,15,0.27884125909217505,3.05886627413979,1.0,0.2,1,12
event,2024-08-14,17,17,0.25339640665112795,3.3634444002188726,0.8823529411764706,0.17647058823529413,2,11
event,2024-08-21,22,22,0.31760621658807286,2.8684188918128597,0.9545454545454546,0.36363636363636365,2,10
event,2024-08-28,23,23,0.4334259541742855,2.1831219819242023,0.9565217391304348,0.21739130434782608,2,12
event,2024-09-04,25,25,0.341913995595152,2.715639157939776,0.64,0.12,2,18
event,2024-09-11,32,32,0.3498812442757208,2.7012611389800703,0.84375,0.21875,2,12
event,2024-09-20,48,48,0.30427366442306364,3.137078112665164,0.8125,0.125,2,26
event,2024-09-27,21,20,0.27537170845865416,3.2092104541755906,1.0,0.23809523809523808,1,11
event,2024-10-18,12,12,0.5851137379937177,1.6137163484251655,1.0,0.25,1,7
event,2024-10-25,34,33,0.7417813553790786,1.334033856226047,0.8529411764705882,0.23529411764705882,2,16
event,2024-11-01,15,15,0.5163878916667656,1.8227263758259151,0.8666666666666667,0.2,2,11
event,2024-11-08,59,58,0.672635562437301,1.4743178760286286,0.7288135593220338,0.3050847457627119,2,20
event,2024-11-15,7,7,0.49301081108302114,1.7685410007424174,1.0,0.2857142857142857,1,6
event,2024-11-22,5,5,0.41087567687972343,1.8914298766475781,1.0,0.4,1,4
event,2024-11-29,14,14,0.41107225872907743,2.206830676944653,0.7857142857142857,0.14285714285714285,2,11
event,2024-12-06,71,71,0.6093648608382817,1.6263686024566741,0.7323943661971831,0.11267605633802817,2,26
event,2024-12-13,10,10,0.529173314562555,1.7353398998297846,0.9,0.3,2,8
event,2024-12-20,33,33,0.6591302042852549,1.4937421345498236,0.6363636363636364,0.2727272727272727,2,13
event,2024-12-27,32,31,0.6209675507805893,1.5792938056819377,0.875,0.21875,2,16
event,2025-01-06,9,9,0.3567324539393651,2.335321174233368,1.0,0.3333333333333333,1,7
event,2025-01-13,23,22,0.3655728123377943,2.5354300245132415,0.9565217391304348,0.2608695652173913,2,9
event,2025-01-20,113,111,0.5198486412607135,1.9077622545338058,0.6548672566371682,0.11504424778761062,2,29
event,2025-01-27,42,42,0.49280719761511205,1.9806560544783292,0.5476190476190477,0.19047619047619047,2,18
event,2025-02-11,13,12,0.32444172163998264,2.626476361546062,0.9230769230769231,0.3076923076923077,2,8
event,2025-02-18,10,10,0.18839011253953922,3.709871691232733,1.0,0.2,1,9
event,2025-02-25,8,8,0.35731851906367973,2.2849115418135963,1.0,0.25,1,6
event,2025-03-04,25,25,0.3217229369421345,2.866528531146558,0.88,0.16,2,12
event,2025-03-11,40,38,0.23484240436761653,3.9219049797350056,0.925,0.2,2,20
event,2025-03-18,44,44,0.4087757425042132,2.368474706670347,0.75,0.22727272727272727,2,19
event,2025-03-25,13,13,0.1787485793567089,4.133567716344335,1.0,0.15384615384615385,1,11
event,2025-04-01,34,33,0.314909642459197,2.9791167817073214,0.7647058823529411,0.35294117647058826,2,14
event,2025-04-09,12,12,0.3164010226473646,2.6783255671796247,1.0,0.16666666666666666,1,10
event,2025-04-16,46,45,0.41912508701262696,2.314635760527137,0.8695652173913043,0.13043478260869565,2,21
event,2025-04-23,79,79,0.513766786359348,1.923366770140376,0.6962025316455697,0.1518987341772152,2,22
event,2025-04-30,13,13,0.37475569195234476,2.364896938226656,0.7692307692307693,0.15384615384615385,2,8
event,2025-05-12,17,17,0.3949232247603563,2.32279417066469,0.8235294117647058,0.11764705882352941,2,13
event,2025-05-19,13,12,0.3313820132288178,2.5833106125598846,0.9230769230769231,0.23076923076923078,2,10
event,2025-05-26,15,15,0.4226766047064309,2.1684220752543366,1.0,0.26666666666666666,1,9
event,2025-06-03,44,44,0.406333570372424,2.381939245447427,0.7727272727272727,0.1590909090909091,2,20
event,2025-06-10,19,18,0.39952402943913995,2.310088728445019,0.8947368421052632,0.2631578947368421,2,13
event,2025-06-17,19,19,0.3585983447942188,2.548703645345569,0.8947368421052632,0.15789473684210525,2,13
event,2025-06-24,107,107,0.6147550707880335,1.617192723377693,0.6635514018691588,0.1308411214953271,2,23
event,2025-07-01,28,28,0.39108128556090965,2.422314071362315,0.7857142857142857,0.21428571428571427,2,17
event,2025-07-08,21,21,0.20891377122889568,4.055404218231929,0.8095238095238095,0.19047619047619047,2,11
event,2025-07-15,29,29,0.26159046100211947,3.483678942745704,0.5517241379310345,0.3103448275862069,2,14
event,2025-07-22,48,48,0.14452367740984862,6.159679814235462,0.8125,0.1875,2,18
event,2025-07-29,21,21,0.17341849970026607,4.699700344459656,0.9523809523809523,0.19047619047619047,2,12
event,2025-08-05,25,25,0.10960704080882039,6.885973009126269,0.84,0.16,2,15
event,2025-08-12,55,54,0.21221277787661189,4.409143272998102,0.5636363636363636,0.16363636363636364,2,20
event,2025-08-19,32,32,0.16599913305046307,5.2066612319051195,0.96875,0.15625,2,14
event,2025-08-26,30,30,0.198973725299358,4.431158823478945,0.8,0.16666666666666666,2,18
event,2025-09-02,16,16,0.22479537997399107,3.659710342944772,1.0,0.1875,1,11
event,2025-09-09,34,33,0.2941298127953358,3.1693730202268484,0.6470588235294118,0.20588235294117646,2,15
event,2025-09-16,34,33,0.2847993140422808,3.262940162123055,0.7647058823529411,0.17647058823529413,2,16
event,2025-09-23,24,24,0.2493491437847331,3.5634583522039502,0.9166666666666666,0.3333333333333333,2,12
event,2025-09-30,65,65,0.34830412327299975,2.7907219704374513,0.6615384615384615,0.13846153846153847,2,20
event,2025-10-15,23,22,0.20130825191930224,4.208534176693027,0.782608695652174,0.17391304347826086,2,13
event,2025-10-22,13,13,0.2322687242238384,3.4325927458096057,0.9230769230769231,0.15384615384615385,2,9
event,2025-10-29,82,81,0.3716305639762262,2.6358225430420674,0.7195121951219512,0.15853658536585366,2,23
event,2025-11-05,16,16,0.1532899763324746,4.849440563024191,0.8125,0.25,2,11
event,2025-11-12,19,19,0.2842892131052187,3.1059932442543743,0.631578947368421,0.15789473684210525,2,11
event,2025-11-19,14,14,0.2427406498789718,3.3689248626884716,0.9285714285714286,0.2857142857142857,2,8
event,2025-11-26,35,34,0.27489322525024507,3.375870481881386,0.9428571428571428,0.17142857142857143,2,18
event,2025-12-03,36,35,0.27290865695285915,3.405035488697087,0.8611111111111112,0.19444444444444445,2,18
event,2025-12-10,19,19,0.2596712468138742,3.3485590299472636,0.7894736842105263,0.2631578947368421,2,14
event,2025-12-17,42,42,0.246962474253121,3.7751243137176926,0.8095238095238095,0.14285714285714285,2,19
event,2025-12-24,46,44,0.20875250472129914,4.410427263118157,0.782608695652174,0.21739130434782608,2,19
event,2025-12-31,12,12,0.13758130448731268,4.774419900742409,0.9166666666666666,0.16666666666666666,2,9
event,2026-01-09,15,15,0.14312472833155085,4.993764125867391,0.8,0.2,2,10
event,2026-01-16,10,10,0.2529232701504398,3.052214758563701,0.9,0.3,2,6
event,2026-01-23,35,35,0.1687576317200054,5.194605137180534,0.8571428571428571,0.2,2,18
event,2026-01-30,10,10,0.10135635633617611,5.229558785919899,0.8,0.2,2,9
event,2026-02-06,8,8,0.10659535741527738,4.58146196814648,1.0,0.375,1,5
event,2026-02-13,19,19,0.3069308859058833,2.9119863112668867,0.8947368421052632,0.2631578947368421,2,8
event,2026-03-02,34,33,0.22714191243837237,3.9910304864745236,0.8529411764705882,0.17647058823529413,2,14
event,2026-03-09,21,20,0.21685090019050327,3.906122514216684,1.0,0.2857142857142857,1,10
event,2026-03-16,35,35,0.2613391912622496,3.540527532500055,0.6285714285714286,0.17142857142857143,2,16
event,2026-03-30,41,41,0.2629436900762699,3.559723776994385,0.8536585365853658,0.17073170731707318,2,16
event,2026-04-07,39,39,0.32331253574644797,2.935448061387754,0.8205128205128205,0.20512820512820512,2,22
event,2026-04-14,29,27,0.22830086375609324,3.8928332097352105,0.9310344827586207,0.1724137931034483,2,17
event,2026-04-21,27,27,0.3611762300288247,2.5985069989364127,0.6296296296296297,0.2222222222222222,2,13
event,2026-04-28,20,20,0.1912592752881144,4.3159944732122915,0.9,0.2,2,13
event,2026-05-08,21,20,0.37166695945901557,2.4808748644313754,0.9047619047619048,0.19047619047619047,2,13
event,2026-05-22,13,13,0.19806431825392026,3.8498307545307346,0.9230769230769231,0.3076923076923077,2,6
event,2026-05-29,26,25,0.1863600925669094,4.568177305890884,0.8076923076923077,0.11538461538461539,2,17
event,2026-06-05,12,12,0.16608604155786105,4.244862851826095,0.9166666666666666,0.25,2,10
event,2026-06-12,57,56,0.31697166750440997,3.0379568217740203,0.7719298245614035,0.14035087719298245,2,22
event,2026-06-22,41,41,0.3075177837383561,3.0825418973877445,0.6829268292682927,0.14634146341463414,2,19
event,2026-06-29,19,19,0.14975563518924123,5.1412470588006975,0.8421052631578947,0.15789473684210525,2,13
event,2026-07-06,64,64,0.2839448435252588,3.388300543242628,0.71875,0.125,2,23
event,2026-07-13,6,5,0.2410608127611235,2.5455095733897677,1.0,0.3333333333333333,1,5
event,2026-07-20,13,13,0.21168257142697142,3.6721184039671444,0.8461538461538461,0.23076923076923078,2,9
event,2026-07-27,21,21,0.502273548684188,1.901231740143383,0.5238095238095238,0.2857142857142857,2,9
event,2026-08-03,21,21,0.35504460317957254,2.592307098422178,0.8571428571428571,0.14285714285714285,2,13
event,2026-08-10,35,35,0.23262704474281481,3.9284706218581107,0.5142857142857142,0.2857142857142857,2,15
event,2026-08-17,10,10,0.2956840535675366,2.7313773800355903,0.6,0.3,2,7
event,2026-08-24,15,15,0.4095830502770921,2.227448408895598,0.7333333333333333,0.13333333333333333,2,11
event,2026-08-31,41,41,0.23714764381168574,3.910010347971354,0.7317073170731707,0.14634146341463414,2,19
event,2026-09-07,35,35,0.23826556263728815,3.845718929291852,0.5428571428571428,0.2,2,17
