l1,l2,现有,含ST,有效现有,1亿以上候选,放宽档候选,候选池,新增,补齐后,达标,新增名单,放宽档数
交通运输,物流,1,0,1,13,8,21,7,8,是,XD圆通速(600233)、东航物流(601156)、物产中大(600704)、建发股份(600153)、申通快递(002468)、韵达股份(002120)、嘉友国际(603871),0
交通运输,航空机场,5,0,5,8,3,11,3,8,是,海航控股(600221)、吉祥航空(603885)、华夏航空(002928),0
交通运输,航运港口,5,0,5,23,7,30,3,8,是,上港集团(600018)、宁波港(601018)、辽港股份(601880),0
交通运输,铁路公路,2,0,2,11,4,15,6,8,是,京沪高铁(601816)、宁沪高速(600377)、山东高速(600350)、粤高速Ａ(000429)、广深铁路(601333)、大众交通(600611),0
传媒,出版,0,0,0,15,6,21,8,8,是,凤凰传媒(601928)、中南传媒(601098)、中文在线(300364)、中国科传(601858)、中国出版(601949)、南方传媒(601900)、粤 传 媒(002181)、龙版传媒(605577),0
传媒,广告营销,2,0,2,16,1,17,6,8,是,易点天下(301171)、省广集团(002400)、三人行(605168)、浙文互联(600986)、智度股份(000676)、天下秀(600556),0
传媒,影视院线,1,0,1,16,2,18,7,8,是,中国电影(600977)、儒意电影(002739)、华策影视(300133)、捷成股份(300182)、奥飞娱乐(002292)、上海电影(601595)、博纳影业(001330),0
传媒,数字媒体,0,0,0,9,3,12,8,8,是,芒果超媒(300413)、人民网(603000)、新华网(603888)、视觉中国(000681)、掌阅科技(603533)、风语筑(603466)、值得买(300785)、返利科技(600228),0
传媒,游戏,11,0,11,21,1,22,0,11,是,,0
传媒,电视广播,0,0,0,8,2,10,8,8,是,东方明珠(600637)、歌华有线(600037)、电广传媒(000917)、贵广网络(600996)、无线传媒(301551)、海看股份(301262)、吉视传媒(601929)、北投科技(600936),0
公用事业,燃气,1,0,1,13,3,16,7,8,是,九丰能源(605090)、深圳燃气(601139)、胜通能源(001331)、大众公用(600635)、新天然气(603393)、首华燃气(300483)、贵州燃气(600903),0
公用事业,电力,15,0,15,82,10,92,0,15,是,,0
农林牧渔,养殖业,5,0,5,15,2,17,3,8,是,神农集团(605296)、益生股份(002458)、京基智农(000048),0
农林牧渔,农业综合,0,0,0,1,1,2,2,2,否,大禹节水(300021)、辉隆股份(002556),1
农林牧渔,农产品加工,0,0,0,14,1,15,8,8,是,金龙鱼(300999)、中粮糖业(600737)、安德利(605198)、中粮科技(000930)、冠农股份(600251)、深粮控股(000019)、金健米业(600127)、国投中鲁(600962),0
农林牧渔,动物保健,1,0,1,2,2,4,3,4,否,绿康生化(002868)、瑞普生物(300119)、回盛生物(300871),2
农林牧渔,林业,0,0,0,1,0,1,1,1,否,福建金森(002679),0
农林牧渔,渔业,0,0,0,4,0,4,4,4,否,中水渔业(000798)、好当家(600467)、国联水产(300094)、大湖股份(600257),0
农林牧渔,种植业,0,0,0,18,0,18,8,8,是,海南橡胶(601118)、北大荒(600598)、隆平高科(000998)、苏垦农发(601952)、诺 普 信(002215)、登海种业(002041)、农发种业(600313)、亚盛集团(600108),0
农林牧渔,饲料,3,0,3,14,2,16,5,8,是,乖宝宠物(301498)、天康生物(002100)、中宠股份(002891)、傲农生物(603363)、天马科技(603668),0
医药生物,中药,11,0,11,38,7,45,0,11,是,,0
医药生物,化学制药,14,0,14,95,12,107,0,14,是,,0
医药生物,医疗器械,10,0,10,48,12,60,0,10,是,,0
医药生物,医疗服务,7,0,7,41,3,44,1,8,是,百奥赛图(688796),0
医药生物,医药商业,0,0,0,18,0,18,8,8,是,上海医药(601607)、益丰药房(603939)、九州通(600998)、大参林(603233)、国药股份(600511)、中国医药(600056)、百洋医药(301015)、老百姓(603883),0
医药生物,生物制品,8,0,8,35,7,42,0,8,是,,0
商贸零售,一般零售,0,0,0,32,9,41,8,8,是,小商品城(600415)、万辰集团(300972)、供销大集(000564)、永辉超市(601933)、百联股份(600827)、居然智家(000785)、XD浙江东(600113)、农 产 品(000061),0
商贸零售,专业连锁,0,0,0,4,0,4,4,4,否,爱施德(002416)、天音控股(000829)、孩子王(301078)、博士眼镜(300622),0
商贸零售,互联网电商,0,0,0,13,0,13,8,8,是,国联股份(603613)、焦点科技(002315)、赛维时代(301381)、若羽臣(003010)、吉宏股份(002803)、华凯易佰(300592)、南极电商(002127)、壹网壹创(300792),0
商贸零售,旅游零售,1,0,1,2,0,2,1,2,否,珠免集团(600185),0
商贸零售,贸易,0,0,0,4,1,5,5,5,否,中信金属(601061)、苏美达(600710)、怡 亚 通(002183)、凯瑞德(002072)、江苏国泰(002091),1
国防军工,军工电子,13,0,13,37,5,42,0,13,是,,0
国防军工,地面兵装,1,0,1,11,0,11,7,8,是,长城军工(601606)、内蒙一机(600967)、中兵红箭(000519)、光电股份(600184)、国科军工(688543)、北方长龙(301357)、银河电子(002519),0
国防军工,航天装备,4,0,4,7,1,8,4,8,是,航天环宇(688523)、中天火箭(003009)、星网宇达(002829)、新余国科(300722),1
国防军工,航海装备,5,0,5,9,1,10,3,8,是,松发股份(603268)、海兰信(300065)、江龙船艇(300589),0
国防军工,航空装备,8,0,8,34,2,36,0,8,是,,0
基础化工,农化制品,8,0,8,39,3,42,0,8,是,,0
基础化工,化学制品,16,0,16,76,19,95,0,16,是,,0
基础化工,化学原料,4,0,4,34,5,39,4,8,是,君正集团(601216)、龙佰集团(002601)、振华股份(603067)、鲁西化工(000830),0
基础化工,化学纤维,3,0,3,13,0,13,5,8,是,华峰化学(002064)、中复神鹰(688295)、XD天富龙(603406)、新乡化纤(000949)、吉林化纤(000420),0
基础化工,塑料,4,0,4,40,7,47,4,8,是,上纬新材(688585)、蓝晓科技(300487)、金发科技(600143)、国恩股份(002768),0
基础化工,橡胶,1,0,1,7,0,7,6,7,否,科创新源(300731)、黑猫股份(002068)、天铁科技(300587)、震安科技(300767)、阳谷华泰(300121)、三 力 士(002224),0
基础化工,非金属材料,1,0,1,5,1,6,5,6,否,石英股份(603688)、力量钻石(301071)、坤彩科技(603826)、索通发展(603612)、长江材料(001296),1
家用电器,其他家电,0,0,0,0,1,1,1,1,否,奥佳华(002614),1
家用电器,厨卫电器,0,0,0,4,1,5,5,5,否,老板电器(002508)、日出东方(603366)、万和电气(002543)、亿田智能(300911)、火星人(300894),1
家用电器,家电零部件,3,0,3,14,2,16,5,8,是,盾安环境(002011)、海立股份(600619)、华翔股份(603112)、同星科技(301252)、金海高科(603311),0
家用电器,小家电,3,0,3,6,1,7,4,7,否,莱克电气(603355)、九阳股份(002242)、爱仕达(002403)、彩虹集团(003023),0
家用电器,照明设备,0,0,0,5,0,5,5,5,否,民爆光电(301362)、立达信(605365)、联域股份(001326)、勤上股份(002638)、海洋王(002724),0
家用电器,白色家电,3,0,3,5,0,5,2,5,否,海信家电(000921)、TCL智家(002668),0
家用电器,黑色家电,3,0,3,8,1,9,5,8,是,四川九洲(000801)、创维数字(000810)、极米科技(688696)、九联科技(688609)、高斯贝尔(002848),0
建筑材料,水泥,6,0,6,6,1,7,2,8,是,宁夏建材(600449)、福建水泥(600802),0
建筑材料,玻璃玻纤,3,0,3,10,2,12,5,8,是,国际复材(301526)、中材科技(002080)、再升科技(603601)、山东玻纤(605006)、长海股份(300196),0
建筑材料,装修建材,3,0,3,11,5,16,5,8,是,兔 宝 宝(002043)、万里石(002785)、中旗新材(001212)、凯伦股份(300715)、开尔新材(300234),0
建筑装饰,专业工程,2,0,2,19,3,22,6,8,是,中国中冶(601618)、中国化学(601117)、中材国际(600970)、罗曼股份(605289)、鸿路钢构(002541)、柏诚股份(601133),0
建筑装饰,基础建设,2,0,2,18,1,19,6,8,是,中国能建(601868)、中国中铁(601390)、中国交建(601800)、中国铁建(601186)、中国电建(601669)、中国核建(601611),0
建筑装饰,工程咨询服务,1,0,1,12,3,15,7,8,是,华建集团(600629)、深城交(301091)、中国瑞林(603257)、地铁设计(003013)、矩阵股份(301365)、中粮科工(301058)、甘咨询(000779),0
建筑装饰,房屋建设,1,0,1,5,0,5,4,5,否,高新发展(000628)、上海建工(600170)、浙江建投(002761)、宁波建工(601789),0
建筑装饰,装修装饰,0,0,0,10,2,12,8,8,是,江河集团(601886)、金 螳 螂(002081)、东易日盛(002713)、海南发展(002163)、宝鹰股份(002047)、德才股份(605287)、中天精装(002989)、郑中设计(002811),0
房地产,房地产开发,16,0,16,36,13,49,0,16,是,,0
房地产,房地产服务,0,0,0,3,1,4,4,4,否,我爱我家(000560)、世联行(002285)、特发服务(300917)、招商积余(001914),1
有色金属,小金属,11,0,11,23,1,24,0,11,是,,0
有色金属,工业金属,10,0,10,49,0,49,0,10,是,,0
有色金属,能源金属,7,0,7,12,0,12,1,8,是,永兴材料(002756),0
有色金属,贵金属,6,0,6,11,0,11,2,8,是,西部黄金(601069)、四川黄金(001337),0
有色金属,金属新材料,1,0,1,19,4,23,7,8,是,金力永磁(300748)、铂科新材(300811)、龙磁科技(300835)、江南新材(603124)、博威合金(601137)、安泰科技(000969)、中科三环(000970),0
机械设备,专用设备,15,0,15,73,14,87,0,15,是,,0
机械设备,工程机械,7,0,7,17,1,18,1,8,是,浙江鼎力(603338),0
机械设备,自动化设备,13,0,13,49,7,56,0,13,是,,0
机械设备,轨交设备,2,0,2,8,3,11,6,8,是,中国中车(601766)、中国通号(688009)、九州一轨(688485)、中国铁物(000927)、永贵电器(300351)、众合科技(000925),0
机械设备,通用设备,18,0,18,114,17,131,0,18,是,,0
汽车,乘用车,5,0,5,8,0,8,3,8,是,广汽集团(601238)、北汽蓝谷(600733)、海马汽车(000572),0
汽车,商用车,1,0,1,7,2,9,7,8,是,宇通客车(600066)、中国重汽(000951)、福田汽车(600166)、中集车辆(301039)、金龙汽车(600686)、中通客车(000957)、一汽解放(000800),1
汽车,摩托车及其他,2,0,2,7,0,7,6,8,是,春风动力(603129)、隆鑫通用(603766)、涛涛车业(301345)、爱玛科技(603529)、征和工业(003033)、绿通科技(301322),0
汽车,汽车服务,0,0,0,1,2,3,3,3,否,阿尔特(300825)、中国汽研(601965)、国机汽车(600335),2
汽车,汽车零部件,4,0,4,96,29,125,4,8,是,福耀玻璃(600660)、华域汽车(600741)、赛轮轮胎(601058)、中策橡胶(603049),0
煤炭,焦炭,1,0,1,6,0,6,5,6,否,山西焦化(600740)、陕西黑猫(601015)、宝泰隆(601011)、云煤能源(600792)、安泰集团(600408),0
煤炭,煤炭开采,14,0,14,27,1,28,0,14,是,,0
环保,环保设备,0,0,0,8,4,12,8,8,是,盈峰环境(000967)、华宏科技(002645)、恒誉科技(688309)、创元科技(000551)、先河环保(300137)、严牌股份(301081)、龙源技术(300105)、法尔胜(000890),0
环保,环境治理,2,0,2,32,10,42,6,8,是,伟明环保(603568)、浙富控股(002266)、瀚蓝环境(600323)、兴蓉环境(000598)、首创环保(600008)、中山公用(000685),0
电力设备,光伏设备,16,0,16,42,4,46,0,16,是,,0
电力设备,其他电源设备,4,0,4,19,2,21,4,8,是,上海电气(601727)、东方电气(600875)、海博思创(688411)、科华数据(002335),0
电力设备,电机,3,0,3,13,2,15,5,8,是,卧龙电驱(600580)、三瑞智能(301696)、兆威机电(003021)、大洋电机(002249)、湘电股份(600416),0
电力设备,电池,21,0,21,70,5,75,0,21,是,,0
电力设备,电网设备,14,0,14,77,8,85,0,14,是,,0
电力设备,风电设备,2,0,2,17,3,20,6,8,是,大金重工(002487)、明阳智能(601615)、天顺风能(002531)、禾望电气(603063)、新强联(300850)、电气风电(688660),0
电子,元件,16,0,16,57,0,57,0,16,是,,0
电子,光学光电子,13,0,13,61,9,70,0,13,是,,0
电子,其他电子,4,0,4,28,1,29,4,8,是,深圳华强(000062)、沃尔核材(002130)、瑞可达(688800)、英唐智控(300131),0
电子,半导体,69,1,68,162,5,167,0,68,是,,0
电子,消费电子,10,0,10,68,3,71,0,10,是,,0
电子,电子化学品,17,0,17,33,1,34,0,17,是,,0
石油石化,油服工程,2,0,2,9,0,9,6,8,是,中海油服(601808)、石化油服(600871)、海油发展(600968)、中油工程(600339)、潜能恒信(300191)、通源石油(300164),0
石油石化,油气开采,2,1,1,3,0,3,2,3,否,新潮能源(600777)、蓝焰控股(000968),0
石油石化,炼化及贸易,5,0,5,20,1,21,3,8,是,荣盛石化(002493)、东方盛虹(000301)、恒逸石化(000703),0
社会服务,专业服务,0,0,0,9,6,15,8,8,是,华测检测(300012)、胜科纳米(688757)、信测标准(300938)、苏试试验(300416)、实朴检测(301228)、中钢天源(002057)、联检科技(301115)、天溯计量(301449),0
社会服务,体育,0,0,0,1,0,1,1,1,否,中体产业(600158),0
社会服务,教育,0,0,0,7,0,7,7,7,否,中公教育(002607)、科德教育(300192)、国脉科技(002093)、创业黑马(300688)、博瑞传播(600880)、学大教育(000526)、传智教育(003032),0
社会服务,旅游及景区,1,0,1,20,3,23,7,8,是,长白山(603099)、黄山旅游(600054)、岭南控股(000524)、凯撒旅业(000796)、陕西旅游(603402)、张家界(000430)、大连圣亚(600593),0
社会服务,酒店餐饮,2,0,2,5,0,5,3,5,否,华天酒店(000428)、西安饮食(000721)、君亭酒店(301073),0
纺织服饰,服装家纺,1,0,1,17,2,19,7,8,是,海澜之家(600398)、比音勒芬(002832)、探路者(300005)、天创时尚(603608)、红豆股份(600400)、朗姿股份(002612)、七 匹 狼(002029),0
纺织服饰,纺织制造,0,0,0,6,6,12,8,8,是,伟星股份(002003)、孚日股份(002083)、聚杰微纤(300819)、华孚时尚(002042)、兴业科技(002674)、富春染织(605189)、华利集团(300979)、台华新材(603055),2
纺织服饰,饰品,1,0,1,10,2,12,7,8,是,XD中国黄(600916)、周大生(002867)、迪阿股份(301177)、潮宏基(002345)、飞亚达(000026)、金一文化(002721)、深中华A(000017),0
综合,综合,1,0,1,9,1,10,7,8,是,粤桂股份(000833)、综艺股份(600770)、南京新百(600682)、特 力Ａ(000025)、红棉股份(000523)、亚泰集团(600881)、漳州发展(000753),0
美容护理,个护用品,0,0,0,1,2,3,3,3,否,百亚股份(003006)、稳健医疗(300888)、延江股份(300658),2
美容护理,化妆品,0,0,0,6,3,9,8,8,是,珀莱雅(603605)、贝泰妮(300957)、上海家化(600315)、丸美生物(603983)、水羊股份(300740)、青岛金王(002094)、敷尔佳(301371)、诺斯贝尔(300132),2
美容护理,医疗美容,1,0,1,1,1,2,1,2,否,华熙生物(688363),1
计算机,IT服务,11,0,11,68,16,84,0,11,是,,0
计算机,计算机设备,9,0,9,45,9,54,0,9,是,,0
计算机,软件开发,17,0,17,73,17,90,0,17,是,,0
轻工制造,包装印刷,1,0,1,12,5,17,7,8,是,裕同科技(002831)、金富科技(003018)、嘉美包装(002969)、奥瑞金(002701)、紫江企业(600210)、顺灏股份(002565)、美盈森(002303),0
轻工制造,家居用品,2,0,2,20,11,31,6,8,是,公牛集团(603195)、欧派家居(603833)、悍高集团(001221)、菲林格尔(603226)、亚振家居(603389)、匠心家居(301061),0
轻工制造,文娱用品,0,0,0,4,7,11,8,8,是,晨光股份(603899)、高乐股份(002348)、舒华体育(605299)、实丰文化(002862)、珠江钢琴(002678)、齐心集团(002301)、通达创智(001368)、英派斯(002899),4
轻工制造,造纸,0,0,0,6,5,11,8,8,是,太阳纸业(002078)、仙鹤股份(603733)、青山纸业(600103)、岳阳林纸(600963)、景兴纸业(002067)、安妮股份(002235)、山鹰国际(600567)、冠豪高新(600433),2
通信,通信服务,5,0,5,25,3,28,3,8,是,数据港(603881)、奥飞数据(300738)、润建股份(002929),0
通信,通信设备,22,0,22,68,4,72,0,22,是,,0
钢铁,冶钢原料,2,0,2,6,0,6,4,6,否,方大炭素(600516)、海南矿业(601969)、河钢资源(000923)、宝地矿业(601121),0
钢铁,普钢,5,0,5,10,3,13,3,8,是,首钢股份(000959)、河钢股份(000709)、马钢股份(600808),0
钢铁,特钢,4,0,4,8,2,10,4,8,是,甬金股份(603995)、抚顺特钢(600399)、金洲管道(002443)、常宝股份(002478),0
银行,农商行,1,0,1,9,1,10,7,8,是,渝农商行(601077)、常熟银行(601128)、青农商行(002958)、无锡银行(600908)、江阴银行(002807)、张家港行(002839)、苏农银行(603323),0
银行,国有大型银行,4,0,4,6,0,6,2,6,否,建设银行(601939)、邮储银行(601658),0
银行,城商行,6,0,6,17,0,17,2,8,是,杭州银行(600926)、齐鲁银行(601665),0
银行,股份制银行,7,0,7,9,0,9,1,8,是,光大银行(601818),0
非银金融,保险,4,0,4,5,0,5,1,5,否,中国人保(601319),0
非银金融,多元金融,1,0,1,20,2,22,7,8,是,中油资本(000617)、江苏金租(600901)、越秀资本(000987)、国网英大(600517)、渤海租赁(000415)、建元信托(600816)、五矿资本(600390),0
非银金融,证券,13,0,13,50,0,50,0,13,是,,0
食品饮料,休闲食品,0,0,0,3,3,6,6,6,否,盐津铺子(002847)、来伊份(603777)、桂发祥(002820)、三只松鼠(300783)、煌上煌(002695)、元祖股份(603886),3
食品饮料,白酒,7,0,7,14,2,16,1,8,是,迎驾贡酒(603198),0
食品饮料,调味发酵品,2,0,2,7,0,7,5,7,否,中炬高新(600872)、天味食品(603317)、涪陵榨菜(002507)、千禾味业(603027)、安记食品(603696),0
食品饮料,非白酒,3,0,3,7,0,7,4,7,否,百润股份(002568)、会稽山(601579)、古越龙山(600059)、威龙股份(603779),0
食品饮料,食品加工,3,0,3,13,8,21,5,8,是,汤臣倍健(300146)、华宝股份(300741)、金禾实业(002597)、洽洽食品(002557)、华统股份(002840),0
食品饮料,饮料乳品,2,0,2,10,5,15,6,8,是,养元饮品(603156)、一鸣食品(605179)、妙可蓝多(600882)、承德露露(000848)、欢乐家(300997)、维维股份(600300),0
