sw_l1,sw_l2,symbol,name,组内排名,mktcap_yi,avg_amount_20d_yi,listing_date,sw_l3
交通运输,物流,600233.SS,XD圆通速,2,579.53,3.9694,2000-06-08,快递
交通运输,物流,601156.SS,东航物流,3,289.57,1.6769,2021-06-09,跨境物流
交通运输,物流,600704.SS,物产中大,4,253.9,2.0985,1996-06-06,原材料供应链服务
交通运输,物流,600153.SS,建发股份,5,238.92,2.2191,1998-06-16,原材料供应链服务
交通运输,物流,002468.SZ,申通快递,6,218.29,1.9277,2010-09-08,快递
交通运输,物流,002120.SZ,韵达股份,7,193.96,1.8737,2007-03-06,快递
交通运输,物流,603871.SS,嘉友国际,8,171.96,1.6613,2018-02-06,跨境物流
交通运输,航空机场,600221.SS,海航控股,5,535.87,2.3862,1999-11-25,航空运输
交通运输,航空机场,603885.SS,吉祥航空,7,215.17,1.1982,2015-05-27,航空运输
交通运输,航空机场,002928.SZ,华夏航空,8,80.02,1.2766,2018-03-02,航空运输
交通运输,航运港口,600018.SS,上港集团,3,1273.41,3.0991,2000-07-19,港口
交通运输,航运港口,601018.SS,宁波港,5,678.96,1.8715,2010-09-28,港口
交通运输,航运港口,601880.SS,辽港股份,6,341.79,1.1671,2010-12-06,港口
交通运输,铁路公路,601816.SS,京沪高铁,1,2323.97,5.7858,2020-01-16,铁路运输
交通运输,铁路公路,600377.SS,宁沪高速,4,645.34,1.322,2001-01-16,高速公路
交通运输,铁路公路,600350.SS,山东高速,5,492.64,1.5216,2002-03-18,高速公路
交通运输,铁路公路,000429.SZ,粤高速Ａ,6,266.37,1.1522,1998-02-20,高速公路
交通运输,铁路公路,601333.SS,广深铁路,7,221.71,2.1932,2006-12-22,铁路运输
交通运输,铁路公路,600611.SS,大众交通,8,105.68,4.9747,1992-08-07,公交
传媒,出版,601928.SS,凤凰传媒,1,211.74,1.0928,2011-11-30,教育出版
传媒,出版,601098.SS,中南传媒,2,184.09,1.1631,2010-10-28,教育出版
传媒,出版,300364.SZ,中文在线,3,173.6,19.0605,2015-01-21,大众出版
传媒,出版,601858.SS,中国科传,4,157.63,2.6014,2017-01-18,大众出版
传媒,出版,601949.SS,中国出版,5,116.33,3.7735,2017-08-21,大众出版
传媒,出版,601900.SS,南方传媒,6,108.66,1.6652,2016-02-15,教育出版
传媒,出版,002181.SZ,粤 传 媒,7,106.82,6.0663,2007-11-16,大众出版
传媒,出版,605577.SS,龙版传媒,8,61.69,2.7863,2021-08-24,教育出版
传媒,广告营销,301171.SZ,易点天下,3,209.43,25.0531,2022-08-19,营销代理
传媒,广告营销,002354.SZ,天娱数科,4,125.91,21.5586,2010-02-09,营销代理
传媒,广告营销,002400.SZ,省广集团,5,111.4,4.856,2010-05-06,营销代理
传媒,广告营销,605168.SS,三人行,6,107.16,3.7344,2020-05-28,营销代理
传媒,广告营销,600986.SS,浙文互联,7,104.71,3.6775,2004-04-26,营销代理
传媒,广告营销,000676.SZ,智度股份,8,83.27,3.6278,1996-12-24,营销代理
传媒,影视院线,600977.SS,中国电影,2,235.8,2.945,2016-08-09,影视动漫制作
传媒,影视院线,002739.SZ,儒意电影,3,178.87,4.4575,2015-01-22,院线
传媒,影视院线,300133.SZ,华策影视,4,132.17,5.8416,2010-10-26,影视动漫制作
传媒,影视院线,300182.SZ,捷成股份,5,131.33,6.6756,2011-02-22,影视动漫制作
传媒,影视院线,002292.SZ,奥飞娱乐,6,123.03,3.6967,2009-09-10,影视动漫制作
传媒,影视院线,601595.SS,上海电影,7,101.52,3.4779,2016-08-17,影视动漫制作
传媒,影视院线,001330.SZ,博纳影业,8,74.36,7.3503,2022-08-18,影视动漫制作
传媒,数字媒体,300413.SZ,芒果超媒,1,314.47,19.9753,2015-01-21,视频媒体
传媒,数字媒体,603000.SS,人民网,2,187.3,3.7632,2012-04-27,门户网站
传媒,数字媒体,603888.SS,新华网,3,130.78,2.6431,2016-10-28,门户网站
传媒,数字媒体,000681.SZ,视觉中国,4,112.16,5.0273,1997-01-21,图片媒体
传媒,数字媒体,603533.SS,掌阅科技,5,102.22,7.59,2017-09-21,文字媒体
传媒,数字媒体,603466.SS,风语筑,6,76.14,8.9256,2017-10-20,其他数字媒体
传媒,数字媒体,300785.SZ,值得买,7,66.28,2.8867,2019-07-15,门户网站
传媒,数字媒体,600228.SS,返利科技,8,46.46,2.9853,1999-01-19,门户网站
传媒,电视广播,600637.SS,东方明珠,1,280.72,3.1359,1993-03-16,电视广播Ⅲ
传媒,电视广播,600037.SS,歌华有线,2,96.59,1.1252,2001-02-08,电视广播Ⅲ
传媒,电视广播,000917.SZ,电广传媒,3,95.4,2.2663,1999-03-25,电视广播Ⅲ
传媒,电视广播,600996.SS,贵广网络,4,85.28,1.1365,2016-12-26,电视广播Ⅲ
传媒,电视广播,301551.SZ,无线传媒,5,83.36,1.3709,2024-09-26,电视广播Ⅲ
传媒,电视广播,301262.SZ,海看股份,6,82.07,2.2172,2023-06-20,电视广播Ⅲ
传媒,电视广播,601929.SS,吉视传媒,7,82.01,3.2493,2012-02-23,电视广播Ⅲ
传媒,电视广播,600936.SS,北投科技,8,77.7,3.8316,2016-08-15,电视广播Ⅲ
公用事业,燃气,605090.SS,九丰能源,2,231.48,2.9333,2021-05-25,燃气Ⅲ
公用事业,燃气,601139.SS,深圳燃气,3,186.41,1.0976,2009-12-25,燃气Ⅲ
公用事业,燃气,001331.SZ,胜通能源,4,176.43,2.5604,2022-09-08,燃气Ⅲ
公用事业,燃气,600635.SS,大众公用,5,135.81,1.3739,1993-03-04,燃气Ⅲ
公用事业,燃气,603393.SS,新天然气,6,107.93,2.2046,2016-09-12,燃气Ⅲ
公用事业,燃气,300483.SZ,首华燃气,7,92.46,3.6311,2015-06-30,燃气Ⅲ
公用事业,燃气,600903.SS,贵州燃气,8,79.97,4.6821,2017-11-07,燃气Ⅲ
农林牧渔,养殖业,605296.SS,神农集团,5,173.87,1.26,2021-05-28,生猪养殖
农林牧渔,养殖业,002458.SZ,益生股份,7,120.65,3.8071,2010-08-10,肉鸡养殖
农林牧渔,养殖业,000048.SZ,京基智农,8,104.13,3.2973,1994-11-01,生猪养殖
农林牧渔,农业综合,300021.SZ,大禹节水,1,39.16,1.2328,2009-10-30,农业综合Ⅲ
农林牧渔,农产品加工,300999.SZ,金龙鱼,1,1351.06,3.7581,2020-10-15,粮油加工
农林牧渔,农产品加工,600737.SS,中粮糖业,2,305.0,19.4557,1996-07-31,其他农产品加工
农林牧渔,农产品加工,605198.SS,安德利,3,267.69,3.0454,2020-09-18,果蔬加工
农林牧渔,农产品加工,000930.SZ,中粮科技,4,92.64,4.0093,1999-07-12,其他农产品加工
农林牧渔,农产品加工,600251.SS,冠农股份,5,79.18,3.8723,2003-06-09,果蔬加工
农林牧渔,农产品加工,000019.SZ,深粮控股,6,77.45,2.8276,1992-10-12,粮油加工
农林牧渔,农产品加工,600127.SS,金健米业,7,76.56,28.3735,1998-05-06,粮油加工
农林牧渔,农产品加工,600962.SS,国投中鲁,8,67.49,1.4596,2004-06-22,果蔬加工
农林牧渔,动物保健,002868.SZ,绿康生化,2,35.54,1.0731,2017-05-03,动物保健Ⅲ
农林牧渔,林业,000592.SZ,平潭发展,1,168.26,21.3263,1996-03-27,林业Ⅲ
农林牧渔,林业,002679.SZ,福建金森,2,26.59,1.7053,2012-06-05,林业Ⅲ
农林牧渔,渔业,000798.SZ,中水渔业,1,36.81,4.0087,1998-02-12,海洋捕捞
农林牧渔,渔业,600467.SS,好当家,2,35.36,1.1086,2004-04-05,水产养殖
农林牧渔,渔业,300094.SZ,国联水产,3,32.72,2.737,2010-07-08,水产养殖
农林牧渔,渔业,600257.SS,大湖股份,4,26.47,1.0751,2000-06-12,水产养殖
农林牧渔,种植业,601118.SS,海南橡胶,1,259.76,12.9751,2011-01-07,其他种植业
农林牧渔,种植业,600598.SS,北大荒,2,221.32,8.4077,2002-03-29,粮食种植
农林牧渔,种植业,000998.SZ,隆平高科,3,128.28,6.631,2000-12-11,种子
农林牧渔,种植业,601952.SS,苏垦农发,4,124.16,4.42,2017-05-15,粮食种植
农林牧渔,种植业,002215.SZ,诺 普 信,5,96.81,3.3889,2008-02-18,其他种植业
农林牧渔,种植业,002041.SZ,登海种业,6,86.33,7.8882,2005-04-18,种子
农林牧渔,种植业,600313.SS,农发种业,7,78.39,10.0485,2001-01-19,种子
农林牧渔,种植业,600108.SS,亚盛集团,8,76.71,11.7,1997-08-18,其他种植业
农林牧渔,饲料,301498.SZ,乖宝宠物,3,149.74,1.3198,2023-08-16,宠物食品
农林牧渔,饲料,002100.SZ,天康生物,5,103.76,2.152,2006-12-26,畜禽饲料
农林牧渔,饲料,002891.SZ,中宠股份,6,87.88,1.7722,2017-08-21,宠物食品
农林牧渔,饲料,603363.SS,傲农生物,7,79.2,1.5865,2017-09-26,畜禽饲料
农林牧渔,饲料,603668.SS,天马科技,8,62.11,1.3905,2017-01-17,水产饲料
医药生物,医疗服务,688796.SS,百奥赛图,5,570.24,3.5373,2025-12-10,医疗研发外包
医药生物,医药商业,601607.SS,上海医药,1,599.27,1.6226,1994-03-24,医药流通
医药生物,医药商业,603939.SS,益丰药房,2,273.03,2.0193,2015-02-17,线下药店
医药生物,医药商业,600998.SS,九州通,3,253.64,1.5789,2010-11-02,医药流通
医药生物,医药商业,603233.SS,大参林,4,208.3,1.2846,2017-07-31,线下药店
医药生物,医药商业,600511.SS,国药股份,5,197.98,1.0134,2002-11-27,医药流通
医药生物,医药商业,600056.SS,中国医药,6,132.98,1.0782,1997-05-15,医药流通
医药生物,医药商业,301015.SZ,百洋医药,7,120.68,1.5963,2021-06-30,医药流通
医药生物,医药商业,603883.SS,老百姓,8,96.15,1.6624,2015-04-23,线下药店
商贸零售,一般零售,600415.SS,小商品城,1,627.87,6.7006,2002-05-09,商业物业经营
商贸零售,一般零售,300972.SZ,万辰集团,2,341.45,3.5014,2021-04-19,超市
商贸零售,一般零售,000564.SZ,供销大集,3,269.07,7.4396,1994-01-10,百货
商贸零售,一般零售,601933.SS,永辉超市,4,266.86,6.5495,2010-12-15,超市
商贸零售,一般零售,600827.SS,百联股份,5,137.02,1.089,1994-02-04,多业态零售
商贸零售,一般零售,000785.SZ,居然智家,6,137.0,1.2541,1997-07-11,商业物业经营
商贸零售,一般零售,600113.SS,XD浙江东,7,125.03,1.9848,1997-10-21,商业物业经营
商贸零售,一般零售,000061.SZ,农 产 品,8,116.52,2.2804,1997-01-10,商业物业经营
商贸零售,专业连锁,002416.SZ,爱施德,1,110.92,1.4895,2010-05-28,专业连锁Ⅲ
商贸零售,专业连锁,000829.SZ,天音控股,2,90.31,1.5844,1997-12-02,专业连锁Ⅲ
商贸零售,专业连锁,301078.SZ,孩子王,3,87.38,1.668,2021-10-14,专业连锁Ⅲ
商贸零售,专业连锁,300622.SZ,博士眼镜,4,45.27,1.2415,2017-03-15,专业连锁Ⅲ
商贸零售,互联网电商,603613.SS,国联股份,1,140.22,2.2179,2019-07-30,综合电商
商贸零售,互联网电商,002315.SZ,焦点科技,2,98.75,1.7389,2009-12-09,跨境电商
商贸零售,互联网电商,301381.SZ,赛维时代,3,92.76,1.1975,2023-07-12,跨境电商
商贸零售,互联网电商,003010.SZ,若羽臣,4,90.77,2.9981,2020-09-25,电商服务
商贸零售,互联网电商,002803.SZ,吉宏股份,5,90.16,1.8583,2016-07-12,跨境电商
商贸零售,互联网电商,300592.SZ,华凯易佰,6,79.38,2.1168,2017-01-20,跨境电商
商贸零售,互联网电商,002127.SZ,南极电商,7,73.4,1.0197,2007-04-18,电商服务
商贸零售,互联网电商,300792.SZ,壹网壹创,8,55.95,2.2656,2019-09-27,电商服务
商贸零售,旅游零售,600185.SS,珠免集团,2,89.35,2.3835,1999-06-11,旅游零售Ⅲ
商贸零售,贸易,601061.SS,中信金属,1,551.25,2.4521,2023-04-10,贸易Ⅲ
商贸零售,贸易,600710.SS,苏美达,2,146.36,1.2668,1996-07-01,贸易Ⅲ
商贸零售,贸易,002183.SZ,怡 亚 通,3,112.71,1.8243,2007-11-13,贸易Ⅲ
商贸零售,贸易,002072.SZ,凯瑞德,4,25.85,1.7743,2006-10-18,贸易Ⅲ
国防军工,地面兵装,601606.SS,长城军工,1,237.55,14.2743,2018-08-06,地面兵装Ⅲ
国防军工,地面兵装,600967.SS,内蒙一机,2,228.72,11.3417,2004-05-18,地面兵装Ⅲ
国防军工,地面兵装,000519.SZ,中兵红箭,3,214.59,9.8839,1993-10-08,地面兵装Ⅲ
国防军工,地面兵装,600184.SS,光电股份,5,125.0,4.5177,2003-11-06,地面兵装Ⅲ
国防军工,地面兵装,688543.SS,国科军工,6,107.09,3.8217,2023-06-21,地面兵装Ⅲ
国防军工,地面兵装,301357.SZ,北方长龙,7,92.97,6.0265,2023-04-18,地面兵装Ⅲ
国防军工,地面兵装,002519.SZ,银河电子,8,68.49,2.7076,2010-12-07,地面兵装Ⅲ
国防军工,航天装备,688523.SS,航天环宇,5,168.61,1.3165,2023-06-02,航天装备Ⅲ
国防军工,航天装备,003009.SZ,中天火箭,6,78.34,1.651,2020-09-25,航天装备Ⅲ
国防军工,航天装备,002829.SZ,星网宇达,7,41.25,1.2372,2016-12-13,航天装备Ⅲ
国防军工,航海装备,603268.SS,松发股份,2,1897.87,10.7634,2015-03-19,航海装备Ⅲ
国防军工,航海装备,300065.SZ,海兰信,5,112.13,4.6486,2010-03-26,航海装备Ⅲ
国防军工,航海装备,300589.SZ,江龙船艇,8,50.08,3.351,2017-01-13,航海装备Ⅲ
基础化工,化学原料,601216.SS,君正集团,3,397.43,2.7347,2011-02-22,氯碱
基础化工,化学原料,002601.SZ,龙佰集团,4,351.68,2.7031,2011-07-15,钛白粉
基础化工,化学原料,603067.SS,振华股份,5,268.89,10.897,2016-09-13,无机盐
基础化工,化学原料,000830.SZ,鲁西化工,7,226.23,4.1854,1998-08-07,煤化工
基础化工,化学纤维,002064.SZ,华峰化学,1,497.74,4.744,2006-08-23,氨纶
基础化工,化学纤维,688295.SS,中复神鹰,2,342.72,1.5444,2022-04-06,其他化学纤维
基础化工,化学纤维,603406.SS,XD天富龙,4,120.36,1.098,2025-08-08,涤纶
基础化工,化学纤维,000949.SZ,新乡化纤,6,110.52,4.1513,1999-10-21,粘胶
基础化工,化学纤维,000420.SZ,吉林化纤,8,86.55,1.8967,1996-08-02,粘胶
基础化工,塑料,688585.SS,上纬新材,1,589.39,5.3385,2020-09-28,合成树脂
基础化工,塑料,300487.SZ,蓝晓科技,4,354.16,3.6243,2015-07-02,合成树脂
基础化工,塑料,600143.SS,金发科技,6,348.6,3.3504,2004-06-23,改性塑料
基础化工,塑料,002768.SZ,国恩股份,8,280.56,4.4733,2015-06-30,改性塑料
基础化工,橡胶,300731.SZ,科创新源,2,86.57,4.1374,2017-12-08,其他橡胶制品
基础化工,橡胶,002068.SZ,黑猫股份,3,74.56,4.2597,2006-09-15,炭黑
基础化工,橡胶,300587.SZ,天铁科技,4,59.98,1.2587,2017-01-05,其他橡胶制品
基础化工,橡胶,300767.SZ,震安科技,5,53.88,1.398,2019-03-29,其他橡胶制品
基础化工,橡胶,300121.SZ,阳谷华泰,6,43.19,1.0436,2010-09-17,橡胶助剂
基础化工,橡胶,002224.SZ,三 力 士,7,33.92,1.0208,2008-04-25,其他橡胶制品
基础化工,非金属材料,603688.SS,石英股份,2,266.72,7.1319,2014-10-31,非金属材料Ⅲ
基础化工,非金属材料,301071.SZ,力量钻石,3,175.49,11.8799,2021-09-24,非金属材料Ⅲ
基础化工,非金属材料,603826.SS,坤彩科技,4,142.5,1.6605,2017-04-14,非金属材料Ⅲ
基础化工,非金属材料,603612.SS,索通发展,5,84.03,1.9146,2017-07-18,非金属材料Ⅲ
家用电器,厨卫电器,002508.SZ,老板电器,1,154.7,1.4354,2010-11-23,厨房电器
家用电器,厨卫电器,603366.SS,日出东方,2,55.45,3.1086,2012-05-21,卫浴电器
家用电器,厨卫电器,002543.SZ,万和电气,3,52.8,1.5654,2011-01-28,卫浴电器
家用电器,厨卫电器,300911.SZ,亿田智能,4,51.56,4.9594,2020-12-03,厨房电器
家用电器,家电零部件,002011.SZ,盾安环境,3,145.81,5.0885,2004-07-05,家电零部件Ⅲ
家用电器,家电零部件,600619.SS,海立股份,4,140.72,1.9456,1992-11-16,家电零部件Ⅲ
家用电器,家电零部件,603112.SS,华翔股份,6,88.99,2.3617,2020-09-17,家电零部件Ⅲ
家用电器,家电零部件,301252.SZ,同星科技,7,60.62,1.13,2023-05-25,家电零部件Ⅲ
家用电器,家电零部件,603311.SS,金海高科,8,58.95,1.5995,2015-05-18,家电零部件Ⅲ
家用电器,小家电,603355.SS,莱克电气,3,177.81,1.0295,2015-05-13,清洁小家电
家用电器,小家电,002242.SZ,九阳股份,4,71.19,1.0387,2008-05-28,厨房小家电
家用电器,小家电,002403.SZ,爱仕达,5,32.33,2.2186,2010-05-11,厨房小家电
家用电器,小家电,003023.SZ,彩虹集团,6,26.07,1.0138,2020-12-11,个护小家电
家用电器,照明设备,301362.SZ,民爆光电,1,170.77,3.2806,2023-08-04,照明设备Ⅲ
家用电器,照明设备,605365.SS,立达信,2,69.58,1.5149,2021-07-20,照明设备Ⅲ
家用电器,照明设备,001326.SZ,联域股份,3,62.51,1.6146,2023-11-09,照明设备Ⅲ
家用电器,照明设备,002638.SZ,勤上股份,4,59.33,2.0234,2011-11-25,照明设备Ⅲ
家用电器,照明设备,002724.SZ,海洋王,5,56.09,1.7157,2014-11-04,照明设备Ⅲ
家用电器,白色家电,000921.SZ,海信家电,4,377.37,2.4275,1999-07-13,空调
家用电器,白色家电,002668.SZ,TCL智家,5,98.98,1.6111,2012-04-16,冰洗
家用电器,黑色家电,000801.SZ,四川九洲,4,121.76,1.659,1998-05-06,其他黑色家电
家用电器,黑色家电,000810.SZ,创维数字,5,110.19,1.6885,1998-06-02,其他黑色家电
家用电器,黑色家电,688696.SS,极米科技,6,59.72,1.0332,2021-03-03,其他黑色家电
家用电器,黑色家电,688609.SS,九联科技,7,51.67,1.3427,2021-03-23,其他黑色家电
家用电器,黑色家电,002848.SZ,高斯贝尔,8,25.09,1.7175,2017-02-13,彩电
建筑材料,水泥,600449.SS,宁夏建材,5,59.39,1.5232,2003-08-29,水泥制造
建筑材料,水泥,600802.SS,福建水泥,6,26.99,1.2399,1994-01-03,水泥制造
建筑材料,玻璃玻纤,301526.SZ,国际复材,3,1196.12,43.4692,2023-12-26,玻纤制造
建筑材料,玻璃玻纤,002080.SZ,中材科技,4,927.16,23.0594,2006-11-20,玻纤制造
建筑材料,玻璃玻纤,603601.SS,再升科技,6,117.09,8.1594,2015-01-22,玻纤制造
建筑材料,玻璃玻纤,605006.SS,山东玻纤,7,110.85,9.1809,2020-09-03,玻纤制造
建筑材料,玻璃玻纤,300196.SZ,长海股份,8,79.71,3.222,2011-03-29,玻纤制造
建筑材料,装修建材,002043.SZ,兔 宝 宝,4,89.78,1.4995,2005-05-10,其他建材
建筑材料,装修建材,002785.SZ,万里石,5,83.15,2.4534,2015-12-23,其他建材
建筑材料,装修建材,001212.SZ,中旗新材,6,72.61,1.1636,2021-08-23,其他建材
建筑材料,装修建材,300715.SZ,凯伦股份,7,53.72,1.1844,2017-10-26,防水材料
建筑材料,装修建材,300234.SZ,开尔新材,8,51.58,1.0845,2011-06-22,其他建材
建筑装饰,专业工程,601618.SS,中国中冶,1,519.36,2.2024,2009-09-21,其他专业工程
建筑装饰,专业工程,601117.SS,中国化学,2,439.6,4.1811,2010-01-07,化学工程
建筑装饰,专业工程,600970.SS,中材国际,4,203.45,1.1212,2005-04-12,国际工程
建筑装饰,专业工程,605289.SS,罗曼股份,6,149.28,2.9292,2021-04-26,其他专业工程
建筑装饰,专业工程,002541.SZ,鸿路钢构,7,128.36,1.8833,2011-01-18,钢结构
建筑装饰,专业工程,601133.SS,柏诚股份,8,125.6,2.3474,2023-04-10,其他专业工程
建筑装饰,基础建设,601868.SS,中国能建,1,1070.61,4.7136,2021-09-28,基建市政工程
建筑装饰,基础建设,601390.SS,中国中铁,2,1052.39,3.7524,2007-12-03,基建市政工程
建筑装饰,基础建设,601800.SS,中国交建,3,940.4,1.4596,2012-03-09,基建市政工程
建筑装饰,基础建设,601186.SS,中国铁建,4,814.77,1.8597,2008-03-10,基建市政工程
建筑装饰,基础建设,601669.SS,中国电建,5,780.35,3.2754,2011-10-18,基建市政工程
建筑装饰,基础建设,601611.SS,中国核建,7,311.63,3.0572,2016-06-06,基建市政工程
建筑装饰,工程咨询服务,600629.SS,华建集团,2,185.23,5.0966,1993-02-09,工程咨询服务Ⅲ
建筑装饰,工程咨询服务,301091.SZ,深城交,3,97.92,1.1661,2021-10-29,工程咨询服务Ⅲ
建筑装饰,工程咨询服务,603257.SS,中国瑞林,4,87.6,1.4544,2025-04-08,工程咨询服务Ⅲ
建筑装饰,工程咨询服务,003013.SZ,地铁设计,5,80.58,1.9104,2020-10-22,工程咨询服务Ⅲ
建筑装饰,工程咨询服务,301365.SZ,矩阵股份,6,68.78,1.1427,2022-11-22,工程咨询服务Ⅲ
建筑装饰,工程咨询服务,301058.SZ,中粮科工,7,44.48,1.2733,2021-09-09,工程咨询服务Ⅲ
建筑装饰,工程咨询服务,000779.SZ,甘咨询,8,39.56,6.1523,1997-05-28,工程咨询服务Ⅲ
建筑装饰,房屋建设,000628.SZ,高新发展,2,197.59,7.2133,1996-11-18,房屋建设Ⅲ
建筑装饰,房屋建设,600170.SS,上海建工,3,195.49,2.7391,1998-06-23,房屋建设Ⅲ
建筑装饰,房屋建设,002761.SZ,浙江建投,4,94.6,1.0669,2015-06-10,房屋建设Ⅲ
建筑装饰,房屋建设,601789.SS,宁波建工,5,62.8,1.1252,2011-08-16,房屋建设Ⅲ
建筑装饰,装修装饰,601886.SS,江河集团,1,148.88,2.9605,2011-08-18,装修装饰Ⅲ
建筑装饰,装修装饰,002081.SZ,金 螳 螂,2,129.05,17.7248,2006-11-20,装修装饰Ⅲ
建筑装饰,装修装饰,002713.SZ,东易日盛,3,92.95,1.5029,2014-02-19,装修装饰Ⅲ
建筑装饰,装修装饰,002163.SZ,海南发展,4,73.17,2.4661,2007-08-23,装修装饰Ⅲ
建筑装饰,装修装饰,002047.SZ,宝鹰股份,5,50.95,1.3799,2005-05-31,装修装饰Ⅲ
建筑装饰,装修装饰,605287.SS,德才股份,6,48.34,1.4897,2021-07-06,装修装饰Ⅲ
建筑装饰,装修装饰,002989.SZ,中天精装,7,47.66,1.3058,2020-06-10,装修装饰Ⅲ
建筑装饰,装修装饰,002811.SZ,郑中设计,8,45.12,2.0092,2016-09-08,装修装饰Ⅲ
房地产,房地产服务,000560.SZ,我爱我家,1,62.42,12.4099,1994-02-02,房产租赁经纪
房地产,房地产服务,002285.SZ,世联行,2,47.63,2.3422,2009-08-28,房产租赁经纪
房地产,房地产服务,300917.SZ,特发服务,3,45.41,3.7232,2020-12-21,物业管理
有色金属,能源金属,002756.SZ,永兴材料,7,220.38,4.2445,2015-05-15,锂
有色金属,贵金属,601069.SS,西部黄金,7,267.47,9.0533,2015-01-22,黄金
有色金属,贵金属,001337.SZ,四川黄金,8,219.74,10.3627,2023-03-03,黄金
有色金属,金属新材料,300748.SZ,金力永磁,1,349.64,4.234,2018-09-21,磁性材料
有色金属,金属新材料,300811.SZ,铂科新材,2,343.84,9.796,2019-12-30,磁性材料
有色金属,金属新材料,300835.SZ,龙磁科技,4,213.57,5.0454,2020-05-25,磁性材料
有色金属,金属新材料,603124.SS,江南新材,5,191.52,6.4706,2025-03-20,其他金属新材料
有色金属,金属新材料,601137.SS,博威合金,6,183.44,3.337,2011-01-27,其他金属新材料
有色金属,金属新材料,000969.SZ,安泰科技,7,179.95,3.1958,2000-05-29,其他金属新材料
有色金属,金属新材料,000970.SZ,中科三环,8,137.5,2.6363,2000-04-20,磁性材料
机械设备,工程机械,603338.SS,浙江鼎力,6,277.28,2.2563,2015-03-25,工程机械整机
机械设备,轨交设备,601766.SS,中国中车,1,1710.45,7.5647,2008-08-18,轨交设备Ⅲ
机械设备,轨交设备,688009.SS,中国通号,3,491.37,1.2949,2019-07-22,轨交设备Ⅲ
机械设备,轨交设备,688485.SS,九州一轨,4,158.11,6.7576,2023-01-18,轨交设备Ⅲ
机械设备,轨交设备,000927.SZ,中国铁物,5,151.26,1.0526,1999-07-27,轨交设备Ⅲ
机械设备,轨交设备,300351.SZ,永贵电器,7,54.18,1.0179,2012-09-20,轨交设备Ⅲ
机械设备,轨交设备,000925.SZ,众合科技,8,53.83,3.7987,1999-06-11,轨交设备Ⅲ
汽车,乘用车,601238.SS,广汽集团,6,519.03,1.7327,2012-03-29,综合乘用车
汽车,乘用车,600733.SS,北汽蓝谷,7,285.25,3.6148,1996-08-16,电动乘用车
汽车,乘用车,000572.SZ,海马汽车,8,66.11,2.3191,1994-08-08,综合乘用车
汽车,商用车,600066.SS,宇通客车,1,587.8,4.6782,1997-05-08,商用载客车
汽车,商用车,000951.SZ,中国重汽,3,239.99,2.8129,1999-11-25,商用载货车
汽车,商用车,600166.SS,福田汽车,4,220.1,3.0004,1998-06-02,商用载货车
汽车,商用车,301039.SZ,中集车辆,5,136.44,1.0379,2021-07-08,商用载货车
汽车,商用车,600686.SS,金龙汽车,6,77.23,1.7083,1993-11-08,商用载客车
汽车,商用车,000957.SZ,中通客车,7,58.22,1.4394,2000-01-13,商用载客车
汽车,摩托车及其他,603129.SS,春风动力,1,456.38,3.3617,2017-08-18,摩托车
汽车,摩托车及其他,601777.SS,千里科技,2,357.17,1.475,2010-11-25,摩托车
汽车,摩托车及其他,603766.SS,隆鑫通用,3,300.43,2.1437,2012-08-10,摩托车
汽车,摩托车及其他,301345.SZ,涛涛车业,5,259.66,2.0819,2023-03-21,摩托车
汽车,摩托车及其他,603529.SS,爱玛科技,6,184.86,1.1475,2021-06-15,其他运输设备
汽车,摩托车及其他,003033.SZ,征和工业,7,66.03,1.2229,2021-01-11,摩托车
汽车,摩托车及其他,301322.SZ,绿通科技,8,61.77,1.7443,2023-03-06,其他运输设备
汽车,汽车服务,300825.SZ,阿尔特,1,62.65,2.9396,2020-03-27,汽车综合服务
汽车,汽车零部件,600660.SS,福耀玻璃,2,1417.61,5.2469,1993-06-10,车身附件及饰件
汽车,汽车零部件,600741.SS,华域汽车,4,471.65,2.3223,1996-08-26,车身附件及饰件
汽车,汽车零部件,601058.SS,赛轮轮胎,5,447.51,5.7342,2011-06-30,轮胎轮毂
汽车,汽车零部件,603049.SS,中策橡胶,6,391.68,1.2411,2025-06-05,轮胎轮毂
煤炭,焦炭,600740.SS,山西焦化,2,98.39,1.9121,1996-08-08,焦炭Ⅲ
煤炭,焦炭,601015.SS,陕西黑猫,3,74.14,3.9224,2014-11-05,焦炭Ⅲ
煤炭,焦炭,601011.SS,宝泰隆,4,56.32,2.9396,2011-03-09,焦炭Ⅲ
煤炭,焦炭,600792.SS,云煤能源,5,54.05,4.1086,1997-01-23,焦炭Ⅲ
煤炭,焦炭,600408.SS,安泰集团,6,31.01,1.9881,2003-02-12,焦炭Ⅲ
环保,环保设备,000967.SZ,盈峰环境,1,270.08,4.5526,2000-03-30,环保设备Ⅲ
环保,环保设备,600388.SS,紫金龙净,2,251.11,2.0021,2000-12-29,环保设备Ⅲ
环保,环保设备,002645.SZ,华宏科技,3,138.72,4.1131,2011-12-20,环保设备Ⅲ
环保,环保设备,688309.SS,恒誉科技,4,61.38,1.3549,2020-07-14,环保设备Ⅲ
环保,环保设备,000551.SZ,创元科技,5,58.9,1.4431,1994-01-06,环保设备Ⅲ
环保,环保设备,300137.SZ,先河环保,6,53.71,1.6938,2010-11-05,环保设备Ⅲ
环保,环保设备,301081.SZ,严牌股份,7,39.12,1.1234,2021-10-20,环保设备Ⅲ
环保,环保设备,300105.SZ,龙源技术,8,37.04,1.0977,2010-08-20,环保设备Ⅲ
环保,环境治理,600292.SS,电投水电,1,568.37,1.042,2000-11-01,大气治理
环保,环境治理,603568.SS,伟明环保,2,282.07,1.18,2015-05-28,固废治理
环保,环境治理,002266.SZ,浙富控股,3,250.53,3.066,2008-08-06,固废治理
环保,环境治理,600323.SS,瀚蓝环境,5,241.42,1.2963,2000-12-25,固废治理
环保,环境治理,000598.SZ,兴蓉环境,6,210.97,1.2249,1996-05-29,水务及水治理
环保,环境治理,600008.SS,首创环保,7,201.87,1.9863,2000-04-27,水务及水治理
环保,环境治理,000685.SZ,中山公用,8,161.16,1.3785,1997-01-23,水务及水治理
电力设备,其他电源设备,601727.SS,上海电气,1,999.23,3.0248,2008-12-05,综合电力设备商
电力设备,其他电源设备,600875.SS,东方电气,2,826.55,9.1978,1995-10-10,综合电力设备商
电力设备,其他电源设备,688411.SS,海博思创,6,296.64,4.0103,2025-01-27,其他电源设备Ⅲ
电力设备,其他电源设备,002335.SZ,科华数据,7,219.99,4.2607,2010-01-13,其他电源设备Ⅲ
电力设备,电机,600580.SS,卧龙电驱,1,415.84,8.3331,2002-06-06,电机Ⅲ
电力设备,电机,301696.SZ,三瑞智能,2,370.41,1.3869,2026-04-10,电机Ⅲ
电力设备,电机,003021.SZ,兆威机电,4,178.43,2.5394,2020-12-04,电机Ⅲ
电力设备,电机,002249.SZ,大洋电机,5,156.65,2.2826,2008-06-19,电机Ⅲ
电力设备,电机,600416.SS,湘电股份,8,125.59,1.1121,2002-07-18,电机Ⅲ
电力设备,风电设备,002487.SZ,大金重工,2,290.34,11.8649,2010-10-15,风电零部件
电力设备,风电设备,601615.SS,明阳智能,3,218.01,4.4065,2019-01-23,风电整机
电力设备,风电设备,002531.SZ,天顺风能,4,141.59,4.4439,2010-12-31,风电零部件
电力设备,风电设备,603063.SS,禾望电气,5,140.68,5.0564,2017-07-28,风电零部件
电力设备,风电设备,300850.SZ,新强联,7,120.87,4.0601,2020-07-13,风电零部件
电力设备,风电设备,688660.SS,电气风电,8,119.73,2.6493,2021-05-19,风电整机
电子,其他电子,000062.SZ,深圳华强,4,238.26,5.7396,1997-01-30,其他电子Ⅲ
电子,其他电子,002130.SZ,沃尔核材,5,237.14,6.4616,2007-04-20,其他电子Ⅲ
电子,其他电子,688800.SS,瑞可达,6,200.46,8.1518,2021-07-22,其他电子Ⅲ
电子,其他电子,300131.SZ,英唐智控,7,183.65,10.3136,2010-10-19,其他电子Ⅲ
石油石化,油服工程,601808.SS,中海油服,1,590.72,1.9838,2007-09-28,油田服务
石油石化,油服工程,600871.SS,石化油服,2,422.74,3.2625,1995-04-11,油田服务
石油石化,油服工程,600968.SS,海油发展,3,409.65,1.8055,2019-06-26,油田服务
石油石化,油服工程,600339.SS,中油工程,5,185.92,1.8026,2000-12-25,油气及炼化工程
石油石化,油服工程,300191.SZ,潜能恒信,6,104.13,5.9737,2011-03-16,油气及炼化工程
石油石化,油服工程,300164.SZ,通源石油,8,57.43,12.4408,2011-01-13,油气及炼化工程
石油石化,油气开采,600777.SS,新潮能源,2,277.46,1.1937,1996-11-21,油气开采Ⅲ
石油石化,油气开采,000968.SZ,蓝焰控股,3,68.11,2.3045,2000-06-22,油气开采Ⅲ
石油石化,炼化及贸易,002493.SZ,荣盛石化,3,1310.61,7.2788,2010-11-02,炼油化工
石油石化,炼化及贸易,000301.SZ,东方盛虹,5,900.45,5.0764,2000-05-29,炼油化工
石油石化,炼化及贸易,000703.SZ,恒逸石化,6,716.24,18.7716,1997-03-28,炼油化工
社会服务,专业服务,300012.SZ,华测检测,1,247.38,4.054,2009-10-30,检测服务
社会服务,专业服务,688757.SS,胜科纳米,2,126.4,2.4399,2025-03-25,检测服务
社会服务,专业服务,300938.SZ,信测标准,3,99.87,2.4692,2021-01-27,检测服务
社会服务,专业服务,300416.SZ,苏试试验,4,72.47,1.4328,2015-01-22,检测服务
社会服务,专业服务,301228.SZ,实朴检测,5,71.16,1.9009,2022-01-28,检测服务
社会服务,专业服务,002057.SZ,中钢天源,6,66.42,1.2419,2006-08-02,检测服务
社会服务,专业服务,301115.SZ,联检科技,7,57.22,1.5802,2022-08-31,检测服务
社会服务,专业服务,301449.SZ,天溯计量,8,35.76,1.0484,2025-12-23,检测服务
社会服务,体育,600158.SS,中体产业,1,67.55,1.7226,1998-03-27,体育Ⅲ
社会服务,教育,002607.SZ,中公教育,1,117.18,2.6292,2011-08-10,培训教育
社会服务,教育,300192.SZ,科德教育,2,83.91,4.4743,2011-03-22,培训教育
社会服务,教育,002093.SZ,国脉科技,3,77.78,1.4525,2006-12-15,学历教育
社会服务,教育,300688.SZ,创业黑马,4,58.01,3.0719,2017-08-10,培训教育
社会服务,教育,600880.SS,博瑞传播,5,54.12,1.8989,1995-11-15,教育运营及其他
社会服务,教育,000526.SZ,学大教育,6,42.82,1.821,1993-11-01,培训教育
社会服务,教育,003032.SZ,传智教育,7,35.09,5.8918,2021-01-12,培训教育
社会服务,旅游及景区,603099.SS,长白山,2,101.13,2.4084,2014-08-22,自然景区
社会服务,旅游及景区,600054.SS,黄山旅游,3,78.34,1.2398,1997-05-06,自然景区
社会服务,旅游及景区,000524.SZ,岭南控股,4,59.05,1.4114,1993-11-18,旅游综合
社会服务,旅游及景区,000796.SZ,凯撒旅业,5,58.86,3.4787,1997-07-03,旅游综合
社会服务,旅游及景区,603402.SS,陕西旅游,6,57.91,2.3496,2026-01-06,旅游综合
社会服务,旅游及景区,000430.SZ,张家界,7,54.49,1.9832,1996-08-29,自然景区
社会服务,旅游及景区,600593.SS,大连圣亚,8,51.38,1.8943,2002-07-11,人工景区
社会服务,酒店餐饮,000428.SZ,华天酒店,3,41.47,3.5235,1996-08-08,酒店
社会服务,酒店餐饮,000721.SZ,西安饮食,4,34.21,2.3535,1997-04-30,餐饮
社会服务,酒店餐饮,301073.SZ,君亭酒店,5,33.8,1.898,2021-09-30,酒店
纺织服饰,服装家纺,600398.SS,海澜之家,2,279.04,2.1997,2000-12-28,非运动服装
纺织服饰,服装家纺,002832.SZ,比音勒芬,3,142.73,2.1452,2016-12-23,非运动服装
纺织服饰,服装家纺,300005.SZ,探路者,4,99.59,4.4211,2009-10-30,运动服装
纺织服饰,服装家纺,603608.SS,天创时尚,5,86.03,3.2588,2016-02-18,鞋帽及其他
纺织服饰,服装家纺,600400.SS,红豆股份,6,73.55,1.6381,2001-01-08,非运动服装
纺织服饰,服装家纺,002612.SZ,朗姿股份,7,68.18,1.2075,2011-08-30,非运动服装
纺织服饰,服装家纺,002029.SZ,七 匹 狼,8,57.18,1.628,2004-08-06,非运动服装
纺织服饰,纺织制造,002003.SZ,伟星股份,1,134.58,1.9557,2004-06-25,辅料
纺织服饰,纺织制造,002083.SZ,孚日股份,2,93.43,2.9729,2006-11-24,棉纺
纺织服饰,纺织制造,300819.SZ,聚杰微纤,3,72.66,1.6569,2020-03-12,其他纺织
纺织服饰,纺织制造,002042.SZ,华孚时尚,4,64.46,1.168,2005-04-27,棉纺
纺织服饰,纺织制造,002674.SZ,兴业科技,5,57.1,3.2497,2012-05-07,辅料
纺织服饰,纺织制造,605189.SS,富春染织,6,33.42,1.1806,2021-05-28,印染
纺织服饰,饰品,600916.SS,XD中国黄,1,127.18,4.6373,2021-02-05,钟表珠宝
纺织服饰,饰品,002867.SZ,周大生,2,113.11,1.2513,2017-04-27,钟表珠宝
纺织服饰,饰品,301177.SZ,迪阿股份,4,90.58,1.0861,2021-12-15,钟表珠宝
纺织服饰,饰品,002345.SZ,潮宏基,5,78.81,2.1336,2010-01-28,钟表珠宝
纺织服饰,饰品,000026.SZ,飞亚达,6,76.97,1.9307,1993-06-03,钟表珠宝
纺织服饰,饰品,002721.SZ,金一文化,7,71.8,5.2113,2014-01-27,钟表珠宝
纺织服饰,饰品,000017.SZ,深中华A,8,51.21,6.6415,1992-03-31,钟表珠宝
综合,综合,000833.SZ,粤桂股份,2,170.08,6.6251,1998-11-11,综合Ⅲ
综合,综合,600770.SS,综艺股份,3,75.01,2.2908,1996-11-20,综合Ⅲ
综合,综合,600682.SS,南京新百,4,74.12,1.0756,1993-10-18,综合Ⅲ
综合,综合,000025.SZ,特 力Ａ,5,62.81,2.1488,1993-06-21,综合Ⅲ
综合,综合,000523.SZ,红棉股份,6,59.1,5.9582,1993-11-08,综合Ⅲ
综合,综合,600881.SS,亚泰集团,7,56.24,3.0141,1995-11-15,综合Ⅲ
综合,综合,000753.SZ,漳州发展,8,54.53,1.2883,1997-06-26,综合Ⅲ
美容护理,个护用品,003006.SZ,百亚股份,1,82.75,3.3262,2020-09-21,生活用纸
美容护理,化妆品,603605.SS,珀莱雅,1,223.25,3.5761,2017-11-15,品牌化妆品
美容护理,化妆品,300957.SZ,贝泰妮,2,133.43,2.1888,2021-03-25,品牌化妆品
美容护理,化妆品,600315.SS,上海家化,3,118.45,1.7682,2001-03-15,品牌化妆品
美容护理,化妆品,603983.SS,丸美生物,4,112.48,1.5425,2019-07-25,品牌化妆品
美容护理,化妆品,300740.SZ,水羊股份,5,87.63,5.3717,2018-02-08,品牌化妆品
美容护理,化妆品,002094.SZ,青岛金王,6,34.54,3.3081,2006-12-15,化妆品制造及其他
轻工制造,包装印刷,002831.SZ,裕同科技,1,367.43,2.9465,2016-12-16,纸包装
轻工制造,包装印刷,003018.SZ,金富科技,2,155.41,9.7531,2020-11-06,塑料包装
轻工制造,包装印刷,002969.SZ,嘉美包装,3,124.57,4.3172,2019-12-02,金属包装
轻工制造,包装印刷,002701.SZ,奥瑞金,4,113.4,1.044,2012-10-11,金属包装
轻工制造,包装印刷,600210.SS,紫江企业,5,96.46,1.0301,1999-08-24,塑料包装
轻工制造,包装印刷,002565.SZ,顺灏股份,6,92.33,4.2115,2011-03-18,纸包装
轻工制造,包装印刷,002303.SZ,美盈森,7,88.05,2.7549,2009-11-03,纸包装
轻工制造,家居用品,603195.SS,公牛集团,1,684.59,1.2953,2020-02-06,其他家居用品
轻工制造,家居用品,603833.SS,欧派家居,3,174.57,1.0192,2017-03-28,定制家居
轻工制造,家居用品,001221.SZ,悍高集团,4,141.48,1.3141,2025-07-30,其他家居用品
轻工制造,家居用品,603226.SS,菲林格尔,5,130.47,2.1047,2017-06-15,瓷砖地板
轻工制造,家居用品,603389.SS,亚振家居,6,125.36,1.1721,2016-12-15,成品家居
轻工制造,家居用品,301061.SZ,匠心家居,7,118.82,1.2688,2021-09-13,成品家居
轻工制造,家居用品,301376.SZ,致欧科技,8,91.24,1.2025,2023-06-21,成品家居
轻工制造,文娱用品,603899.SS,晨光股份,1,199.37,1.0074,2015-01-27,文化用品
轻工制造,文娱用品,002348.SZ,高乐股份,2,104.18,1.4863,2010-02-03,娱乐用品
轻工制造,文娱用品,605299.SS,舒华体育,3,48.88,2.0306,2020-12-15,娱乐用品
轻工制造,文娱用品,002862.SZ,实丰文化,4,25.19,1.1705,2017-04-11,娱乐用品
轻工制造,造纸,002078.SZ,太阳纸业,1,395.59,3.4176,2006-11-16,大宗用纸
轻工制造,造纸,603733.SS,仙鹤股份,2,154.71,1.6811,2018-04-20,特种纸
轻工制造,造纸,600103.SS,青山纸业,3,82.69,12.8711,1997-07-03,特种纸
轻工制造,造纸,600963.SS,岳阳林纸,4,59.58,1.009,2004-05-25,大宗用纸
轻工制造,造纸,002067.SZ,景兴纸业,5,58.99,1.3881,2006-09-15,大宗用纸
轻工制造,造纸,002235.SZ,安妮股份,6,46.25,2.225,2008-05-16,特种纸
通信,通信服务,603881.SS,数据港,5,203.79,8.7678,2017-02-08,通信应用增值服务
通信,通信服务,300738.SZ,奥飞数据,7,190.05,6.1495,2018-01-19,通信应用增值服务
通信,通信服务,002929.SZ,润建股份,8,143.16,4.5576,2018-03-01,通信工程及服务
钢铁,冶钢原料,000629.SZ,钒钛股份,3,268.51,2.4096,1996-11-15,冶钢辅料
钢铁,冶钢原料,600516.SS,方大炭素,4,210.96,1.8658,2002-08-30,冶钢辅料
钢铁,冶钢原料,601969.SS,海南矿业,5,186.94,1.6629,2014-12-09,铁矿石
钢铁,冶钢原料,000923.SZ,河钢资源,6,105.94,3.4721,1999-07-14,铁矿石
钢铁,冶钢原料,601121.SS,宝地矿业,7,69.88,1.0482,2023-03-10,铁矿石
钢铁,普钢,000959.SZ,首钢股份,3,272.97,1.0744,1999-12-16,板材
钢铁,普钢,000709.SZ,河钢股份,5,212.94,1.7252,1997-04-16,板材
钢铁,普钢,600808.SS,马钢股份,7,197.91,1.5581,1994-01-06,板材
钢铁,特钢,603995.SS,甬金股份,5,91.34,1.253,2019-12-24,特钢Ⅲ
钢铁,特钢,600399.SS,抚顺特钢,6,88.55,1.5986,2000-12-29,特钢Ⅲ
钢铁,特钢,002443.SZ,金洲管道,7,62.67,3.099,2010-07-06,特钢Ⅲ
钢铁,特钢,002478.SZ,常宝股份,8,58.37,1.9906,2010-09-21,特钢Ⅲ
银行,农商行,601077.SS,渝农商行,2,748.43,4.071,2019-10-29,农商行Ⅲ
银行,农商行,601128.SS,常熟银行,3,232.02,3.6202,2016-09-30,农商行Ⅲ
银行,农商行,002958.SZ,青农商行,4,165.0,2.5047,2019-03-26,农商行Ⅲ
银行,农商行,600908.SS,无锡银行,5,128.17,1.3064,2016-09-23,农商行Ⅲ
银行,农商行,002807.SZ,江阴银行,6,113.45,2.073,2016-09-02,农商行Ⅲ
银行,农商行,002839.SZ,张家港行,7,106.08,1.511,2017-01-24,农商行Ⅲ
银行,农商行,603323.SS,苏农银行,8,99.25,1.9765,2016-11-29,农商行Ⅲ
银行,国有大型银行,601939.SS,建设银行,2,28409.8,11.5329,2007-09-25,国有大型银行Ⅲ
银行,国有大型银行,601658.SS,邮储银行,6,6461.11,10.7823,2019-12-10,国有大型银行Ⅲ
银行,城商行,600926.SS,杭州银行,5,1247.55,7.024,2016-10-27,城商行Ⅲ
银行,城商行,601665.SS,齐鲁银行,8,429.54,4.1393,2021-06-18,城商行Ⅲ
银行,股份制银行,601818.SS,光大银行,6,1796.2,5.718,2010-08-18,股份制银行Ⅲ
非银金融,保险,601319.SS,中国人保,3,3414.09,6.8614,2018-11-16,保险Ⅲ
非银金融,多元金融,000617.SZ,中油资本,1,858.4,8.9577,1996-10-22,金融控股
非银金融,多元金融,600901.SS,江苏金租,2,391.53,1.9433,2018-03-01,租赁
非银金融,多元金融,000987.SZ,越秀资本,3,366.75,2.0419,2000-07-18,金融控股
非银金融,多元金融,600517.SS,国网英大,4,285.35,1.0755,2003-10-10,信托
非银金融,多元金融,000415.SZ,渤海租赁,5,277.07,2.7095,1996-07-16,租赁
非银金融,多元金融,600816.SS,建元信托,6,239.22,1.6716,1994-01-28,信托
非银金融,多元金融,600390.SS,五矿资本,7,219.51,2.0336,2001-01-15,金融控股
非银金融,多元金融,002423.SZ,中粮资本,8,212.67,2.6536,2010-06-03,金融控股
食品饮料,休闲食品,002847.SZ,盐津铺子,1,114.78,1.402,2017-02-08,零食
食品饮料,休闲食品,603777.SS,来伊份,2,45.28,1.0428,2016-10-12,零食
食品饮料,休闲食品,002820.SZ,桂发祥,3,19.0,1.743,2016-11-18,烘焙食品
食品饮料,白酒,603198.SS,迎驾贡酒,8,300.96,1.957,2015-05-28,白酒Ⅲ
食品饮料,调味发酵品,600186.SS,莲花控股,3,230.37,28.6052,1998-08-25,调味发酵品Ⅲ
食品饮料,调味发酵品,600872.SS,中炬高新,4,136.12,1.7041,1995-01-24,调味发酵品Ⅲ
食品饮料,调味发酵品,603317.SS,天味食品,5,135.84,1.23,2019-04-16,调味发酵品Ⅲ
食品饮料,调味发酵品,002507.SZ,涪陵榨菜,6,127.05,1.1934,2010-11-23,调味发酵品Ⅲ
食品饮料,调味发酵品,603027.SS,千禾味业,7,97.54,1.0417,2016-03-07,调味发酵品Ⅲ
食品饮料,调味发酵品,603696.SS,安记食品,8,32.32,3.1743,2015-12-09,调味发酵品Ⅲ
食品饮料,非白酒,002568.SZ,百润股份,3,185.93,1.7351,2011-03-25,其他酒类
食品饮料,非白酒,601579.SS,会稽山,5,135.83,5.4355,2014-08-25,其他酒类
食品饮料,非白酒,600059.SS,古越龙山,6,89.06,2.8451,1997-05-16,其他酒类
食品饮料,非白酒,603779.SS,威龙股份,7,26.6,1.3841,2016-05-16,其他酒类
食品饮料,食品加工,300146.SZ,汤臣倍健,3,157.33,1.0766,2010-12-15,保健品
食品饮料,食品加工,300741.SZ,华宝股份,4,138.7,1.6915,2018-03-01,其他食品
食品饮料,食品加工,002597.SZ,金禾实业,5,124.01,1.6257,2011-07-07,其他食品
食品饮料,食品加工,002557.SZ,洽洽食品,6,91.21,1.2571,2011-03-02,其他食品
食品饮料,食品加工,002840.SZ,华统股份,8,64.9,1.7518,2017-01-10,肉制品
食品饮料,饮料乳品,603156.SS,养元饮品,3,537.89,6.1865,2018-02-12,软饮料
食品饮料,饮料乳品,605179.SS,一鸣食品,4,99.89,6.5812,2020-12-28,乳品
食品饮料,饮料乳品,600882.SS,妙可蓝多,5,96.71,1.0391,1995-12-06,乳品
食品饮料,饮料乳品,000848.SZ,承德露露,6,83.44,1.1076,1997-11-13,软饮料
食品饮料,饮料乳品,300997.SZ,欢乐家,7,64.55,1.9676,2021-06-02,软饮料
食品饮料,饮料乳品,600300.SS,维维股份,8,50.78,1.1933,2000-06-30,软饮料
