sw_l1,sw_l2,现有,合格候选总数,目标,待补,候选前8
交通运输,物流,1,13,8,7,顺丰控股、XD圆通速、东航物流、物产中大、建发股份、申通快递、韵达股份、嘉友国际
交通运输,航空机场,5,8,8,3,中国国航、南方航空、中国东航、上海机场、海航控股、春秋航空、吉祥航空、华夏航空
交通运输,航运港口,5,23,8,3,中远海控、招商轮船、上港集团、中远海能、宁波港、辽港股份、中远海发、中远海特
交通运输,铁路公路,2,11,8,6,京沪高铁、大秦铁路、招商公路、宁沪高速、山东高速、粤高速Ａ、广深铁路、大众交通
传媒,出版,0,15,8,8,凤凰传媒、中南传媒、中文在线、中国科传、中国出版、南方传媒、粤 传 媒、龙版传媒
传媒,广告营销,2,17,8,6,分众传媒、蓝色光标、易点天下、天娱数科、省广集团、三人行、浙文互联、智度股份
传媒,影视院线,1,16,8,7,光线传媒、中国电影、儒意电影、华策影视、捷成股份、奥飞娱乐、上海电影、博纳影业
传媒,数字媒体,0,9,8,8,芒果超媒、人民网、新华网、视觉中国、掌阅科技、风语筑、值得买、返利科技
传媒,游戏,11,21,8,0,世纪华通、昆仑万维、巨人网络、三七互娱、恺英网络、吉比特、完美世界、神州泰岳
传媒,电视广播,0,8,8,8,东方明珠、歌华有线、电广传媒、贵广网络、无线传媒、海看股份、吉视传媒、北投科技
公用事业,燃气,1,13,8,7,新奥股份、九丰能源、深圳燃气、胜通能源、大众公用、新天然气、首华燃气、贵州燃气
公用事业,电力,15,82,8,0,长江电力、中国广核、中国核电、华能水电、华电新能、华润新能、国投电力、华能国际
农林牧渔,养殖业,5,15,8,3,牧原股份、温氏股份、正邦科技、圣农发展、神农集团、立华股份、益生股份、京基智农
农林牧渔,农业综合,0,1,1,1,大禹节水
农林牧渔,农产品加工,0,14,8,8,金龙鱼、中粮糖业、安德利、中粮科技、冠农股份、深粮控股、金健米业、国投中鲁
农林牧渔,动物保健,1,2,2,1,生物股份、绿康生化
农林牧渔,林业,0,2,2,2,平潭发展、福建金森
农林牧渔,渔业,0,4,4,4,中水渔业、好当家、国联水产、大湖股份
农林牧渔,种植业,0,18,8,8,海南橡胶、北大荒、隆平高科、苏垦农发、诺 普 信、登海种业、农发种业、亚盛集团
农林牧渔,饲料,3,14,8,5,海大集团、新 希 望、乖宝宠物、大北农、天康生物、中宠股份、傲农生物、天马科技
医药生物,中药,10,38,8,0,云南白药、片仔癀、华润三九、同仁堂、白云山、东阿阿胶、以岭药业、济川药业
医药生物,化学制药,13,95,8,0,百济神州、恒瑞医药、百利天恒、海思科、科伦药业、石药创新、复星医药、诺诚健华
医药生物,医疗器械,10,48,8,0,迈瑞医疗、联影医疗、新产业、惠泰医疗、英科医疗、万泰生物、奕瑞科技、九安医疗
医药生物,医疗服务,7,41,8,1,药明康德、康龙化成、爱尔眼科、凯莱英、百奥赛图、泰格医药、昭衍新药、皓元医药
医药生物,医药商业,0,18,8,8,上海医药、益丰药房、九州通、大参林、国药股份、中国医药、百洋医药、老百姓
医药生物,生物制品,8,35,8,0,荣昌生物、甘李药业、三生国健、君实生物-U、上海莱士、智飞生物、长春高新、天坛生物
商贸零售,一般零售,0,32,8,8,小商品城、万辰集团、供销大集、永辉超市、百联股份、居然智家、XD浙江东、农 产 品
商贸零售,专业连锁,0,4,4,4,爱施德、天音控股、孩子王、博士眼镜
商贸零售,互联网电商,0,13,8,8,国联股份、焦点科技、赛维时代、若羽臣、吉宏股份、华凯易佰、南极电商、壹网壹创
商贸零售,旅游零售,1,2,2,1,中国中免、珠免集团
商贸零售,贸易,0,4,4,4,中信金属、苏美达、怡 亚 通、凯瑞德
国防军工,军工电子,13,37,8,0,中航成飞、睿创微纳、中航光电、华丰科技、高德红外、国博电子、国睿科技、航天电器
国防军工,地面兵装,1,11,8,7,长城军工、内蒙一机、中兵红箭、北方导航、光电股份、国科军工、北方长龙、银河电子
国防军工,航天装备,4,7,7,3,中国卫通、电科蓝天、中国卫星、航天电子、航天环宇、中天火箭、星网宇达
国防军工,航海装备,5,9,8,3,中国船舶、松发股份、中船防务、中国海防、海兰信、天海防务、亚星锚链、江龙船艇
国防军工,航空装备,8,34,8,0,中航沈飞、航发动力、中航西飞、光启技术、中航机载、菲利华、西部超导、中无人机
基础化工,农化制品,8,39,8,0,盐湖股份、华鲁恒升、云天化、亚钾国际、兴发集团、宏达股份、扬农化工、东方铁塔
基础化工,化学制品,13,76,8,0,万华化学、巨化股份、新 和 成、昊华科技、多氟多、合盛硅业、浙江龙盛、三美股份
基础化工,化学原料,4,34,8,4,宝丰能源、卫星化学、君正集团、龙佰集团、振华股份、三祥新材、鲁西化工、博源化工
基础化工,化学纤维,3,13,8,5,华峰化学、中复神鹰、新凤鸣、XD天富龙、皖维高新、新乡化纤、泰和新材、吉林化纤
基础化工,塑料,4,40,8,4,上纬新材、东材科技、斯迪克、蓝晓科技、圣泉集团、金发科技、佛塑科技、国恩股份
基础化工,橡胶,1,7,7,6,彤程新材、科创新源、黑猫股份、天铁科技、震安科技、阳谷华泰、三 力 士
基础化工,非金属材料,1,5,5,4,联瑞新材、石英股份、力量钻石、坤彩科技、索通发展
家用电器,厨卫电器,0,4,4,4,老板电器、日出东方、万和电气、亿田智能
家用电器,家电零部件,3,14,8,5,三花智控、禾盛新材、盾安环境、海立股份、天银机电、华翔股份、同星科技、金海高科
家用电器,小家电,2,6,6,4,石头科技、科沃斯、莱克电气、九阳股份、爱仕达、彩虹集团
家用电器,照明设备,0,5,5,5,民爆光电、立达信、联域股份、勤上股份、海洋王
家用电器,白色家电,3,5,5,2,美的集团、格力电器、海尔智家、海信家电、TCL智家
家用电器,黑色家电,3,8,8,5,兆驰股份、海信视像、四川长虹、四川九洲、创维数字、极米科技、九联科技、高斯贝尔
建筑材料,水泥,4,6,6,2,海螺水泥、华新建材、上峰材料、西藏天路、宁夏建材、福建水泥
建筑材料,玻璃玻纤,3,10,8,5,中国巨石、宏和科技、国际复材、中材科技、旗滨集团、再升科技、山东玻纤、长海股份
建筑材料,装修建材,3,11,8,5,北新建材、东方雨虹、三棵树、兔 宝 宝、万里石、中旗新材、凯伦股份、开尔新材
建筑装饰,专业工程,2,19,8,6,中国中冶、中国化学、亚翔集成、中材国际、深桑达Ａ、罗曼股份、鸿路钢构、柏诚股份
建筑装饰,基础建设,2,18,8,6,中国能建、中国中铁、中国交建、中国铁建、中国电建、四川路桥、中国核建、隧道股份
建筑装饰,工程咨询服务,1,12,8,7,太极实业、华建集团、深城交、中国瑞林、地铁设计、矩阵股份、中粮科工、甘咨询
建筑装饰,房屋建设,1,5,5,4,中国建筑、高新发展、上海建工、浙江建投、宁波建工
建筑装饰,装修装饰,0,10,8,8,江河集团、金 螳 螂、东易日盛、海南发展、宝鹰股份、德才股份、中天精装、郑中设计
房地产,房地产开发,13,36,8,0,招商蛇口、保利发展、陆家嘴、张江高科、万 科Ａ、先导基电、海南机场、万通发展
房地产,房地产服务,0,3,3,3,我爱我家、世联行、特发服务
有色金属,小金属,11,23,8,0,中钨高新、北方稀土、中国铀业、厦门钨业、金钼股份、云南锗业、中国稀土、锡业股份
有色金属,工业金属,10,49,8,0,紫金矿业、洛阳钼业、宏桥控股、中国铝业、江西铜业、云铝股份、西部矿业、铜陵有色
有色金属,能源金属,7,12,8,1,藏格矿业、赣锋锂业、天齐锂业、华友钴业、博迁新材、盛新锂能、永兴材料、腾远钴业
有色金属,贵金属,6,11,8,2,山东黄金、中金黄金、赤峰黄金、山金国际、湖南黄金、湖南白银、西部黄金、四川黄金
有色金属,金属新材料,1,19,8,7,金力永磁、铂科新材、斯瑞新材、龙磁科技、江南新材、博威合金、安泰科技、中科三环
机械设备,专用设备,13,73,8,0,大族数控、杰瑞股份、英维克、芯碁微装、豪迈科技、科达制造、中创智领、日联科技
机械设备,工程机械,7,17,8,1,三一重工、恒立液压、徐工机械、中联重科、杭叉集团、浙江鼎力、艾迪精密、柳 工
机械设备,自动化设备,13,49,8,0,宇树科技-W、汇川技术、华工科技、罗博特科、大族激光、中控技术、绿的谐波、杰普特
机械设备,轨交设备,2,8,8,6,中国中车、时代电气、中国通号、九州一轨、中国铁物、时代新材、永贵电器、众合科技
机械设备,通用设备,17,114,8,0,联讯仪器、鼎泰高科、精测电子、中集集团、精智达、国仪公司-U、申菱环境、华曙高科
汽车,乘用车,5,8,8,3,比亚迪、上汽集团、长城汽车、赛力斯、长安汽车、广汽集团、北汽蓝谷、海马汽车
汽车,商用车,1,7,7,6,宇通客车、江淮汽车、中国重汽、福田汽车、中集车辆、金龙汽车、中通客车
汽车,摩托车及其他,1,8,8,7,春风动力、千里科技、隆鑫通用、九号公司-WD、涛涛车业、爱玛科技、征和工业、绿通科技
汽车,汽车服务,0,1,1,1,阿尔特
汽车,汽车零部件,4,96,8,4,潍柴动力、福耀玻璃、拓普集团、华域汽车、赛轮轮胎、中策橡胶、万向钱潮、银轮股份
煤炭,焦炭,1,6,6,5,美锦能源、山西焦化、陕西黑猫、宝泰隆、云煤能源、安泰集团
煤炭,煤炭开采,14,27,8,0,中国神华、陕西煤业、兖矿能源、中煤能源、电投能源、潞安环能、淮北矿业、山西焦煤
环保,环保设备,0,9,8,8,盈峰环境、紫金龙净、华宏科技、恒誉科技、创元科技、先河环保、严牌股份、龙源技术
环保,环境治理,1,33,8,7,电投水电、伟明环保、浙富控股、高能环境、瀚蓝环境、兴蓉环境、首创环保、中山公用
电力设备,光伏设备,15,42,8,0,阳光电源、德业股份、隆基绿能、迈为股份、晶盛机电、通威股份、微导纳米、晶科能源
电力设备,其他电源设备,4,19,8,4,上海电气、东方电气、中国动力、麦格米特、欧陆通、海博思创、科华数据、科士达
电力设备,电机,3,13,8,5,卧龙电驱、三瑞智能、鸣志电器、兆威机电、大洋电机、江特电机、江苏雷利、湘电股份
电力设备,电池,21,70,8,0,宁德时代、亿纬锂能、铜冠铜箔、德福科技、天赐材料、新宙邦、先导智能、科达利
电力设备,电网设备,14,77,8,0,国电南瑞、思源电气、特变电工、中国西电、宏发股份、正泰电器、远东股份、特锐德
电力设备,风电设备,2,17,8,6,金风科技、大金重工、明阳智能、天顺风能、禾望电气、中船科技、新强联、电气风电
电子,元件,16,57,8,0,生益科技、东山精密、深南电路、三环集团、沪电股份、胜宏科技、鹏鼎控股、嘉立创
电子,光学光电子,13,61,8,0,京东方Ａ、惠科股份、TCL科技、三安光电、奥比中光-W、水晶光电、腾景科技、彩虹股份
电子,其他电子,4,28,8,4,香农芯创、洁美科技、旭光电子、深圳华强、沃尔核材、瑞可达、英唐智控、中电港
电子,半导体,68,162,8,0,长鑫科技、中芯国际、寒武纪、海光信息、北方华创、华虹宏力、中微公司、兆易创新
电子,消费电子,10,68,8,0,工业富联、立讯精密、蓝思科技、协创数据、华勤技术、领益智造、歌尔股份、安克创新
电子,电子化学品,17,33,8,0,国瓷材料、鼎龙股份、安集科技、广钢气体、天通股份、南大光电、中巨芯-U、中石科技
石油石化,油服工程,2,9,8,6,中海油服、石化油服、海油发展、海油工程、中油工程、潜能恒信、中曼石油、通源石油
石油石化,油气开采,1,3,3,2,中国海油、新潮能源、蓝焰控股
石油石化,炼化及贸易,5,20,8,3,XD中国石、中国石化、荣盛石化、恒力石化、东方盛虹、恒逸石化、桐昆股份、广汇能源
社会服务,专业服务,0,9,8,8,华测检测、胜科纳米、信测标准、苏试试验、实朴检测、中钢天源、联检科技、天溯计量
社会服务,体育,0,1,1,1,中体产业
社会服务,教育,0,7,7,7,中公教育、科德教育、国脉科技、创业黑马、博瑞传播、学大教育、传智教育
社会服务,旅游及景区,1,20,8,7,宋城演艺、长白山、黄山旅游、岭南控股、凯撒旅业、陕西旅游、张家界、大连圣亚
社会服务,酒店餐饮,2,5,5,3,锦江酒店、首旅酒店、华天酒店、西安饮食、君亭酒店
纺织服饰,服装家纺,1,17,8,7,雅戈尔、海澜之家、比音勒芬、探路者、天创时尚、红豆股份、朗姿股份、七 匹 狼
纺织服饰,纺织制造,0,6,6,6,伟星股份、孚日股份、聚杰微纤、华孚时尚、兴业科技、富春染织
纺织服饰,饰品,1,10,8,7,XD中国黄、周大生、菜百股份、迪阿股份、潮宏基、飞亚达、金一文化、深中华A
综合,综合,1,9,8,7,东阳光、粤桂股份、综艺股份、南京新百、特 力Ａ、红棉股份、亚泰集团、漳州发展
美容护理,个护用品,0,1,1,1,百亚股份
美容护理,化妆品,0,6,6,6,珀莱雅、贝泰妮、上海家化、丸美生物、水羊股份、青岛金王
美容护理,医疗美容,1,1,1,0,爱美客
计算机,IT服务,11,68,8,0,紫光股份、南网数字、宝信软件、软通动力、宏景科技、网宿科技、岩山科技、中国软件
计算机,计算机设备,9,45,8,0,海康威视、中科曙光、浪潮信息、大华股份、中国长城、柏楚电子、智微智能、奔图科技
计算机,软件开发,17,73,8,0,同花顺、金山办公、科大讯飞、三六零、深信服、指南针、德赛西威、华大九天
轻工制造,包装印刷,1,12,8,7,裕同科技、金富科技、嘉美包装、奥瑞金、紫江企业、顺灏股份、美盈森、大胜达
轻工制造,家居用品,1,20,8,7,公牛集团、顾家家居、欧派家居、悍高集团、菲林格尔、亚振家居、匠心家居、致欧科技
轻工制造,文娱用品,0,4,4,4,晨光股份、高乐股份、舒华体育、实丰文化
轻工制造,造纸,0,6,6,6,太阳纸业、仙鹤股份、青山纸业、岳阳林纸、景兴纸业、安妮股份
通信,通信服务,5,25,8,3,中国移动、中国电信、中国联通、润泽科技、数据港、光环新网、奥飞数据、润建股份
通信,通信设备,22,68,8,0,中际旭创、新易盛、长飞光纤、天孚通信、亨通光电、中兴通讯、光迅科技、锐捷网络
钢铁,冶钢原料,2,7,7,5,鄂尔多斯、大中矿业、钒钛股份、方大炭素、海南矿业、河钢资源、宝地矿业
钢铁,普钢,5,10,8,3,XD宝钢股、包钢股份、首钢股份、华菱钢铁、河钢股份、杭钢股份、马钢股份、新兴铸管
钢铁,特钢,4,8,8,4,中信特钢、XD南钢股、太钢不锈、久立特材、甬金股份、抚顺特钢、金洲管道、常宝股份
银行,农商行,1,9,8,7,沪农商行、渝农商行、常熟银行、青农商行、无锡银行、江阴银行、张家港行、苏农银行
银行,国有大型银行,4,6,6,2,工商银行、建设银行、农业银行、中国银行、交通银行、邮储银行
银行,城商行,6,17,8,2,宁波银行、江苏银行、南京银行、上海银行、杭州银行、北京银行、成都银行、齐鲁银行
银行,股份制银行,7,9,8,1,招商银行、中信银行、兴业银行、浦发银行、平安银行、光大银行、民生银行、华夏银行
非银金融,保险,4,5,5,1,中国人寿、中国平安、中国人保、中国太保、新华保险
非银金融,多元金融,0,20,8,8,中油资本、江苏金租、越秀资本、国网英大、渤海租赁、建元信托、五矿资本、中粮资本
非银金融,证券,13,50,8,0,中信证券、国泰海通、东方财富、中信建投、华泰证券、广发证券、中金公司、招商证券
食品饮料,休闲食品,0,3,3,3,盐津铺子、来伊份、桂发祥
食品饮料,白酒,7,14,8,1,贵州茅台、五 粮 液、山西汾酒、泸州老窖、洋河股份、古井贡酒、今世缘、迎驾贡酒
食品饮料,调味发酵品,2,8,8,6,海天味业、安琪酵母、莲花控股、中炬高新、天味食品、涪陵榨菜、千禾味业、安记食品
食品饮料,非白酒,3,7,7,4,青岛啤酒、燕京啤酒、百润股份、重庆啤酒、会稽山、古越龙山、威龙股份
食品饮料,食品加工,3,13,8,5,双汇发展、安井食品、汤臣倍健、华宝股份、金禾实业、洽洽食品、金字火腿、华统股份
食品饮料,饮料乳品,2,10,8,6,伊利股份、东鹏饮料、养元饮品、一鸣食品、妙可蓝多、承德露露、欢乐家、维维股份
